{
    "resnet34": {
        "top_1_accuracy": 0.5306122448979592,
        "top_5_accuracy": 0.9183673469387755
    },
    "resnet50": {
        "top_1_accuracy": 0.7959183673469388,
        "top_5_accuracy": 0.9387755102040817
    },
    "resnet101": {
        "top_1_accuracy": 0.7551020408163265,
        "top_5_accuracy": 0.9795918367346939
    },
    "inception_v3": {
        "top_1_accuracy": 0.8367346938775511,
        "top_5_accuracy": 1.0
    },
    "inception_v4": {
        "top_1_accuracy": 0.6938775510204082,
        "top_5_accuracy": 0.9183673469387755
    },
    "efficientnetv2_rw_s": {
        "top_1_accuracy": 0.9795918367346939,
        "top_5_accuracy": 1.0
    },
    "efficientnetv2_rw_m": {
        "top_1_accuracy": 1.0,
        "top_5_accuracy": 1.0
    },
    "efficientnet_b2": {
        "top_1_accuracy": 0.7142857142857143,
        "top_5_accuracy": 0.9795918367346939
    },
    "efficientnet_b3": {
        "top_1_accuracy": 0.8979591836734694,
        "top_5_accuracy": 1.0
    },
    "efficientnet_b4": {
        "top_1_accuracy": 0.8775510204081632,
        "top_5_accuracy": 1.0
    },
    "average": {
        "top_1_accuracy": 0.8081632653061224,
        "top_5_accuracy": 0.9734693877551021
    }
}