,top_1_accuracy,top_5_accuracy
ssl_resnet50,0.7346938775510204,1.0
convnext_small,0.9591836734693877,1.0
convnext_base,1.0,1.0
convnext_large,0.9387755102040817,1.0
convnext_xlarge,0.8979591836734694,1.0
convnextv2_base,0.9795918367346939,1.0
convnextv2_large,1.0,1.0
average,0.9300291545189505,1.0
