,top_1_accuracy,top_5_accuracy
ssl_resnet50,0.38862730894603403,0.6843534951104672
convnext_small,0.49818906193408186,0.8004346251358203
convnext_base,0.5445490764215863,0.82234697573343
convnext_large,0.5519739224918507,0.8326693227091634
convnext_xlarge,0.5137631293009779,0.8417240130387541
convnextv2_base,0.5459978268743209,0.8107569721115537
convnextv2_large,0.586925027164071,0.8237957261861645
average,0.5185750504475604,0.8022973042893362
