{
    "resnet34": {
        "top_1_accuracy": 0.3378598587724063,
        "top_5_accuracy": 0.4859677711388738
    },
    "resnet50": {
        "top_1_accuracy": 0.3668296215824733,
        "top_5_accuracy": 0.6380590258917255
    },
    "resnet101": {
        "top_1_accuracy": 0.45464421510048886,
        "top_5_accuracy": 0.6154263986963606
    },
    "inception_v3": {
        "top_1_accuracy": 0.44577222523990584,
        "top_5_accuracy": 0.5926127104834329
    },
    "inception_v4": {
        "top_1_accuracy": 0.4830707948578671,
        "top_5_accuracy": 0.6233930834691291
    },
    "efficientnetv2_rw_s": {
        "top_1_accuracy": 0.4892268694550063,
        "top_5_accuracy": 0.6597863479992757
    },
    "efficientnetv2_rw_m": {
        "top_1_accuracy": 0.5489770052507695,
        "top_5_accuracy": 0.7188122397247872
    },
    "efficientnet_b2": {
        "top_1_accuracy": 0.40105015390186494,
        "top_5_accuracy": 0.5448126018468223
    },
    "efficientnet_b3": {
        "top_1_accuracy": 0.47582835415535035,
        "top_5_accuracy": 0.6585189208763353
    },
    "efficientnet_b4": {
        "top_1_accuracy": 0.4975556762629006,
        "top_5_accuracy": 0.6854970124932103
    },
    "average": {
        "top_1_accuracy": 0.4500814774579034,
        "top_5_accuracy": 0.6222886112619953
    }
}