,top_1_accuracy,top_5_accuracy
ssl_resnet50,0.42820930653630274,0.6096324461343473
convnext_small,0.5962339308346913,0.7602752127466956
convnext_base,0.6387832699619772,0.7939525620133985
convnext_large,0.6653992395437263,0.8093427485062467
convnext_xlarge,0.6768060836501901,0.8026434908564186
convnextv2_base,0.6378779648741626,0.7798298026434909
convnextv2_large,0.6469310157523085,0.7988412094875973
average,0.6128915444504798,0.7649310674840278
