{
    "vit_small_patch16_224": {
        "top_1_accuracy": 0.31957269599855154,
        "top_5_accuracy": 0.5229042187217092
    },
    "vit_small_patch32_224": {
        "top_1_accuracy": 0.22723157704146296,
        "top_5_accuracy": 0.39054861488321563
    },
    "vit_base_patch16_224": {
        "top_1_accuracy": 0.5205504254933913,
        "top_5_accuracy": 0.7718631178707225
    },
    "vit_base_patch32_224": {
        "top_1_accuracy": 0.26597863479992756,
        "top_5_accuracy": 0.4608002896976281
    },
    "vit_large_patch16_224": {
        "top_1_accuracy": 0.5053413000181061,
        "top_5_accuracy": 0.6628643852978454
    },
    "vit_large_patch32_384": {
        "top_1_accuracy": 0.3081658518920876,
        "top_5_accuracy": 0.49339127285895346
    },
    "beit_base_patch16_224": {
        "top_1_accuracy": 0.4875973202969401,
        "top_5_accuracy": 0.6724606192286801
    },
    "beit_large_patch16_224": {
        "top_1_accuracy": 0.5620133985152996,
        "top_5_accuracy": 0.7309433279015028
    },
    "beitv2_base_patch16_224": {
        "top_1_accuracy": 0.594785442694188,
        "top_5_accuracy": 0.7591888466413181
    },
    "beitv2_large_patch16_224": {
        "top_1_accuracy": 0.6634075683505342,
        "top_5_accuracy": 0.7957631721890277
    },
    "beit3_base_patch16_224": {
        "top_1_accuracy": 0.43382219808075323,
        "top_5_accuracy": 0.752851711026616
    },
    "beit3_large_patch16_224": {
        "top_1_accuracy": 0.550063371356147,
        "top_5_accuracy": 0.8022813688212928
    },
    "deit_small_patch16_224": {
        "top_1_accuracy": 0.39742893355060654,
        "top_5_accuracy": 0.6349809885931559
    },
    "deit_base_patch16_224": {
        "top_1_accuracy": 0.44577222523990584,
        "top_5_accuracy": 0.6463878326996197
    },
    "deit3_small_patch16_224": {
        "top_1_accuracy": 0.45536845917074054,
        "top_5_accuracy": 0.6456635886293681
    },
    "deit3_medium_patch16_224": {
        "top_1_accuracy": 0.4776389643309795,
        "top_5_accuracy": 0.6869455006337135
    },
    "deit3_base_patch16_224": {
        "top_1_accuracy": 0.5480717001629549,
        "top_5_accuracy": 0.7273221075502444
    },
    "deit3_large_patch16_224": {
        "top_1_accuracy": 0.43780554046713743,
        "top_5_accuracy": 0.7485062466051059
    },
    "average": {
        "top_1_accuracy": 0.4555897559699841,
        "top_5_accuracy": 0.6614259561027622
    }
}