,top_1_accuracy,top_5_accuracy
ssl_resnet50,0.8775510204081632,1.0
convnext_small,0.9183673469387755,1.0
convnext_base,1.0,1.0
convnext_large,1.0,1.0
convnext_xlarge,1.0,1.0
convnextv2_base,0.8775510204081632,1.0
convnextv2_large,0.8979591836734694,1.0
average,0.9387755102040817,1.0
