{
    "resnet34": {
        "top_1_accuracy": 0.5085083272990587,
        "top_5_accuracy": 0.7045619116582187
    },
    "resnet50": {
        "top_1_accuracy": 0.5727733526430123,
        "top_5_accuracy": 0.7445691527878349
    },
    "resnet101": {
        "top_1_accuracy": 0.5926864590876176,
        "top_5_accuracy": 0.7597755249818972
    },
    "inception_v3": {
        "top_1_accuracy": 0.5391020999275887,
        "top_5_accuracy": 0.719044170890659
    },
    "inception_v4": {
        "top_1_accuracy": 0.5839971035481535,
        "top_5_accuracy": 0.7677407675597393
    },
    "efficientnetv2_rw_s": {
        "top_1_accuracy": 0.5905141202027516,
        "top_5_accuracy": 0.7666545981173063
    },
    "efficientnetv2_rw_m": {
        "top_1_accuracy": 0.6583997103548154,
        "top_5_accuracy": 0.8305575669804489
    },
    "efficientnet_b2": {
        "top_1_accuracy": 0.5092324402606807,
        "top_5_accuracy": 0.7092686459087618
    },
    "efficientnet_b3": {
        "top_1_accuracy": 0.5910572049239682,
        "top_5_accuracy": 0.7775162925416365
    },
    "efficientnet_b4": {
        "top_1_accuracy": 0.6281679942070963,
        "top_5_accuracy": 0.8062997827661115
    },
    "average": {
        "top_1_accuracy": 0.5774438812454743,
        "top_5_accuracy": 0.7585988414192615
    }
}