,top_1_accuracy,top_5_accuracy
ssl_resnet50,0.5791093410572049,0.7717233888486604
convnext_small,0.6497103548153512,0.808653149891383
convnext_base,0.6994931209268646,0.8530050687907313
convnext_large,0.7203113685734974,0.8602461984069515
convnext_xlarge,0.7315351194786387,0.8758146270818248
convnextv2_base,0.6994931209268646,0.8425054308472122
convnextv2_large,0.7145184648805214,0.8533671252715423
average,0.6848815558084204,0.8379021413054721
