,top_1_accuracy,top_5_accuracy
ssl_resnet50,0.5417799528729382,0.7292006525285482
convnext_small,0.5615370672466921,0.747326445531992
convnext_base,0.628783759289469,0.7833967736088454
convnext_large,0.6757295631683886,0.8323364147181439
convnext_xlarge,0.6876925865506616,0.8430306325901759
convnextv2_base,0.6231647634584013,0.7819467101685699
convnextv2_large,0.6653978611564256,0.8078665941634946
average,0.6262979362489967,0.7893006033299671
