,top_1_accuracy,top_5_accuracy
ssl_resnet50,0.5092357841361825,0.7183991307497284
convnext_small,0.6242303513219848,0.8007968127490039
convnext_base,0.6783773994929373,0.8375588554871424
convnext_large,0.6941325606664253,0.8482433900760594
convnext_xlarge,0.7098877218399131,0.8585657370517928
convnextv2_base,0.6655197392249185,0.8341180731618979
convnextv2_large,0.6847156827236508,0.8391886997464687
average,0.652299891343716,0.8195529570031563
