,top_1_accuracy,top_5_accuracy
ssl_resnet50,0.5628504250316513,0.7542051003798155
convnext_small,0.6534635557967082,0.8234762163139808
convnext_base,0.7093506963284499,0.8533188641707361
convnext_large,0.7173087357569181,0.8607343100018087
convnext_xlarge,0.7433532284319045,0.8777355760535359
convnextv2_base,0.6869234943027672,0.8401157533007777
convnextv2_large,0.6954241273286309,0.8377645143787303
average,0.6812391804252901,0.8353357620856263
