,top_1_accuracy,top_5_accuracy
ssl_resnet50,0.45327779789931183,0.6932270916334662
convnext_small,0.6193408185440058,0.7797899311843535
convnext_base,0.6417964505613908,0.8011590003621876
convnext_large,0.6939514668598334,0.8312205722564289
convnext_xlarge,0.6792828685258964,0.8333936979355306
convnextv2_base,0.6392611372691054,0.811481347337921
convnextv2_large,0.6886997464686708,0.81836291198841
average,0.6308014694468878,0.7955192218140424
