{
    "ssl_resnet50": {
        "top_1_accuracy": 0.45327779789931183,
        "top_5_accuracy": 0.6932270916334662
    },
    "convnext_small": {
        "top_1_accuracy": 0.6193408185440058,
        "top_5_accuracy": 0.7797899311843535
    },
    "convnext_base": {
        "top_1_accuracy": 0.6417964505613908,
        "top_5_accuracy": 0.8011590003621876
    },
    "convnext_large": {
        "top_1_accuracy": 0.6939514668598334,
        "top_5_accuracy": 0.8312205722564289
    },
    "convnext_xlarge": {
        "top_1_accuracy": 0.6792828685258964,
        "top_5_accuracy": 0.8333936979355306
    },
    "convnextv2_base": {
        "top_1_accuracy": 0.6392611372691054,
        "top_5_accuracy": 0.811481347337921
    },
    "convnextv2_large": {
        "top_1_accuracy": 0.6886997464686708,
        "top_5_accuracy": 0.81836291198841
    },
    "average": {
        "top_1_accuracy": 0.6308014694468878,
        "top_5_accuracy": 0.7955192218140424
    }
}