{
    "resnet34": {
        "top_1_accuracy": 0.4211193624343416,
        "top_5_accuracy": 0.5633037493207752
    },
    "resnet50": {
        "top_1_accuracy": 0.49990943669625065,
        "top_5_accuracy": 0.6576707118275674
    },
    "resnet101": {
        "top_1_accuracy": 0.5526172794783554,
        "top_5_accuracy": 0.7116464408621627
    },
    "inception_v3": {
        "top_1_accuracy": 0.48451367505886617,
        "top_5_accuracy": 0.6531425466401014
    },
    "inception_v4": {
        "top_1_accuracy": 0.5540662923383445,
        "top_5_accuracy": 0.7105596812171708
    },
    "efficientnetv2_rw_s": {
        "top_1_accuracy": 0.5381271508784641,
        "top_5_accuracy": 0.7105596812171708
    },
    "efficientnetv2_rw_m": {
        "top_1_accuracy": 0.6100344140554247,
        "top_5_accuracy": 0.7775765259916682
    },
    "efficientnet_b2": {
        "top_1_accuracy": 0.46096721608404273,
        "top_5_accuracy": 0.6391957978627061
    },
    "efficientnet_b3": {
        "top_1_accuracy": 0.5459155950009056,
        "top_5_accuracy": 0.7161746060496287
    },
    "efficientnet_b4": {
        "top_1_accuracy": 0.5672885346857454,
        "top_5_accuracy": 0.7330193805470023
    },
    "average": {
        "top_1_accuracy": 0.523455895671074,
        "top_5_accuracy": 0.6872849121535953
    }
}