,top_1_accuracy,top_5_accuracy
ssl_resnet50,0.48288353559137837,0.6647346495200145
convnext_small,0.6364788987502265,0.8040210106864698
convnext_base,0.6734287266799492,0.815069733743887
convnext_large,0.7000543379822496,0.8355370403912334
convnext_xlarge,0.7034957435247238,0.8230393044738272
convnextv2_base,0.6612932439775403,0.8047455171164644
convnextv2_large,0.6803115377648976,0.8118094548089114
average,0.6482780034672808,0.7941366729629725
