,top_1_accuracy,top_5_accuracy
ssl_resnet50,0.33822198080753213,0.6556219445953286
convnext_small,0.42386384211479267,0.7512221618685497
convnext_base,0.4240449031323556,0.7892449755567627
convnext_large,0.42784718450117687,0.8086185044359949
convnext_xlarge,0.42911461162411735,0.8077131993481803
convnextv2_base,0.4770957812782908,0.7606373347818215
convnextv2_large,0.3825819301104472,0.7745790331341662
average,0.4146814619383875,0.7639481648172577
