{
    "vit_small_patch16_224": {
        "top_1_accuracy": 0.19916711931921058,
        "top_5_accuracy": 0.5335868187579215
    },
    "vit_small_patch32_224": {
        "top_1_accuracy": 0.1761723700887199,
        "top_5_accuracy": 0.38022813688212925
    },
    "vit_base_patch16_224": {
        "top_1_accuracy": 0.10320478001086367,
        "top_5_accuracy": 0.7604562737642585
    },
    "vit_base_patch32_224": {
        "top_1_accuracy": 0.15064276661234835,
        "top_5_accuracy": 0.4569980083288068
    },
    "vit_large_patch16_224": {
        "top_1_accuracy": 0.18938982437081298,
        "top_5_accuracy": 0.5810248053594061
    },
    "vit_large_patch32_384": {
        "top_1_accuracy": 0.21310881767155532,
        "top_5_accuracy": 0.47220713380409196
    },
    "beit_base_patch16_224": {
        "top_1_accuracy": 0.3040014484881405,
        "top_5_accuracy": 0.6648560564910375
    },
    "beit_large_patch16_224": {
        "top_1_accuracy": 0.35180155712475103,
        "top_5_accuracy": 0.7313054499366286
    },
    "beitv2_base_patch16_224": {
        "top_1_accuracy": 0.3175810248053594,
        "top_5_accuracy": 0.7419880499728408
    },
    "beitv2_large_patch16_224": {
        "top_1_accuracy": 0.37389100126742714,
        "top_5_accuracy": 0.7716820568531595
    },
    "beit3_base_patch16_224": {
        "top_1_accuracy": 0.1819663226507333,
        "top_5_accuracy": 0.7687850805721528
    },
    "beit3_large_patch16_224": {
        "top_1_accuracy": 0.2312149194278472,
        "top_5_accuracy": 0.8278109722976643
    },
    "deit_small_patch16_224": {
        "top_1_accuracy": 0.24968314321926488,
        "top_5_accuracy": 0.6382400869092885
    },
    "deit_base_patch16_224": {
        "top_1_accuracy": 0.26290059750135797,
        "top_5_accuracy": 0.6512764801738186
    },
    "deit3_small_patch16_224": {
        "top_1_accuracy": 0.4327358319753757,
        "top_5_accuracy": 0.7086728227412638
    },
    "deit3_medium_patch16_224": {
        "top_1_accuracy": 0.37914177077675176,
        "top_5_accuracy": 0.7074053956183234
    },
    "deit3_base_patch16_224": {
        "top_1_accuracy": 0.4595328625746877,
        "top_5_accuracy": 0.7584646025710664
    },
    "deit3_large_patch16_224": {
        "top_1_accuracy": 0.3342386384211479,
        "top_5_accuracy": 0.74814412456998
    },
    "average": {
        "top_1_accuracy": 0.2727985997947975,
        "top_5_accuracy": 0.6612851308668799
    }
}