,top_1_accuracy,top_5_accuracy
ssl_resnet50,0.0,0.7346938775510204
convnext_small,0.32653061224489793,0.9387755102040817
convnext_base,0.7346938775510204,0.8979591836734694
convnext_large,0.22448979591836735,0.8571428571428571
convnext_xlarge,0.7346938775510204,0.9591836734693877
convnextv2_base,0.3673469387755102,0.9183673469387755
convnextv2_large,0.7755102040816326,1.0
average,0.45189504373177847,0.9008746355685132
