{
    "ssl_resnet50": {
        "top_1_accuracy": 0.0,
        "top_5_accuracy": 0.7346938775510204
    },
    "convnext_small": {
        "top_1_accuracy": 0.32653061224489793,
        "top_5_accuracy": 0.9387755102040817
    },
    "convnext_base": {
        "top_1_accuracy": 0.7346938775510204,
        "top_5_accuracy": 0.8979591836734694
    },
    "convnext_large": {
        "top_1_accuracy": 0.22448979591836735,
        "top_5_accuracy": 0.8571428571428571
    },
    "convnext_xlarge": {
        "top_1_accuracy": 0.7346938775510204,
        "top_5_accuracy": 0.9591836734693877
    },
    "convnextv2_base": {
        "top_1_accuracy": 0.3673469387755102,
        "top_5_accuracy": 0.9183673469387755
    },
    "convnextv2_large": {
        "top_1_accuracy": 0.7755102040816326,
        "top_5_accuracy": 1.0
    },
    "average": {
        "top_1_accuracy": 0.45189504373177847,
        "top_5_accuracy": 0.9008746355685132
    }
}