{
    "vit_small_patch16_224": {
        "top_1_accuracy": 0.02040816326530612,
        "top_5_accuracy": 0.24489795918367346
    },
    "vit_small_patch32_224": {
        "top_1_accuracy": 0.0,
        "top_5_accuracy": 0.20408163265306123
    },
    "vit_base_patch16_224": {
        "top_1_accuracy": 0.7142857142857143,
        "top_5_accuracy": 0.9795918367346939
    },
    "vit_base_patch32_224": {
        "top_1_accuracy": 0.0,
        "top_5_accuracy": 0.08163265306122448
    },
    "vit_large_patch16_224": {
        "top_1_accuracy": 0.2857142857142857,
        "top_5_accuracy": 0.9591836734693877
    },
    "vit_large_patch32_384": {
        "top_1_accuracy": 0.0,
        "top_5_accuracy": 0.04081632653061224
    },
    "beit_base_patch16_224": {
        "top_1_accuracy": 0.0,
        "top_5_accuracy": 0.5510204081632653
    },
    "beit_large_patch16_224": {
        "top_1_accuracy": 0.3673469387755102,
        "top_5_accuracy": 0.9387755102040817
    },
    "beitv2_base_patch16_224": {
        "top_1_accuracy": 0.5510204081632653,
        "top_5_accuracy": 1.0
    },
    "beitv2_large_patch16_224": {
        "top_1_accuracy": 0.3877551020408163,
        "top_5_accuracy": 1.0
    },
    "beit3_base_patch16_224": {
        "top_1_accuracy": 0.1836734693877551,
        "top_5_accuracy": 0.7551020408163265
    },
    "beit3_large_patch16_224": {
        "top_1_accuracy": 0.6530612244897959,
        "top_5_accuracy": 0.8979591836734694
    },
    "deit_small_patch16_224": {
        "top_1_accuracy": 0.32653061224489793,
        "top_5_accuracy": 0.46938775510204084
    },
    "deit_base_patch16_224": {
        "top_1_accuracy": 0.22448979591836735,
        "top_5_accuracy": 0.6122448979591837
    },
    "deit3_small_patch16_224": {
        "top_1_accuracy": 0.16326530612244897,
        "top_5_accuracy": 0.5510204081632653
    },
    "deit3_medium_patch16_224": {
        "top_1_accuracy": 0.22448979591836735,
        "top_5_accuracy": 0.6122448979591837
    },
    "deit3_base_patch16_224": {
        "top_1_accuracy": 0.0,
        "top_5_accuracy": 0.5102040816326531
    },
    "deit3_large_patch16_224": {
        "top_1_accuracy": 0.42857142857142855,
        "top_5_accuracy": 0.8775510204081632
    },
    "average": {
        "top_1_accuracy": 0.25170068027210885,
        "top_5_accuracy": 0.626984126984127
    }
}