,top_1_accuracy,top_5_accuracy
ssl_resnet50,0.5654772686107589,0.7647165368592647
convnext_small,0.6821228038398841,0.8429632312986778
convnext_base,0.7212461510595907,0.875747147255932
convnext_large,0.7511320412968665,0.8880637565658395
convnext_xlarge,0.7551168266618367,0.8983879731932621
convnextv2_base,0.6875566020648434,0.8411519652236914
convnextv2_large,0.7317514942945119,0.8685020829559862
average,0.6992004554040417,0.8542189561932362
