,top_1_accuracy,top_5_accuracy
ssl_resnet50,0.6015568428674873,0.7970673425054309
convnext_small,0.6683562635771181,0.8300144822592325
convnext_base,0.7074583635047067,0.8584359160028965
convnext_large,0.7393193338160753,0.8861332367849385
convnext_xlarge,0.7577842143374366,0.889210716871832
convnextv2_base,0.7031136857349747,0.8524619840695149
convnextv2_large,0.723750905141202,0.8586169442433019
average,0.7001913727112858,0.8531343746767351
