,top_1_accuracy,top_5_accuracy
ssl_resnet50,0.618158753171439,0.8133381660021747
convnext_small,0.6882928597317869,0.85773831098224
convnext_base,0.7281623776730699,0.8776730699528815
convnext_large,0.7401232330554549,0.8874592243566509
convnext_xlarge,0.7560710402319681,0.8974266038419717
convnextv2_base,0.7143892714751722,0.8687930409568684
convnextv2_large,0.716201522290685,0.864081188836535
average,0.7087712939470823,0.8666442292756175
