{
    "resnet34": {
        "top_1_accuracy": 0.39637352674524023,
        "top_5_accuracy": 0.5588395285584769
    },
    "resnet50": {
        "top_1_accuracy": 0.49465095194922937,
        "top_5_accuracy": 0.6397098821396192
    },
    "resnet101": {
        "top_1_accuracy": 0.5011786038077969,
        "top_5_accuracy": 0.6596554850407979
    },
    "inception_v3": {
        "top_1_accuracy": 0.42320942883046236,
        "top_5_accuracy": 0.5824116047144152
    },
    "inception_v4": {
        "top_1_accuracy": 0.45675430643699005,
        "top_5_accuracy": 0.6036264732547597
    },
    "efficientnetv2_rw_s": {
        "top_1_accuracy": 0.4699909338168631,
        "top_5_accuracy": 0.629011786038078
    },
    "efficientnetv2_rw_m": {
        "top_1_accuracy": 0.5314596554850408,
        "top_5_accuracy": 0.6986400725294651
    },
    "efficientnet_b2": {
        "top_1_accuracy": 0.34360834088848596,
        "top_5_accuracy": 0.5046237533998187
    },
    "efficientnet_b3": {
        "top_1_accuracy": 0.4605621033544878,
        "top_5_accuracy": 0.6328195829555757
    },
    "efficientnet_b4": {
        "top_1_accuracy": 0.5127833182230281,
        "top_5_accuracy": 0.68649138712602
    },
    "average": {
        "top_1_accuracy": 0.45905711695376245,
        "top_5_accuracy": 0.6195829555757026
    }
}