,top_1_accuracy,top_5_accuracy
ssl_resnet50,0.4411604714415231,0.6221214868540345
convnext_small,0.599818676337262,0.7615593834995467
convnext_base,0.6493200362647326,0.8114233907524931
convnext_large,0.6812330009066183,0.8319129646418858
convnext_xlarge,0.6937443336355394,0.8415231187669991
convnextv2_base,0.6168631006346328,0.7755213055303717
convnextv2_large,0.6687216681776972,0.814143245693563
average,0.6215516124854293,0.7797435565341277
