{
    "vit_small_patch16_224": {
        "top_1_accuracy": 0.39093381686310064,
        "top_5_accuracy": 0.5704442429737081
    },
    "vit_small_patch32_224": {
        "top_1_accuracy": 0.23118766999093382,
        "top_5_accuracy": 0.39347234814143245
    },
    "vit_base_patch16_224": {
        "top_1_accuracy": 0.6047144152311876,
        "top_5_accuracy": 0.7646418857660925
    },
    "vit_base_patch32_224": {
        "top_1_accuracy": 0.3229374433363554,
        "top_5_accuracy": 0.49483227561196735
    },
    "vit_large_patch16_224": {
        "top_1_accuracy": 0.5466908431550317,
        "top_5_accuracy": 0.7057116953762466
    },
    "vit_large_patch32_384": {
        "top_1_accuracy": 0.3980054397098821,
        "top_5_accuracy": 0.5504986400725295
    },
    "beit_base_patch16_224": {
        "top_1_accuracy": 0.5320036264732547,
        "top_5_accuracy": 0.7035358114233907
    },
    "beit_large_patch16_224": {
        "top_1_accuracy": 0.6344514959202175,
        "top_5_accuracy": 0.7934723481414324
    },
    "beitv2_base_patch16_224": {
        "top_1_accuracy": 0.62792384406165,
        "top_5_accuracy": 0.7932910244786945
    },
    "beitv2_large_patch16_224": {
        "top_1_accuracy": 0.7200362647325476,
        "top_5_accuracy": 0.857479601087942
    },
    "beit3_base_patch16_224": {
        "top_1_accuracy": 0.5608340888485948,
        "top_5_accuracy": 0.7648232094288304
    },
    "beit3_large_patch16_224": {
        "top_1_accuracy": 0.6337262012692656,
        "top_5_accuracy": 0.8257479601087941
    },
    "deit_small_patch16_224": {
        "top_1_accuracy": 0.4215775158658205,
        "top_5_accuracy": 0.6165004533091568
    },
    "deit_base_patch16_224": {
        "top_1_accuracy": 0.48449682683590206,
        "top_5_accuracy": 0.658204895738894
    },
    "deit3_small_patch16_224": {
        "top_1_accuracy": 0.514233907524932,
        "top_5_accuracy": 0.6339075249320036
    },
    "deit3_medium_patch16_224": {
        "top_1_accuracy": 0.5191296464188576,
        "top_5_accuracy": 0.6939256572982774
    },
    "deit3_base_patch16_224": {
        "top_1_accuracy": 0.5309156844968268,
        "top_5_accuracy": 0.7200362647325476
    },
    "deit3_large_patch16_224": {
        "top_1_accuracy": 0.5987307343608341,
        "top_5_accuracy": 0.7510426110607434
    },
    "average": {
        "top_1_accuracy": 0.5151405258386218,
        "top_5_accuracy": 0.6828649138712602
    }
}