{
    "ssl_resnet50": {
        "top_1_accuracy": 0.445309670409272,
        "top_5_accuracy": 0.6932270916334662
    },
    "convnext_small": {
        "top_1_accuracy": 0.5695400217312568,
        "top_5_accuracy": 0.7705541470481709
    },
    "convnext_base": {
        "top_1_accuracy": 0.6441506700470844,
        "top_5_accuracy": 0.8180007243752264
    },
    "convnext_large": {
        "top_1_accuracy": 0.6430641072075335,
        "top_5_accuracy": 0.8145599420499819
    },
    "convnext_xlarge": {
        "top_1_accuracy": 0.6613545816733067,
        "top_5_accuracy": 0.8214415067004709
    },
    "convnextv2_base": {
        "top_1_accuracy": 0.6032234697573343,
        "top_5_accuracy": 0.7969938428105758
    },
    "convnextv2_large": {
        "top_1_accuracy": 0.6166244114451286,
        "top_5_accuracy": 0.82234697573343
    },
    "average": {
        "top_1_accuracy": 0.5976095617529881,
        "top_5_accuracy": 0.7910177471930461
    }
}