,top_1_accuracy,top_5_accuracy
ssl_resnet50,0.445309670409272,0.6932270916334662
convnext_small,0.5695400217312568,0.7705541470481709
convnext_base,0.6441506700470844,0.8180007243752264
convnext_large,0.6430641072075335,0.8145599420499819
convnext_xlarge,0.6613545816733067,0.8214415067004709
convnextv2_base,0.6032234697573343,0.7969938428105758
convnextv2_large,0.6166244114451286,0.82234697573343
average,0.5976095617529881,0.7910177471930461
