{
    "resnet34": {
        "top_1_accuracy": 0.3890296886314265,
        "top_5_accuracy": 0.5595582910934106
    },
    "resnet50": {
        "top_1_accuracy": 0.4502172338884866,
        "top_5_accuracy": 0.6156770456191166
    },
    "resnet101": {
        "top_1_accuracy": 0.4681390296886314,
        "top_5_accuracy": 0.6221940622737147
    },
    "inception_v3": {
        "top_1_accuracy": 0.4893193338160753,
        "top_5_accuracy": 0.6593048515568428
    },
    "inception_v4": {
        "top_1_accuracy": 0.5161115133960897,
        "top_5_accuracy": 0.6833816075307748
    },
    "efficientnetv2_rw_s": {
        "top_1_accuracy": 0.49656046343229543,
        "top_5_accuracy": 0.6707096307023895
    },
    "efficientnetv2_rw_m": {
        "top_1_accuracy": 0.5928674873280232,
        "top_5_accuracy": 0.7695510499637943
    },
    "efficientnet_b2": {
        "top_1_accuracy": 0.40278783490224473,
        "top_5_accuracy": 0.5948587979724838
    },
    "efficientnet_b3": {
        "top_1_accuracy": 0.5072411296162201,
        "top_5_accuracy": 0.6821144098479363
    },
    "efficientnet_b4": {
        "top_1_accuracy": 0.5177407675597393,
        "top_5_accuracy": 0.6848298334540188
    },
    "average": {
        "top_1_accuracy": 0.48300144822592317,
        "top_5_accuracy": 0.6542179580014482
    }
}