,top_1_accuracy,top_5_accuracy
ssl_resnet50,0.470130340333092,0.6634685010861694
convnext_small,0.585264301230992,0.751086169442433
convnext_base,0.638124547429399,0.8014120202751629
convnext_large,0.6593048515568428,0.8186097031136857
convnext_xlarge,0.690260680666184,0.8405141202027516
convnextv2_base,0.6507965242577842,0.7932657494569153
convnextv2_large,0.6612961622013034,0.8254887762490949
average,0.6221682010965139,0.784835005689459
