{
    "ssl_resnet50": {
        "top_1_accuracy": 0.3533780112298497,
        "top_5_accuracy": 0.5334178590834994
    },
    "convnext_small": {
        "top_1_accuracy": 0.41785908349936607,
        "top_5_accuracy": 0.7219706574895852
    },
    "convnext_base": {
        "top_1_accuracy": 0.4836080420213729,
        "top_5_accuracy": 0.7618185111392863
    },
    "convnext_large": {
        "top_1_accuracy": 0.4968302843687738,
        "top_5_accuracy": 0.8119905814164101
    },
    "convnext_xlarge": {
        "top_1_accuracy": 0.5520738996558594,
        "top_5_accuracy": 0.8281108494837892
    },
    "convnextv2_base": {
        "top_1_accuracy": 0.512407172613657,
        "top_5_accuracy": 0.7920666545915594
    },
    "convnextv2_large": {
        "top_1_accuracy": 0.5692809273682304,
        "top_5_accuracy": 0.8253939503713096
    },
    "average": {
        "top_1_accuracy": 0.4836339172510155,
        "top_5_accuracy": 0.7535384376536342
    }
}