,top_1_accuracy,top_5_accuracy
ssl_resnet50,0.3533780112298497,0.5334178590834994
convnext_small,0.41785908349936607,0.7219706574895852
convnext_base,0.4836080420213729,0.7618185111392863
convnext_large,0.4968302843687738,0.8119905814164101
convnext_xlarge,0.5520738996558594,0.8281108494837892
convnextv2_base,0.512407172613657,0.7920666545915594
convnextv2_large,0.5692809273682304,0.8253939503713096
average,0.4836339172510155,0.7535384376536342
