,top_1_accuracy,top_5_accuracy
ssl_resnet50,0.6293680970487054,0.8203874705775847
convnext_small,0.7025167481441246,0.8647474198804997
convnext_base,0.7497736737280464,0.9005975013579577
convnext_large,0.763896433097954,0.906572514937534
convnext_xlarge,0.7749411551692921,0.9121854064819844
convnextv2_base,0.7352887923230128,0.8837588267246062
convnextv2_large,0.7533948940793047,0.8919065725149375
average,0.7298828276557773,0.8828793874964435
