,top_1_accuracy,top_5_accuracy
resnet34,0.8055555555555556,1.0
resnet50,1.0,1.0
resnet101,1.0,1.0
inception_v3,0.9166666666666666,0.9722222222222222
inception_v4,1.0,1.0
efficientnetv2_rw_s,0.9444444444444444,1.0
efficientnetv2_rw_m,1.0,1.0
efficientnet_b2,0.5277777777777778,0.9444444444444444
efficientnet_b3,0.9444444444444444,0.9444444444444444
efficientnet_b4,0.8611111111111112,0.9722222222222222
average,0.9,0.9833333333333332
