{
    "ssl_resnet50": {
        "top_1_accuracy": 0.5158313732585489,
        "top_5_accuracy": 0.6998371630179121
    },
    "convnext_small": {
        "top_1_accuracy": 0.6061154333273023,
        "top_5_accuracy": 0.7792654242808034
    },
    "convnext_base": {
        "top_1_accuracy": 0.6965804233761534,
        "top_5_accuracy": 0.8481997466980279
    },
    "convnext_large": {
        "top_1_accuracy": 0.7175683010674869,
        "top_5_accuracy": 0.8657499547675049
    },
    "convnext_xlarge": {
        "top_1_accuracy": 0.7430794282612629,
        "top_5_accuracy": 0.8825764429165913
    },
    "convnextv2_base": {
        "top_1_accuracy": 0.6763162656052107,
        "top_5_accuracy": 0.8368011579518726
    },
    "convnextv2_large": {
        "top_1_accuracy": 0.7097883119232857,
        "top_5_accuracy": 0.8541704360412521
    },
    "average": {
        "top_1_accuracy": 0.666468505259893,
        "top_5_accuracy": 0.8238000465248521
    }
}