,top_1_accuracy,top_5_accuracy
ssl_resnet50,0.5158313732585489,0.6998371630179121
convnext_small,0.6061154333273023,0.7792654242808034
convnext_base,0.6965804233761534,0.8481997466980279
convnext_large,0.7175683010674869,0.8657499547675049
convnext_xlarge,0.7430794282612629,0.8825764429165913
convnextv2_base,0.6763162656052107,0.8368011579518726
convnextv2_large,0.7097883119232857,0.8541704360412521
average,0.666468505259893,0.8238000465248521
