,top_1_accuracy,top_5_accuracy
ssl_resnet50,0.4180105091502084,0.6365283565863381
convnext_small,0.5162167059249864,0.784200036238449
convnext_base,0.5642326508425439,0.7921724950172133
convnext_large,0.5352418916470375,0.8215256387026635
convnext_xlarge,0.6117050190251857,0.8224315999275231
convnextv2_base,0.5546294618590324,0.7999637615510056
convnextv2_large,0.6146040949447363,0.8220692154375793
average,0.5449486190562471,0.7826987290658245
