{
    "vit_small_patch16_224": {
        "top_1_accuracy": 0.41692335568037686,
        "top_5_accuracy": 0.62819351331763
    },
    "vit_small_patch32_224": {
        "top_1_accuracy": 0.2728755209277043,
        "top_5_accuracy": 0.4493567675303497
    },
    "vit_base_patch16_224": {
        "top_1_accuracy": 0.45986591773872076,
        "top_5_accuracy": 0.8106541040043486
    },
    "vit_base_patch32_224": {
        "top_1_accuracy": 0.3669142960681283,
        "top_5_accuracy": 0.5776408769704656
    },
    "vit_large_patch16_224": {
        "top_1_accuracy": 0.4553361116144229,
        "top_5_accuracy": 0.7280304402971552
    },
    "vit_large_patch32_384": {
        "top_1_accuracy": 0.3968110164884943,
        "top_5_accuracy": 0.5914114875883312
    },
    "beit_base_patch16_224": {
        "top_1_accuracy": 0.45986591773872076,
        "top_5_accuracy": 0.6916107990578003
    },
    "beit_large_patch16_224": {
        "top_1_accuracy": 0.5169414749048741,
        "top_5_accuracy": 0.7577459684725494
    },
    "beitv2_base_patch16_224": {
        "top_1_accuracy": 0.4866823699945642,
        "top_5_accuracy": 0.7782206921543758
    },
    "beitv2_large_patch16_224": {
        "top_1_accuracy": 0.5738358398260555,
        "top_5_accuracy": 0.8318535966660627
    },
    "beit3_base_patch16_224": {
        "top_1_accuracy": 0.4120311650661352,
        "top_5_accuracy": 0.8168146403333937
    },
    "beit3_large_patch16_224": {
        "top_1_accuracy": 0.4982786736727668,
        "top_5_accuracy": 0.8637434317811198
    },
    "deit_small_patch16_224": {
        "top_1_accuracy": 0.45660445732922633,
        "top_5_accuracy": 0.6812828410944012
    },
    "deit_base_patch16_224": {
        "top_1_accuracy": 0.4961043667331038,
        "top_5_accuracy": 0.7283928247870991
    },
    "deit3_small_patch16_224": {
        "top_1_accuracy": 0.59412937126291,
        "top_5_accuracy": 0.7475992027541222
    },
    "deit3_medium_patch16_224": {
        "top_1_accuracy": 0.5357854683819533,
        "top_5_accuracy": 0.7448813190795434
    },
    "deit3_base_patch16_224": {
        "top_1_accuracy": 0.5738358398260555,
        "top_5_accuracy": 0.7637253125566226
    },
    "deit3_large_patch16_224": {
        "top_1_accuracy": 0.5428519659358579,
        "top_5_accuracy": 0.8023192607356405
    },
    "average": {
        "top_1_accuracy": 0.47309295162167053,
        "top_5_accuracy": 0.7218598377322784
    }
}