,top_1_accuracy,top_5_accuracy
ssl_resnet50,0.5101375814627082,0.6971397538015931
convnext_small,0.6556842867487328,0.8191527878349022
convnext_base,0.7107168718320058,0.8647719044170891
convnext_large,0.7282766111513396,0.8783490224475018
convnext_xlarge,0.7509051412020276,0.8861332367849385
convnextv2_base,0.6781317885590152,0.8493845039826213
convnextv2_large,0.6904417089065894,0.8642288196958725
average,0.6748991414089168,0.8370228612806455
