,top_1_accuracy,top_5_accuracy
resnet34,0.6666666666666666,0.9722222222222222
resnet50,0.75,1.0
resnet101,0.9722222222222222,1.0
inception_v3,0.8055555555555556,0.9722222222222222
inception_v4,0.9444444444444444,1.0
efficientnetv2_rw_s,1.0,1.0
efficientnetv2_rw_m,1.0,1.0
efficientnet_b2,0.8611111111111112,1.0
efficientnet_b3,0.9444444444444444,1.0
efficientnet_b4,0.9166666666666666,1.0
average,0.8861111111111111,0.9944444444444445
