,top_1_accuracy,top_5_accuracy
ssl_resnet50,0.5435294117647059,0.7420814479638009
convnext_small,0.6320361990950226,0.8222624434389141
convnext_base,0.6760180995475114,0.8539366515837105
convnext_large,0.7058823529411765,0.8662443438914027
convnext_xlarge,0.7078733031674208,0.8722171945701358
convnextv2_base,0.6546606334841629,0.8316742081447964
convnextv2_large,0.6993665158371041,0.8564705882352941
average,0.6599095022624434,0.8349838396897221
