,top_1_accuracy,top_5_accuracy
ssl_resnet50,0.5062443438914027,0.68289592760181
convnext_small,0.594027149321267,0.7752036199095023
convnext_base,0.6528506787330317,0.803076923076923
convnext_large,0.6745701357466063,0.8262443438914027
convnext_xlarge,0.6924886877828055,0.8367420814479638
convnextv2_base,0.6671493212669684,0.8173755656108598
convnextv2_large,0.6805429864253394,0.8226244343891402
average,0.638267614738203,0.794880413703943
