,top_1_accuracy,top_5_accuracy
ssl_resnet50,0.37022278572722334,0.5794240173881543
convnext_small,0.5328744792610034,0.7257743162470567
convnext_base,0.5654772686107589,0.7869951095815976
convnext_large,0.5828654229306285,0.8061945299764536
convnext_xlarge,0.6060496286904546,0.832276761456258
convnextv2_base,0.5607679768157943,0.7487773953993841
convnextv2_large,0.5761637384531788,0.7795689186741532
average,0.5420601857841488,0.7512872926747224
