,top_1_accuracy,top_5_accuracy
ssl_resnet50,0.5559377262853005,0.7652063721940623
convnext_small,0.6397538015930485,0.8316437364228819
convnext_base,0.7011223750905141,0.8562635771180304
convnext_large,0.7089065894279507,0.8669442433019551
convnext_xlarge,0.7264663287472846,0.8794351918899348
convnextv2_base,0.6879073135409124,0.8486603910209993
convnextv2_large,0.7166908037653874,0.860789283128168
average,0.6766835626357712,0.8441346850108616
