{
    "vit_small_patch16_224": {
        "top_1_accuracy": 0.47338884866039105,
        "top_5_accuracy": 0.6799420709630702
    },
    "vit_small_patch32_224": {
        "top_1_accuracy": 0.35209992758870384,
        "top_5_accuracy": 0.5555756698044895
    },
    "vit_base_patch16_224": {
        "top_1_accuracy": 0.5534033309196235,
        "top_5_accuracy": 0.8365314989138306
    },
    "vit_base_patch32_224": {
        "top_1_accuracy": 0.4384503982621289,
        "top_5_accuracy": 0.6375814627081825
    },
    "vit_large_patch16_224": {
        "top_1_accuracy": 0.6044532947139754,
        "top_5_accuracy": 0.7775162925416365
    },
    "vit_large_patch32_384": {
        "top_1_accuracy": 0.49384503982621286,
        "top_5_accuracy": 0.6804851556842868
    },
    "beit_base_patch16_224": {
        "top_1_accuracy": 0.6430123099203475,
        "top_5_accuracy": 0.8160753077480087
    },
    "beit_large_patch16_224": {
        "top_1_accuracy": 0.6803041274438812,
        "top_5_accuracy": 0.8399710354815351
    },
    "beitv2_base_patch16_224": {
        "top_1_accuracy": 0.6727009413468501,
        "top_5_accuracy": 0.8414192614047792
    },
    "beitv2_large_patch16_224": {
        "top_1_accuracy": 0.7049239681390297,
        "top_5_accuracy": 0.8537291817523533
    },
    "beit3_base_patch16_224": {
        "top_1_accuracy": 0.5836350470673425,
        "top_5_accuracy": 0.8394279507603186
    },
    "beit3_large_patch16_224": {
        "top_1_accuracy": 0.5948587979724838,
        "top_5_accuracy": 0.8703837798696596
    },
    "deit_small_patch16_224": {
        "top_1_accuracy": 0.4895003620564808,
        "top_5_accuracy": 0.7038377986965967
    },
    "deit_base_patch16_224": {
        "top_1_accuracy": 0.528421433743664,
        "top_5_accuracy": 0.7262853005068791
    },
    "deit3_small_patch16_224": {
        "top_1_accuracy": 0.555032585083273,
        "top_5_accuracy": 0.7630340333091963
    },
    "deit3_medium_patch16_224": {
        "top_1_accuracy": 0.5153874004344677,
        "top_5_accuracy": 0.7941708906589428
    },
    "deit3_base_patch16_224": {
        "top_1_accuracy": 0.5401882693700217,
        "top_5_accuracy": 0.8175235336712527
    },
    "deit3_large_patch16_224": {
        "top_1_accuracy": 0.5825488776249095,
        "top_5_accuracy": 0.8213251267197683
    },
    "average": {
        "top_1_accuracy": 0.5558974977874326,
        "top_5_accuracy": 0.7697119639552659
    }
}