,top_1_accuracy,top_5_accuracy
ssl_resnet50,0.5464758108352963,0.7294799782569306
convnext_small,0.4132995107809386,0.7155281753940931
convnext_base,0.564051458597572,0.763000543576735
convnext_large,0.5584344990034427,0.7943468019568762
convnext_xlarge,0.5801775684000725,0.8119224497191521
convnextv2_base,0.6031889835115057,0.7869179199130277
convnextv2_large,0.602464214531618,0.7785830766443196
average,0.5525845779514923,0.7685398493515906
