{
    "ssl_resnet50": {
        "top_1_accuracy": 0.5464758108352963,
        "top_5_accuracy": 0.7294799782569306
    },
    "convnext_small": {
        "top_1_accuracy": 0.4132995107809386,
        "top_5_accuracy": 0.7155281753940931
    },
    "convnext_base": {
        "top_1_accuracy": 0.564051458597572,
        "top_5_accuracy": 0.763000543576735
    },
    "convnext_large": {
        "top_1_accuracy": 0.5584344990034427,
        "top_5_accuracy": 0.7943468019568762
    },
    "convnext_xlarge": {
        "top_1_accuracy": 0.5801775684000725,
        "top_5_accuracy": 0.8119224497191521
    },
    "convnextv2_base": {
        "top_1_accuracy": 0.6031889835115057,
        "top_5_accuracy": 0.7869179199130277
    },
    "convnextv2_large": {
        "top_1_accuracy": 0.602464214531618,
        "top_5_accuracy": 0.7785830766443196
    },
    "average": {
        "top_1_accuracy": 0.5525845779514923,
        "top_5_accuracy": 0.7685398493515906
    }
}