{
    "vit_small_patch16_224": {
        "top_1_accuracy": 0.38285921362565684,
        "top_5_accuracy": 0.5479253487950716
    },
    "vit_small_patch32_224": {
        "top_1_accuracy": 0.3136437760463852,
        "top_5_accuracy": 0.4698314912121761
    },
    "vit_base_patch16_224": {
        "top_1_accuracy": 0.5992027541221235,
        "top_5_accuracy": 0.7887298423627469
    },
    "vit_base_patch32_224": {
        "top_1_accuracy": 0.3643776046385215,
        "top_5_accuracy": 0.5424895814459141
    },
    "vit_large_patch16_224": {
        "top_1_accuracy": 0.3826780213806849,
        "top_5_accuracy": 0.6309113969922088
    },
    "vit_large_patch32_384": {
        "top_1_accuracy": 0.17611886211270159,
        "top_5_accuracy": 0.43884761732197863
    },
    "beit_base_patch16_224": {
        "top_1_accuracy": 0.46783837651748506,
        "top_5_accuracy": 0.6492118137343722
    },
    "beit_large_patch16_224": {
        "top_1_accuracy": 0.48323971734009785,
        "top_5_accuracy": 0.7340097843812284
    },
    "beitv2_base_patch16_224": {
        "top_1_accuracy": 0.5655009965573473,
        "top_5_accuracy": 0.7510418554085885
    },
    "beitv2_large_patch16_224": {
        "top_1_accuracy": 0.44500815365102375,
        "top_5_accuracy": 0.7553904692879144
    },
    "beit3_base_patch16_224": {
        "top_1_accuracy": 0.46910672223228844,
        "top_5_accuracy": 0.7892734190976626
    },
    "beit3_large_patch16_224": {
        "top_1_accuracy": 0.5029896720420366,
        "top_5_accuracy": 0.826961406051821
    },
    "deit_small_patch16_224": {
        "top_1_accuracy": 0.4671136075375974,
        "top_5_accuracy": 0.6204022467838376
    },
    "deit_base_patch16_224": {
        "top_1_accuracy": 0.480703025910491,
        "top_5_accuracy": 0.6506613516941475
    },
    "deit3_small_patch16_224": {
        "top_1_accuracy": 0.6042761369813372,
        "top_5_accuracy": 0.7269432868273238
    },
    "deit3_medium_patch16_224": {
        "top_1_accuracy": 0.5790904149302409,
        "top_5_accuracy": 0.7271244790722957
    },
    "deit3_base_patch16_224": {
        "top_1_accuracy": 0.5772784924805219,
        "top_5_accuracy": 0.7555716615328864
    },
    "deit3_large_patch16_224": {
        "top_1_accuracy": 0.5992027541221235,
        "top_5_accuracy": 0.7481427794890378
    },
    "average": {
        "top_1_accuracy": 0.47001268345714803,
        "top_5_accuracy": 0.6751927684161785
    }
}