,top_1_accuracy,top_5_accuracy
ssl_resnet50,0.5468863142650253,0.7447501810282404
convnext_small,0.6346850108616944,0.810463432295438
convnext_base,0.6808472121650978,0.8473931933381608
convnext_large,0.69605358435916,0.8562635771180304
convnext_xlarge,0.718682114409848,0.8647719044170891
convnextv2_base,0.665097755249819,0.8240405503258509
convnextv2_large,0.6850108616944244,0.8296524257784215
average,0.6610375504292956,0.8253336091858902
