{
    "ssl_resnet50": {
        "top_1_accuracy": 0.5468863142650253,
        "top_5_accuracy": 0.7447501810282404
    },
    "convnext_small": {
        "top_1_accuracy": 0.6346850108616944,
        "top_5_accuracy": 0.810463432295438
    },
    "convnext_base": {
        "top_1_accuracy": 0.6808472121650978,
        "top_5_accuracy": 0.8473931933381608
    },
    "convnext_large": {
        "top_1_accuracy": 0.69605358435916,
        "top_5_accuracy": 0.8562635771180304
    },
    "convnext_xlarge": {
        "top_1_accuracy": 0.718682114409848,
        "top_5_accuracy": 0.8647719044170891
    },
    "convnextv2_base": {
        "top_1_accuracy": 0.665097755249819,
        "top_5_accuracy": 0.8240405503258509
    },
    "convnextv2_large": {
        "top_1_accuracy": 0.6850108616944244,
        "top_5_accuracy": 0.8296524257784215
    },
    "average": {
        "top_1_accuracy": 0.6610375504292956,
        "top_5_accuracy": 0.8253336091858902
    }
}