{
    "resnet34": {
        "top_1_accuracy": 0.5149267233580604,
        "top_5_accuracy": 0.7034557626198661
    },
    "resnet50": {
        "top_1_accuracy": 0.5804233761534286,
        "top_5_accuracy": 0.7423557083408721
    },
    "resnet101": {
        "top_1_accuracy": 0.5972498643025149,
        "top_5_accuracy": 0.7631626560521079
    },
    "inception_v3": {
        "top_1_accuracy": 0.5536457390989687,
        "top_5_accuracy": 0.7432603582413606
    },
    "inception_v4": {
        "top_1_accuracy": 0.6006875339243712,
        "top_5_accuracy": 0.7790844943007056
    },
    "efficientnetv2_rw_s": {
        "top_1_accuracy": 0.6137144924914059,
        "top_5_accuracy": 0.787950063325493
    },
    "efficientnetv2_rw_m": {
        "top_1_accuracy": 0.6576804776551475,
        "top_5_accuracy": 0.8228695494843495
    },
    "efficientnet_b2": {
        "top_1_accuracy": 0.5388094807309571,
        "top_5_accuracy": 0.7383752487787226
    },
    "efficientnet_b3": {
        "top_1_accuracy": 0.6034014836258368,
        "top_5_accuracy": 0.7830649538628551
    },
    "efficientnet_b4": {
        "top_1_accuracy": 0.63307400036186,
        "top_5_accuracy": 0.8031481816537
    },
    "average": {
        "top_1_accuracy": 0.5893613171702551,
        "top_5_accuracy": 0.7666726976660032
    }
}