,top_1_accuracy,top_5_accuracy
ssl_resnet50,0.5710150171883481,0.7615342862312285
convnext_small,0.6594897774561245,0.8156323502804415
convnext_base,0.7253482902116881,0.8776913334539533
convnext_large,0.7313189795549122,0.8733490139316085
convnext_xlarge,0.7465170978831193,0.877872263434051
convnextv2_base,0.6889813642120499,0.8429527772751945
convnextv2_large,0.7264338700922743,0.8775104034738557
average,0.6927291995140737,0.8466489182971905
