,top_1_accuracy,top_5_accuracy
resnet34,0.9183673469387755,1.0
resnet50,0.7551020408163265,0.9795918367346939
resnet101,0.8979591836734694,1.0
inception_v3,0.7142857142857143,1.0
inception_v4,0.8979591836734694,1.0
efficientnetv2_rw_s,1.0,1.0
efficientnetv2_rw_m,1.0,1.0
efficientnet_b2,1.0,1.0
efficientnet_b3,1.0,1.0
efficientnet_b4,1.0,1.0
average,0.9183673469387756,0.9979591836734695
