{
    "resnet34": {
        "top_1_accuracy": 0.7755102040816326,
        "top_5_accuracy": 1.0
    },
    "resnet50": {
        "top_1_accuracy": 1.0,
        "top_5_accuracy": 1.0
    },
    "resnet101": {
        "top_1_accuracy": 0.7959183673469388,
        "top_5_accuracy": 1.0
    },
    "inception_v3": {
        "top_1_accuracy": 0.6326530612244898,
        "top_5_accuracy": 0.8979591836734694
    },
    "inception_v4": {
        "top_1_accuracy": 0.5714285714285714,
        "top_5_accuracy": 1.0
    },
    "efficientnetv2_rw_s": {
        "top_1_accuracy": 0.8367346938775511,
        "top_5_accuracy": 1.0
    },
    "efficientnetv2_rw_m": {
        "top_1_accuracy": 1.0,
        "top_5_accuracy": 1.0
    },
    "efficientnet_b2": {
        "top_1_accuracy": 0.9795918367346939,
        "top_5_accuracy": 1.0
    },
    "efficientnet_b3": {
        "top_1_accuracy": 0.9795918367346939,
        "top_5_accuracy": 1.0
    },
    "efficientnet_b4": {
        "top_1_accuracy": 0.8163265306122449,
        "top_5_accuracy": 1.0
    },
    "average": {
        "top_1_accuracy": 0.8387755102040817,
        "top_5_accuracy": 0.9897959183673469
    }
}