,top_1_accuracy,top_5_accuracy
resnet34,0.7755102040816326,1.0
resnet50,1.0,1.0
resnet101,0.7959183673469388,1.0
inception_v3,0.6326530612244898,0.8979591836734694
inception_v4,0.5714285714285714,1.0
efficientnetv2_rw_s,0.8367346938775511,1.0
efficientnetv2_rw_m,1.0,1.0
efficientnet_b2,0.9795918367346939,1.0
efficientnet_b3,0.9795918367346939,1.0
efficientnet_b4,0.8163265306122449,1.0
average,0.8387755102040817,0.9897959183673469
