,top_1_accuracy,top_5_accuracy
ssl_resnet50,0.9591836734693877,1.0
convnext_small,0.8571428571428571,1.0
convnext_base,0.9591836734693877,1.0
convnext_large,0.7142857142857143,1.0
convnext_xlarge,0.9795918367346939,1.0
convnextv2_base,0.9795918367346939,1.0
convnextv2_large,0.9591836734693877,1.0
average,0.9154518950437317,1.0
