,top_1_accuracy,top_5_accuracy
resnet34,0.5,0.9722222222222222
resnet50,0.7222222222222222,0.9166666666666666
resnet101,0.8055555555555556,1.0
inception_v3,0.8611111111111112,1.0
inception_v4,0.7777777777777778,0.9166666666666666
efficientnetv2_rw_s,1.0,1.0
efficientnetv2_rw_m,1.0,1.0
efficientnet_b2,0.75,0.9722222222222222
efficientnet_b3,0.8611111111111112,1.0
efficientnet_b4,0.9166666666666666,1.0
average,0.8194444444444444,0.9777777777777779
