,top_1_accuracy,top_5_accuracy
ssl_resnet50,0.6388888888888888,1.0
convnext_small,0.9444444444444444,1.0
convnext_base,0.9722222222222222,1.0
convnext_large,0.9722222222222222,1.0
convnext_xlarge,0.9166666666666666,1.0
convnextv2_base,0.9722222222222222,1.0
convnextv2_large,1.0,1.0
average,0.9166666666666667,1.0
