,top_1_accuracy,top_5_accuracy
ssl_resnet50,0.5483520463600144,0.7423035132198479
convnext_small,0.6675117710974284,0.8187250996015937
convnext_base,0.7022817819630569,0.8429916696848968
convnext_large,0.7232886635277074,0.8639985512495473
convnext_xlarge,0.7466497645780514,0.8781238681637088
convnextv2_base,0.6941325606664253,0.8304961970300616
convnextv2_large,0.7164070988772184,0.8458891705903658
average,0.6855176695814146,0.8317897242200031
