,top_1_accuracy,top_5_accuracy
ssl_resnet50,0.4926670287887018,0.6728227412638059
convnext_small,0.5513307984790875,0.7294948397609995
convnext_base,0.6085460800289698,0.7499547347456093
convnext_large,0.639326453014666,0.7881586094513852
convnext_xlarge,0.6641318124207858,0.7968495382944052
convnextv2_base,0.6040195545898968,0.7447039652362847
convnextv2_large,0.641318124207858,0.7890639145391997
average,0.6001914073614236,0.7530069061845271
