,top_1_accuracy,top_5_accuracy
resnet34,0.9444444444444444,1.0
resnet50,0.8611111111111112,1.0
resnet101,1.0,1.0
inception_v3,0.8611111111111112,0.9722222222222222
inception_v4,0.4722222222222222,0.9444444444444444
efficientnetv2_rw_s,1.0,1.0
efficientnetv2_rw_m,1.0,1.0
efficientnet_b2,0.9166666666666666,1.0
efficientnet_b3,1.0,1.0
efficientnet_b4,0.8055555555555556,1.0
average,0.8861111111111111,0.9916666666666668
