,top_1_accuracy,top_5_accuracy
ssl_resnet50,0.565587117785417,0.7693142753754297
convnext_small,0.6810204450877511,0.8442192871358785
convnext_base,0.704179482540257,0.8648453048670165
convnext_large,0.735118509136964,0.8795006332549303
convnext_xlarge,0.744165008141849,0.8898136421204994
convnextv2_base,0.7179301610276823,0.8628550750859417
convnextv2_large,0.7307761896146191,0.8697304143296545
average,0.6969681304763629,0.8543255188813358
