,top_1_accuracy,top_5_accuracy
ssl_resnet50,0.37869179199130276,0.5754665700308027
convnext_small,0.630367820257293,0.8026816452255844
convnext_base,0.6551911578184454,0.835477441565501
convnext_large,0.6919731835477442,0.8532342815727487
convnext_xlarge,0.7113607537597391,0.8555897807573836
convnextv2_base,0.6629824243522378,0.8314912121761189
convnextv2_large,0.6858126472186991,0.8532342815727487
average,0.6309113969922088,0.8010250304144125
