,top_1_accuracy,top_5_accuracy
ssl_resnet50,0.4961085972850679,0.6798190045248869
convnext_small,0.6316742081447964,0.8231674208144797
convnext_base,0.6521266968325792,0.8217194570135746
convnext_large,0.6798190045248869,0.8548416289592761
convnext_xlarge,0.6990045248868778,0.8524886877828054
convnextv2_base,0.6752941176470588,0.8287782805429864
convnextv2_large,0.6921266968325792,0.8490497737556562
average,0.6465934065934066,0.8156948933419521
