{
    "ssl_resnet50": {
        "top_1_accuracy": 0.4593665158371041,
        "top_5_accuracy": 0.6501357466063349
    },
    "convnext_small": {
        "top_1_accuracy": 0.5312217194570136,
        "top_5_accuracy": 0.7122171945701358
    },
    "convnext_base": {
        "top_1_accuracy": 0.6434389140271494,
        "top_5_accuracy": 0.7989140271493212
    },
    "convnext_large": {
        "top_1_accuracy": 0.6624434389140271,
        "top_5_accuracy": 0.810316742081448
    },
    "convnext_xlarge": {
        "top_1_accuracy": 0.6731221719457013,
        "top_5_accuracy": 0.8240723981900453
    },
    "convnextv2_base": {
        "top_1_accuracy": 0.6289592760180995,
        "top_5_accuracy": 0.7817194570135747
    },
    "convnextv2_large": {
        "top_1_accuracy": 0.6345701357466064,
        "top_5_accuracy": 0.7871493212669683
    },
    "average": {
        "top_1_accuracy": 0.6047317388493859,
        "top_5_accuracy": 0.766360698125404
    }
}