,top_1_accuracy,top_5_accuracy
ssl_resnet50,0.4593665158371041,0.6501357466063349
convnext_small,0.5312217194570136,0.7122171945701358
convnext_base,0.6434389140271494,0.7989140271493212
convnext_large,0.6624434389140271,0.810316742081448
convnext_xlarge,0.6731221719457013,0.8240723981900453
convnextv2_base,0.6289592760180995,0.7817194570135747
convnextv2_large,0.6345701357466064,0.7871493212669683
average,0.6047317388493859,0.766360698125404
