{
    "resnet34": {
        "top_1_accuracy": 0.5165730845861257,
        "top_5_accuracy": 0.7149067197971382
    },
    "resnet50": {
        "top_1_accuracy": 0.5707299402282195,
        "top_5_accuracy": 0.74533598985691
    },
    "resnet101": {
        "top_1_accuracy": 0.6089476544104329,
        "top_5_accuracy": 0.7784821590291614
    },
    "inception_v3": {
        "top_1_accuracy": 0.5468212280383988,
        "top_5_accuracy": 0.7366419126969752
    },
    "inception_v4": {
        "top_1_accuracy": 0.6060496286904546,
        "top_5_accuracy": 0.779206665459156
    },
    "efficientnetv2_rw_s": {
        "top_1_accuracy": 0.6065930085129505,
        "top_5_accuracy": 0.790798768339069
    },
    "efficientnetv2_rw_m": {
        "top_1_accuracy": 0.6696250679224778,
        "top_5_accuracy": 0.845861257018656
    },
    "efficientnet_b2": {
        "top_1_accuracy": 0.5283463140735374,
        "top_5_accuracy": 0.7337438869769969
    },
    "efficientnet_b3": {
        "top_1_accuracy": 0.6017025901104872,
        "top_5_accuracy": 0.795326933526535
    },
    "efficientnet_b4": {
        "top_1_accuracy": 0.6261546821228038,
        "top_5_accuracy": 0.813077341061402
    },
    "average": {
        "top_1_accuracy": 0.5881543198695889,
        "top_5_accuracy": 0.7733381633762
    }
}