{
    "ssl_resnet50": {
        "top_1_accuracy": 0.5799673972106503,
        "top_5_accuracy": 0.7906176417315703
    },
    "convnext_small": {
        "top_1_accuracy": 0.658938598080058,
        "top_5_accuracy": 0.8340880275312443
    },
    "convnext_base": {
        "top_1_accuracy": 0.7082050353196885,
        "top_5_accuracy": 0.8710378554609672
    },
    "convnext_large": {
        "top_1_accuracy": 0.7279478355370403,
        "top_5_accuracy": 0.875747147255932
    },
    "convnext_xlarge": {
        "top_1_accuracy": 0.7368230393044738,
        "top_5_accuracy": 0.880275312443398
    },
    "convnextv2_base": {
        "top_1_accuracy": 0.6879188552798406,
        "top_5_accuracy": 0.8467668900561492
    },
    "convnextv2_large": {
        "top_1_accuracy": 0.7082050353196885,
        "top_5_accuracy": 0.8627060315160298
    },
    "average": {
        "top_1_accuracy": 0.6868579708644914,
        "top_5_accuracy": 0.8516055579993272
    }
}