,top_1_accuracy,top_5_accuracy
ssl_resnet50,0.5799673972106503,0.7906176417315703
convnext_small,0.658938598080058,0.8340880275312443
convnext_base,0.7082050353196885,0.8710378554609672
convnext_large,0.7279478355370403,0.875747147255932
convnext_xlarge,0.7368230393044738,0.880275312443398
convnextv2_base,0.6879188552798406,0.8467668900561492
convnextv2_large,0.7082050353196885,0.8627060315160298
average,0.6868579708644914,0.8516055579993272
