,top_1_accuracy,top_5_accuracy
ssl_resnet50,0.6190907444303568,0.8112660749864155
convnext_small,0.7303024814345227,0.8806375656583952
convnext_base,0.7475095091468936,0.8934975547907987
convnext_large,0.7585582322043108,0.8925919217533056
convnext_xlarge,0.776670892954175,0.9094366962506792
convnextv2_base,0.7406266980619453,0.8862524904908531
convnextv2_large,0.7592827386343054,0.8904184024633218
average,0.7331487566952156,0.8805858151991098
