{
    "ssl_resnet50": {
        "top_1_accuracy": 0.49166968489677654,
        "top_5_accuracy": 0.6763853676204273
    },
    "convnext_small": {
        "top_1_accuracy": 0.6479536399855125,
        "top_5_accuracy": 0.8007968127490039
    },
    "convnext_base": {
        "top_1_accuracy": 0.6573705179282868,
        "top_5_accuracy": 0.8118435349511046
    },
    "convnext_large": {
        "top_1_accuracy": 0.6789206809127127,
        "top_5_accuracy": 0.8419051068453459
    },
    "convnext_xlarge": {
        "top_1_accuracy": 0.7111553784860558,
        "top_5_accuracy": 0.8560304237595074
    },
    "convnextv2_base": {
        "top_1_accuracy": 0.6760231800072437,
        "top_5_accuracy": 0.8294096341905107
    },
    "convnextv2_large": {
        "top_1_accuracy": 0.691416153567548,
        "top_5_accuracy": 0.8406374501992032
    },
    "average": {
        "top_1_accuracy": 0.6506441765405908,
        "top_5_accuracy": 0.8081440471878719
    }
}