,top_1_accuracy,top_5_accuracy
ssl_resnet50,0.49166968489677654,0.6763853676204273
convnext_small,0.6479536399855125,0.8007968127490039
convnext_base,0.6573705179282868,0.8118435349511046
convnext_large,0.6789206809127127,0.8419051068453459
convnext_xlarge,0.7111553784860558,0.8560304237595074
convnextv2_base,0.6760231800072437,0.8294096341905107
convnextv2_large,0.691416153567548,0.8406374501992032
average,0.6506441765405908,0.8081440471878719
