,top_1_accuracy,top_5_accuracy
resnet34,0.1388888888888889,1.0
resnet50,0.1388888888888889,1.0
resnet101,0.4166666666666667,1.0
inception_v3,0.75,0.9444444444444444
inception_v4,0.6944444444444444,1.0
efficientnetv2_rw_s,0.05555555555555555,1.0
efficientnetv2_rw_m,0.8888888888888888,1.0
efficientnet_b2,0.05555555555555555,0.9722222222222222
efficientnet_b3,0.3611111111111111,1.0
efficientnet_b4,0.0,0.8888888888888888
average,0.35000000000000003,0.9805555555555557
