{
    "resnet34": {
        "top_1_accuracy": 0.1388888888888889,
        "top_5_accuracy": 1.0
    },
    "resnet50": {
        "top_1_accuracy": 0.1388888888888889,
        "top_5_accuracy": 1.0
    },
    "resnet101": {
        "top_1_accuracy": 0.4166666666666667,
        "top_5_accuracy": 1.0
    },
    "inception_v3": {
        "top_1_accuracy": 0.75,
        "top_5_accuracy": 0.9444444444444444
    },
    "inception_v4": {
        "top_1_accuracy": 0.6944444444444444,
        "top_5_accuracy": 1.0
    },
    "efficientnetv2_rw_s": {
        "top_1_accuracy": 0.05555555555555555,
        "top_5_accuracy": 1.0
    },
    "efficientnetv2_rw_m": {
        "top_1_accuracy": 0.8888888888888888,
        "top_5_accuracy": 1.0
    },
    "efficientnet_b2": {
        "top_1_accuracy": 0.05555555555555555,
        "top_5_accuracy": 0.9722222222222222
    },
    "efficientnet_b3": {
        "top_1_accuracy": 0.3611111111111111,
        "top_5_accuracy": 1.0
    },
    "efficientnet_b4": {
        "top_1_accuracy": 0.0,
        "top_5_accuracy": 0.8888888888888888
    },
    "average": {
        "top_1_accuracy": 0.35000000000000003,
        "top_5_accuracy": 0.9805555555555557
    }
}