,top_1_accuracy,top_5_accuracy
ssl_resnet50,0.6666666666666666,1.0
convnext_small,0.16666666666666666,0.8333333333333334
convnext_base,0.9444444444444444,1.0
convnext_large,1.0,1.0
convnext_xlarge,0.8333333333333334,1.0
convnextv2_base,0.3333333333333333,1.0
convnextv2_large,0.9444444444444444,1.0
average,0.6984126984126985,0.9761904761904763
