{
    "ssl_resnet50": {
        "top_1_accuracy": 0.6666666666666666,
        "top_5_accuracy": 1.0
    },
    "convnext_small": {
        "top_1_accuracy": 0.16666666666666666,
        "top_5_accuracy": 0.8333333333333334
    },
    "convnext_base": {
        "top_1_accuracy": 0.9444444444444444,
        "top_5_accuracy": 1.0
    },
    "convnext_large": {
        "top_1_accuracy": 1.0,
        "top_5_accuracy": 1.0
    },
    "convnext_xlarge": {
        "top_1_accuracy": 0.8333333333333334,
        "top_5_accuracy": 1.0
    },
    "convnextv2_base": {
        "top_1_accuracy": 0.3333333333333333,
        "top_5_accuracy": 1.0
    },
    "convnextv2_large": {
        "top_1_accuracy": 0.9444444444444444,
        "top_5_accuracy": 1.0
    },
    "average": {
        "top_1_accuracy": 0.6984126984126985,
        "top_5_accuracy": 0.9761904761904763
    }
}