,top_1_accuracy,top_5_accuracy
ssl_resnet50,0.4363339974642275,0.6817605506248868
convnext_small,0.5285274406810361,0.8009418583589929
convnext_base,0.5551530519833363,0.8304654953812715
convnext_large,0.5636660025357725,0.8469480166636479
convnext_xlarge,0.6131135663829016,0.8668719434884985
convnextv2_base,0.6428183300126789,0.8163376199963774
convnextv2_large,0.6067741351204492,0.8313711284187647
average,0.5637695034543432,0.8106709447046343
