{
    "ssl_resnet50": {
        "top_1_accuracy": 0.4363339974642275,
        "top_5_accuracy": 0.6817605506248868
    },
    "convnext_small": {
        "top_1_accuracy": 0.5285274406810361,
        "top_5_accuracy": 0.8009418583589929
    },
    "convnext_base": {
        "top_1_accuracy": 0.5551530519833363,
        "top_5_accuracy": 0.8304654953812715
    },
    "convnext_large": {
        "top_1_accuracy": 0.5636660025357725,
        "top_5_accuracy": 0.8469480166636479
    },
    "convnext_xlarge": {
        "top_1_accuracy": 0.6131135663829016,
        "top_5_accuracy": 0.8668719434884985
    },
    "convnextv2_base": {
        "top_1_accuracy": 0.6428183300126789,
        "top_5_accuracy": 0.8163376199963774
    },
    "convnextv2_large": {
        "top_1_accuracy": 0.6067741351204492,
        "top_5_accuracy": 0.8313711284187647
    },
    "average": {
        "top_1_accuracy": 0.5637695034543432,
        "top_5_accuracy": 0.8106709447046343
    }
}