,top_1_accuracy,top_5_accuracy
ssl_resnet50,0.5443679826149945,0.7466497645780514
convnext_small,0.6548352046360014,0.8228902571532054
convnext_base,0.7075335023542195,0.8567547989858747
convnext_large,0.7151394422310757,0.8668960521550163
convnext_xlarge,0.7345164795363999,0.875950742484607
convnextv2_base,0.7069902209344441,0.8562115175660993
convnextv2_large,0.7245563201738501,0.8649040202825063
average,0.6839913074972835,0.8414653076007658
