,top_1_accuracy,top_5_accuracy
ssl_resnet50,0.4608411892675852,0.6767585206671501
convnext_small,0.5815808556925308,0.7717548948513415
convnext_base,0.6022480058013053,0.8005801305293692
convnext_large,0.6383248730964467,0.8214285714285714
convnext_xlarge,0.6524655547498187,0.8288614938361131
convnextv2_base,0.6118564176939811,0.7949601160261058
convnextv2_large,0.6504713560551124,0.8216098622189992
average,0.5996840360509685,0.7879933699368072
