{
    "ssl_resnet50": {
        "top_1_accuracy": 0.4608411892675852,
        "top_5_accuracy": 0.6767585206671501
    },
    "convnext_small": {
        "top_1_accuracy": 0.5815808556925308,
        "top_5_accuracy": 0.7717548948513415
    },
    "convnext_base": {
        "top_1_accuracy": 0.6022480058013053,
        "top_5_accuracy": 0.8005801305293692
    },
    "convnext_large": {
        "top_1_accuracy": 0.6383248730964467,
        "top_5_accuracy": 0.8214285714285714
    },
    "convnext_xlarge": {
        "top_1_accuracy": 0.6524655547498187,
        "top_5_accuracy": 0.8288614938361131
    },
    "convnextv2_base": {
        "top_1_accuracy": 0.6118564176939811,
        "top_5_accuracy": 0.7949601160261058
    },
    "convnextv2_large": {
        "top_1_accuracy": 0.6504713560551124,
        "top_5_accuracy": 0.8216098622189992
    },
    "average": {
        "top_1_accuracy": 0.5996840360509685,
        "top_5_accuracy": 0.7879933699368072
    }
}