,top_1_accuracy,top_5_accuracy
ssl_resnet50,0.18427251313643775,0.32596484870447545
convnext_small,0.4837832940750136,0.6330857039318717
convnext_base,0.555716615328864,0.694509874977351
convnext_large,0.5828954520746512,0.7195144047834753
convnext_xlarge,0.5751041855408588,0.7202391737633629
convnextv2_base,0.5615147671679652,0.7013951802862838
convnextv2_large,0.6194962855589781,0.7314730929516217
average,0.5089690161261098,0.6465974684854917
