{
    "ssl_resnet50": {
        "top_1_accuracy": 0.18427251313643775,
        "top_5_accuracy": 0.32596484870447545
    },
    "convnext_small": {
        "top_1_accuracy": 0.4837832940750136,
        "top_5_accuracy": 0.6330857039318717
    },
    "convnext_base": {
        "top_1_accuracy": 0.555716615328864,
        "top_5_accuracy": 0.694509874977351
    },
    "convnext_large": {
        "top_1_accuracy": 0.5828954520746512,
        "top_5_accuracy": 0.7195144047834753
    },
    "convnext_xlarge": {
        "top_1_accuracy": 0.5751041855408588,
        "top_5_accuracy": 0.7202391737633629
    },
    "convnextv2_base": {
        "top_1_accuracy": 0.5615147671679652,
        "top_5_accuracy": 0.7013951802862838
    },
    "convnextv2_large": {
        "top_1_accuracy": 0.6194962855589781,
        "top_5_accuracy": 0.7314730929516217
    },
    "average": {
        "top_1_accuracy": 0.5089690161261098,
        "top_5_accuracy": 0.6465974684854917
    }
}