{
    "resnet34": {
        "top_1_accuracy": 0.5651306240928883,
        "top_5_accuracy": 0.7461901306240929
    },
    "resnet50": {
        "top_1_accuracy": 0.5948838896952104,
        "top_5_accuracy": 0.7467343976777939
    },
    "resnet101": {
        "top_1_accuracy": 0.6373367198838897,
        "top_5_accuracy": 0.7879172714078374
    },
    "inception_v3": {
        "top_1_accuracy": 0.5725689404934688,
        "top_5_accuracy": 0.740021770682148
    },
    "inception_v4": {
        "top_1_accuracy": 0.6090348330914369,
        "top_5_accuracy": 0.7636066763425254
    },
    "efficientnetv2_rw_s": {
        "top_1_accuracy": 0.6275399129172714,
        "top_5_accuracy": 0.8020682148040639
    },
    "efficientnetv2_rw_m": {
        "top_1_accuracy": 0.683055152394775,
        "top_5_accuracy": 0.8421625544267054
    },
    "efficientnet_b2": {
        "top_1_accuracy": 0.5428156748911466,
        "top_5_accuracy": 0.7200653120464441
    },
    "efficientnet_b3": {
        "top_1_accuracy": 0.6170174165457184,
        "top_5_accuracy": 0.7891872278664731
    },
    "efficientnet_b4": {
        "top_1_accuracy": 0.6440493468795355,
        "top_5_accuracy": 0.8035195936139332
    },
    "average": {
        "top_1_accuracy": 0.6093432510885342,
        "top_5_accuracy": 0.7741473149492017
    }
}