,top_1_accuracy,top_5_accuracy
ssl_resnet50,0.5903483309143687,0.7879172714078374
convnext_small,0.6806966618287373,0.8358127721335269
convnext_base,0.7182510885341074,0.8679245283018868
convnext_large,0.7300435413642961,0.8748185776487664
convnext_xlarge,0.7445573294629898,0.8788098693759071
convnextv2_base,0.7124455732946299,0.8621190130624092
convnextv2_large,0.7284107402031931,0.8731857764876633
average,0.700679037943189,0.8543696869168568
