,top_1_accuracy,top_5_accuracy
ssl_resnet50,0.6314932126696833,0.8229864253393665
convnext_small,0.7424434389140272,0.8886877828054298
convnext_base,0.7623529411764706,0.902262443438914
convnext_large,0.7857013574660634,0.9151131221719457
convnext_xlarge,0.7978280542986426,0.9234389140271493
convnextv2_base,0.770316742081448,0.9091402714932126
convnextv2_large,0.7835294117647059,0.9129411764705883
average,0.7533807369101486,0.8963671622495152
