,top_1_accuracy,top_5_accuracy
ssl_resnet50,0.6018484958318231,0.7968466835810076
convnext_small,0.6953606379122871,0.8517578832910475
convnext_base,0.724356650960493,0.8791228706052918
convnext_large,0.75915186661834,0.8939833272924973
convnext_xlarge,0.7700253715114171,0.9017760057992026
convnextv2_base,0.7274374773468648,0.8704240666908301
convnextv2_large,0.74084813338166,0.8771293947082276
average,0.7170040905089836,0.8672914617097295
