,top_1_accuracy,top_5_accuracy
ssl_resnet50,0.38870792616720956,0.5497647484618169
convnext_small,0.47050307636626854,0.670104958378574
convnext_base,0.5729279768367717,0.7414042707202316
convnext_large,0.573108939558451,0.7531668476293883
convnext_xlarge,0.5803474484256244,0.7614911328266377
convnextv2_base,0.5609844372059356,0.7338038364096996
convnextv2_large,0.587224031849439,0.7517191458559537
average,0.5334005480585285,0.7087792771831859
