,top_1_accuracy,top_5_accuracy
ssl_resnet50,0.15437579271607174,0.61967747780395
convnext_small,0.4540677658996195,0.7334662076463128
convnext_base,0.534335930422178,0.7742344627649936
convnext_large,0.5365102373618409,0.8008697227758652
convnext_xlarge,0.5381409675665881,0.7977894546113427
convnextv2_base,0.5372350063417286,0.7798514223591231
convnextv2_large,0.5553542308389201,0.7880050733828592
average,0.47285999016384955,0.7562705459063495
