,top_1_accuracy,top_5_accuracy
ssl_resnet50,0.5912712785222746,0.7933719666787395
convnext_small,0.6894241216950381,0.8580224556320174
convnext_base,0.7028250633828323,0.8659905831220572
convnext_large,0.7459253893516842,0.8888084027526258
convnext_xlarge,0.755885548714234,0.8902571532053604
convnextv2_base,0.7290836653386454,0.8773994929373415
convnextv2_large,0.7298080405650127,0.8721477725461789
average,0.7063175867956746,0.8637139752677602
