,top_1_accuracy,top_5_accuracy
ssl_resnet50,0.44410219242616417,0.6419641239354955
convnext_small,0.5433955426707737,0.7146222141692335
convnext_base,0.5993839463670955,0.7544845080630549
convnext_large,0.638883855770973,0.7896358035876064
convnext_xlarge,0.6522920818988948,0.8059431056350789
convnextv2_base,0.5738358398260555,0.7878238811378873
convnextv2_large,0.6448631998550463,0.7959775321616235
average,0.5852509512592861,0.7557787383842829
