,top_1_accuracy,top_5_accuracy
ssl_resnet50,0.3667632150615496,0.6028240405503259
convnext_small,0.500724112961622,0.7056480811006517
convnext_base,0.560825488776249,0.7559739319333816
convnext_large,0.6149529326574946,0.7829471397538016
convnext_xlarge,0.63848660391021,0.8005068790731354
convnextv2_base,0.6068066618392469,0.7715423606082549
convnextv2_large,0.6325126719768284,0.8032223026792179
average,0.5601530981690287,0.7460949622426812
