{
    "ssl_resnet50": {
        "top_1_accuracy": 0.3667632150615496,
        "top_5_accuracy": 0.6028240405503259
    },
    "convnext_small": {
        "top_1_accuracy": 0.500724112961622,
        "top_5_accuracy": 0.7056480811006517
    },
    "convnext_base": {
        "top_1_accuracy": 0.560825488776249,
        "top_5_accuracy": 0.7559739319333816
    },
    "convnext_large": {
        "top_1_accuracy": 0.6149529326574946,
        "top_5_accuracy": 0.7829471397538016
    },
    "convnext_xlarge": {
        "top_1_accuracy": 0.63848660391021,
        "top_5_accuracy": 0.8005068790731354
    },
    "convnextv2_base": {
        "top_1_accuracy": 0.6068066618392469,
        "top_5_accuracy": 0.7715423606082549
    },
    "convnextv2_large": {
        "top_1_accuracy": 0.6325126719768284,
        "top_5_accuracy": 0.8032223026792179
    },
    "average": {
        "top_1_accuracy": 0.5601530981690287,
        "top_5_accuracy": 0.7460949622426812
    }
}