,top_1_accuracy,top_5_accuracy
ssl_resnet50,0.5759826118456801,0.7717804745517116
convnext_small,0.6870132222423474,0.8531063213186018
convnext_base,0.7413512044919399,0.8880637565658395
convnext_large,0.757471472559319,0.8920485419308096
convnext_xlarge,0.771599347944213,0.9027350117732295
convnextv2_base,0.7179858721246151,0.8742981343959427
convnextv2_large,0.7447926100344141,0.8824488317333816
average,0.7137423344632186,0.8663544388956452
