,top_1_accuracy,top_5_accuracy
ssl_resnet50,0.506620714674406,0.6782151278795574
convnext_small,0.6384908398331217,0.7961182659169236
convnext_base,0.6874659894794123,0.833484491202612
convnext_large,0.7070560493379285,0.8436423000181389
convnext_xlarge,0.7257391619807727,0.860511518229639
convnextv2_base,0.6649736985307455,0.8157083257754398
convnextv2_large,0.6936332305459822,0.8347542173045529
average,0.6605685263403384,0.8089191780466949
