,top_1_accuracy,top_5_accuracy
ssl_resnet50,0.5254114668113583,0.7296075239645505
convnext_small,0.6115029842647857,0.7741001989509857
convnext_base,0.6664858021342015,0.8327003074697051
convnext_large,0.6890938686923495,0.8386688370410562
convnext_xlarge,0.7069994574064026,0.8545849158979925
convnextv2_base,0.6556339301862905,0.8131669379634654
convnextv2_large,0.6825827455236029,0.8243805389763067
average,0.6482443221455702,0.8096013228948661
