,top_1_accuracy,top_5_accuracy
ssl_resnet50,0.5615718942412169,0.7598696124592539
convnext_small,0.6834480260775081,0.8467946396233249
convnext_base,0.7069902209344441,0.8600144875045274
convnext_large,0.7269105396595437,0.877942774357117
convnext_xlarge,0.7488228902571532,0.8839188699746469
convnextv2_base,0.7013763129300978,0.8563926113726911
convnextv2_large,0.7127852227453821,0.8585657370517928
average,0.691700729549335,0.8490712474776219
