{
    "ssl_resnet50": {
        "top_1_accuracy": 0.5615718942412169,
        "top_5_accuracy": 0.7598696124592539
    },
    "convnext_small": {
        "top_1_accuracy": 0.6834480260775081,
        "top_5_accuracy": 0.8467946396233249
    },
    "convnext_base": {
        "top_1_accuracy": 0.7069902209344441,
        "top_5_accuracy": 0.8600144875045274
    },
    "convnext_large": {
        "top_1_accuracy": 0.7269105396595437,
        "top_5_accuracy": 0.877942774357117
    },
    "convnext_xlarge": {
        "top_1_accuracy": 0.7488228902571532,
        "top_5_accuracy": 0.8839188699746469
    },
    "convnextv2_base": {
        "top_1_accuracy": 0.7013763129300978,
        "top_5_accuracy": 0.8563926113726911
    },
    "convnextv2_large": {
        "top_1_accuracy": 0.7127852227453821,
        "top_5_accuracy": 0.8585657370517928
    },
    "average": {
        "top_1_accuracy": 0.691700729549335,
        "top_5_accuracy": 0.8490712474776219
    }
}