{
    "vit_small_patch16_224": {
        "top_1_accuracy": 0.5269829771821803,
        "top_5_accuracy": 0.7193045997826875
    },
    "vit_small_patch32_224": {
        "top_1_accuracy": 0.36526620789569,
        "top_5_accuracy": 0.5688156465048896
    },
    "vit_base_patch16_224": {
        "top_1_accuracy": 0.637631293009779,
        "top_5_accuracy": 0.8328504165157552
    },
    "vit_base_patch32_224": {
        "top_1_accuracy": 0.47899311843534953,
        "top_5_accuracy": 0.6713147410358565
    },
    "vit_large_patch16_224": {
        "top_1_accuracy": 0.6517566099239406,
        "top_5_accuracy": 0.8151032234697574
    },
    "vit_large_patch32_384": {
        "top_1_accuracy": 0.4978268743208982,
        "top_5_accuracy": 0.6800072437522636
    },
    "beit_base_patch16_224": {
        "top_1_accuracy": 0.6256791017747193,
        "top_5_accuracy": 0.7991669684896776
    },
    "beit_large_patch16_224": {
        "top_1_accuracy": 0.6919594349873235,
        "top_5_accuracy": 0.839913074972836
    },
    "beitv2_base_patch16_224": {
        "top_1_accuracy": 0.6810938065918145,
        "top_5_accuracy": 0.8337558855487143
    },
    "beitv2_large_patch16_224": {
        "top_1_accuracy": 0.7345164795363999,
        "top_5_accuracy": 0.8764940239043825
    },
    "beit3_base_patch16_224": {
        "top_1_accuracy": 0.6497645780514306,
        "top_5_accuracy": 0.8373777616805506
    },
    "beit3_large_patch16_224": {
        "top_1_accuracy": 0.6226005070626585,
        "top_5_accuracy": 0.8708801159000362
    },
    "deit_small_patch16_224": {
        "top_1_accuracy": 0.5347700108656284,
        "top_5_accuracy": 0.7278160086925027
    },
    "deit_base_patch16_224": {
        "top_1_accuracy": 0.5900036218761319,
        "top_5_accuracy": 0.7613183629119884
    },
    "deit3_small_patch16_224": {
        "top_1_accuracy": 0.6131836291198841,
        "top_5_accuracy": 0.7808764940239044
    },
    "deit3_medium_patch16_224": {
        "top_1_accuracy": 0.6398044186888808,
        "top_5_accuracy": 0.7998913437160449
    },
    "deit3_base_patch16_224": {
        "top_1_accuracy": 0.6568272365085114,
        "top_5_accuracy": 0.8147410358565738
    },
    "deit3_large_patch16_224": {
        "top_1_accuracy": 0.6810938065918145,
        "top_5_accuracy": 0.8390076059398769
    },
    "average": {
        "top_1_accuracy": 0.6044307618012797,
        "top_5_accuracy": 0.7815908084832387
    }
}