{
    "resnet34": {
        "top_1_accuracy": 0.3579061764173157,
        "top_5_accuracy": 0.5308820865785184
    },
    "resnet50": {
        "top_1_accuracy": 0.420938235826843,
        "top_5_accuracy": 0.5672885346857454
    },
    "resnet101": {
        "top_1_accuracy": 0.4528165187466039,
        "top_5_accuracy": 0.6109400470929179
    },
    "inception_v3": {
        "top_1_accuracy": 0.44539032783915955,
        "top_5_accuracy": 0.6105777938779207
    },
    "inception_v4": {
        "top_1_accuracy": 0.5102336533236732,
        "top_5_accuracy": 0.678138018474914
    },
    "efficientnetv2_rw_s": {
        "top_1_accuracy": 0.511863792791161,
        "top_5_accuracy": 0.7072994022821952
    },
    "efficientnetv2_rw_m": {
        "top_1_accuracy": 0.5707299402282195,
        "top_5_accuracy": 0.757471472559319
    },
    "efficientnet_b2": {
        "top_1_accuracy": 0.4341604781742438,
        "top_5_accuracy": 0.6314073537402645
    },
    "efficientnet_b3": {
        "top_1_accuracy": 0.5017207027712371,
        "top_5_accuracy": 0.6911791342148161
    },
    "efficientnet_b4": {
        "top_1_accuracy": 0.5415685564209383,
        "top_5_accuracy": 0.7246875566020649
    },
    "average": {
        "top_1_accuracy": 0.4747328382539395,
        "top_5_accuracy": 0.6509871400108677
    }
}