{
    "ssl_resnet50": {
        "top_1_accuracy": 0.4406810360441949,
        "top_5_accuracy": 0.6324941133852563
    },
    "convnext_small": {
        "top_1_accuracy": 0.5709110668357181,
        "top_5_accuracy": 0.7547545734468394
    },
    "convnext_base": {
        "top_1_accuracy": 0.6390146712552074,
        "top_5_accuracy": 0.8185111392863612
    },
    "convnext_large": {
        "top_1_accuracy": 0.6736098532874479,
        "top_5_accuracy": 0.8389784459337076
    },
    "convnext_xlarge": {
        "top_1_accuracy": 0.6913602608223148,
        "top_5_accuracy": 0.8467668900561492
    },
    "convnextv2_base": {
        "top_1_accuracy": 0.6335808730302481,
        "top_5_accuracy": 0.8076435428364427
    },
    "convnextv2_large": {
        "top_1_accuracy": 0.6625611302300308,
        "top_5_accuracy": 0.8166998732113747
    },
    "average": {
        "top_1_accuracy": 0.6159598416435946,
        "top_5_accuracy": 0.7879783683080188
    }
}