,top_1_accuracy,top_5_accuracy
ssl_resnet50,0.4406810360441949,0.6324941133852563
convnext_small,0.5709110668357181,0.7547545734468394
convnext_base,0.6390146712552074,0.8185111392863612
convnext_large,0.6736098532874479,0.8389784459337076
convnext_xlarge,0.6913602608223148,0.8467668900561492
convnextv2_base,0.6335808730302481,0.8076435428364427
convnextv2_large,0.6625611302300308,0.8166998732113747
average,0.6159598416435946,0.7879783683080188
