,top_1_accuracy,top_5_accuracy
ssl_resnet50,0.5109502262443439,0.7198190045248869
convnext_small,0.6479638009049774,0.8028959276018099
convnext_base,0.6843438914027149,0.834027149321267
convnext_large,0.7161990950226245,0.8541176470588235
convnext_xlarge,0.7196380090497737,0.8573755656108597
convnextv2_base,0.6479638009049774,0.7885972850678733
convnextv2_large,0.6647963800904977,0.807420814479638
average,0.6559793148028442,0.8091790562378798
