{
    "ssl_resnet50": {
        "top_1_accuracy": 0.5109502262443439,
        "top_5_accuracy": 0.7198190045248869
    },
    "convnext_small": {
        "top_1_accuracy": 0.6479638009049774,
        "top_5_accuracy": 0.8028959276018099
    },
    "convnext_base": {
        "top_1_accuracy": 0.6843438914027149,
        "top_5_accuracy": 0.834027149321267
    },
    "convnext_large": {
        "top_1_accuracy": 0.7161990950226245,
        "top_5_accuracy": 0.8541176470588235
    },
    "convnext_xlarge": {
        "top_1_accuracy": 0.7196380090497737,
        "top_5_accuracy": 0.8573755656108597
    },
    "convnextv2_base": {
        "top_1_accuracy": 0.6479638009049774,
        "top_5_accuracy": 0.7885972850678733
    },
    "convnextv2_large": {
        "top_1_accuracy": 0.6647963800904977,
        "top_5_accuracy": 0.807420814479638
    },
    "average": {
        "top_1_accuracy": 0.6559793148028442,
        "top_5_accuracy": 0.8091790562378798
    }
}