{
    "vit_small_patch16_224": {
        "top_1_accuracy": 0.386606334841629,
        "top_5_accuracy": 0.5656108597285068
    },
    "vit_small_patch32_224": {
        "top_1_accuracy": 0.2743891402714932,
        "top_5_accuracy": 0.4342081447963801
    },
    "vit_base_patch16_224": {
        "top_1_accuracy": 0.5768325791855203,
        "top_5_accuracy": 0.7518552036199095
    },
    "vit_base_patch32_224": {
        "top_1_accuracy": 0.3467873303167421,
        "top_5_accuracy": 0.525972850678733
    },
    "vit_large_patch16_224": {
        "top_1_accuracy": 0.5755656108597285,
        "top_5_accuracy": 0.7221719457013575
    },
    "vit_large_patch32_384": {
        "top_1_accuracy": 0.45122171945701356,
        "top_5_accuracy": 0.635656108597285
    },
    "beit_base_patch16_224": {
        "top_1_accuracy": 0.5438914027149321,
        "top_5_accuracy": 0.709683257918552
    },
    "beit_large_patch16_224": {
        "top_1_accuracy": 0.6202714932126697,
        "top_5_accuracy": 0.755475113122172
    },
    "beitv2_base_patch16_224": {
        "top_1_accuracy": 0.6153846153846154,
        "top_5_accuracy": 0.7654298642533937
    },
    "beitv2_large_patch16_224": {
        "top_1_accuracy": 0.7002714932126697,
        "top_5_accuracy": 0.8394570135746606
    },
    "beit3_base_patch16_224": {
        "top_1_accuracy": 0.6497737556561086,
        "top_5_accuracy": 0.8010859728506787
    },
    "beit3_large_patch16_224": {
        "top_1_accuracy": 0.6168325791855204,
        "top_5_accuracy": 0.8142986425339367
    },
    "deit_small_patch16_224": {
        "top_1_accuracy": 0.474027149321267,
        "top_5_accuracy": 0.668235294117647
    },
    "deit_base_patch16_224": {
        "top_1_accuracy": 0.548235294117647,
        "top_5_accuracy": 0.7053393665158371
    },
    "deit3_small_patch16_224": {
        "top_1_accuracy": 0.589502262443439,
        "top_5_accuracy": 0.7469683257918552
    },
    "deit3_medium_patch16_224": {
        "top_1_accuracy": 0.6144796380090498,
        "top_5_accuracy": 0.7625339366515838
    },
    "deit3_base_patch16_224": {
        "top_1_accuracy": 0.6428959276018099,
        "top_5_accuracy": 0.7954751131221719
    },
    "deit3_large_patch16_224": {
        "top_1_accuracy": 0.6278733031674208,
        "top_5_accuracy": 0.7819004524886878
    },
    "average": {
        "top_1_accuracy": 0.5474912016088487,
        "top_5_accuracy": 0.7100754147812973
    }
}