,top_1_accuracy,top_5_accuracy
resnet34,0.0,0.0
resnet50,0.0,0.0
resnet101,0.0,0.027777777777777776
inception_v3,0.0,0.0
inception_v4,0.08333333333333333,0.3055555555555556
efficientnetv2_rw_s,0.0,0.6388888888888888
efficientnetv2_rw_m,0.027777777777777776,0.8888888888888888
efficientnet_b2,0.1388888888888889,0.3055555555555556
efficientnet_b3,0.3055555555555556,0.7777777777777778
efficientnet_b4,0.2222222222222222,0.8055555555555556
average,0.07777777777777778,0.375
