{
    "resnet34": {
        "top_1_accuracy": 0.0,
        "top_5_accuracy": 0.0
    },
    "resnet50": {
        "top_1_accuracy": 0.0,
        "top_5_accuracy": 0.0
    },
    "resnet101": {
        "top_1_accuracy": 0.0,
        "top_5_accuracy": 0.027777777777777776
    },
    "inception_v3": {
        "top_1_accuracy": 0.0,
        "top_5_accuracy": 0.0
    },
    "inception_v4": {
        "top_1_accuracy": 0.08333333333333333,
        "top_5_accuracy": 0.3055555555555556
    },
    "efficientnetv2_rw_s": {
        "top_1_accuracy": 0.0,
        "top_5_accuracy": 0.6388888888888888
    },
    "efficientnetv2_rw_m": {
        "top_1_accuracy": 0.027777777777777776,
        "top_5_accuracy": 0.8888888888888888
    },
    "efficientnet_b2": {
        "top_1_accuracy": 0.1388888888888889,
        "top_5_accuracy": 0.3055555555555556
    },
    "efficientnet_b3": {
        "top_1_accuracy": 0.3055555555555556,
        "top_5_accuracy": 0.7777777777777778
    },
    "efficientnet_b4": {
        "top_1_accuracy": 0.2222222222222222,
        "top_5_accuracy": 0.8055555555555556
    },
    "average": {
        "top_1_accuracy": 0.07777777777777778,
        "top_5_accuracy": 0.375
    }
}