{
    "ssl_resnet50": {
        "top_1_accuracy": 0.08333333333333333,
        "top_5_accuracy": 0.2222222222222222
    },
    "convnext_small": {
        "top_1_accuracy": 0.75,
        "top_5_accuracy": 0.8888888888888888
    },
    "convnext_base": {
        "top_1_accuracy": 0.1111111111111111,
        "top_5_accuracy": 0.75
    },
    "convnext_large": {
        "top_1_accuracy": 0.6111111111111112,
        "top_5_accuracy": 0.8333333333333334
    },
    "convnext_xlarge": {
        "top_1_accuracy": 0.6944444444444444,
        "top_5_accuracy": 0.8611111111111112
    },
    "convnextv2_base": {
        "top_1_accuracy": 0.9166666666666666,
        "top_5_accuracy": 0.9722222222222222
    },
    "convnextv2_large": {
        "top_1_accuracy": 0.8055555555555556,
        "top_5_accuracy": 0.8611111111111112
    },
    "average": {
        "top_1_accuracy": 0.5674603174603174,
        "top_5_accuracy": 0.7698412698412699
    }
}