,top_1_accuracy,top_5_accuracy
ssl_resnet50,0.08333333333333333,0.2222222222222222
convnext_small,0.75,0.8888888888888888
convnext_base,0.1111111111111111,0.75
convnext_large,0.6111111111111112,0.8333333333333334
convnext_xlarge,0.6944444444444444,0.8611111111111112
convnextv2_base,0.9166666666666666,0.9722222222222222
convnextv2_large,0.8055555555555556,0.8611111111111112
average,0.5674603174603174,0.7698412698412699
