,top_1_accuracy,top_5_accuracy
ssl_resnet50,0.4168927473322481,0.6087900162778079
convnext_small,0.48941942485078677,0.6690179055887141
convnext_base,0.5901609694338941,0.7533007777174896
convnext_large,0.627599927654187,0.7728341472237295
convnext_xlarge,0.6491228070175439,0.7900162778079218
convnextv2_base,0.5720745161873757,0.7406402604449267
convnextv2_large,0.6069813709531561,0.7520347259902334
average,0.5646073947755987,0.7266620158644034
