,top_1_accuracy,top_5_accuracy
ssl_resnet50,0.4711852120333454,0.692823486770569
convnext_small,0.5898876404494382,0.7636824936571222
convnext_base,0.6540413193185937,0.8320043494019572
convnext_large,0.6841246828561073,0.8472272562522654
convnext_xlarge,0.7017035157665821,0.8515766582094962
convnextv2_base,0.6476984414642987,0.8098948894527003
convnextv2_large,0.6728887277999275,0.83943457774556
average,0.6316470770983276,0.8052348159270958
