{
    "vit_small_patch16_224": {
        "top_1_accuracy": 0.3486770569046756,
        "top_5_accuracy": 0.5306270387821674
    },
    "vit_small_patch32_224": {
        "top_1_accuracy": 0.20659659296846683,
        "top_5_accuracy": 0.3599130119608554
    },
    "vit_base_patch16_224": {
        "top_1_accuracy": 0.45251902863356286,
        "top_5_accuracy": 0.7272562522653135
    },
    "vit_base_patch32_224": {
        "top_1_accuracy": 0.30536426241391806,
        "top_5_accuracy": 0.48405219282348677
    },
    "vit_large_patch16_224": {
        "top_1_accuracy": 0.5239217107647699,
        "top_5_accuracy": 0.7013410656034795
    },
    "vit_large_patch32_384": {
        "top_1_accuracy": 0.33979702790866256,
        "top_5_accuracy": 0.5079739035882567
    },
    "beit_base_patch16_224": {
        "top_1_accuracy": 0.5212033345415006,
        "top_5_accuracy": 0.7127582457412106
    },
    "beit_large_patch16_224": {
        "top_1_accuracy": 0.6297571583907213,
        "top_5_accuracy": 0.7966654584994564
    },
    "beitv2_base_patch16_224": {
        "top_1_accuracy": 0.6067415730337079,
        "top_5_accuracy": 0.7870605291772381
    },
    "beitv2_large_patch16_224": {
        "top_1_accuracy": 0.6794128307357739,
        "top_5_accuracy": 0.8376223269300471
    },
    "beit3_base_patch16_224": {
        "top_1_accuracy": 0.4932946719826024,
        "top_5_accuracy": 0.7301558535701341
    },
    "beit3_large_patch16_224": {
        "top_1_accuracy": 0.5516491482421167,
        "top_5_accuracy": 0.8033707865168539
    },
    "deit_small_patch16_224": {
        "top_1_accuracy": 0.3590068865530989,
        "top_5_accuracy": 0.5545487495469373
    },
    "deit_base_patch16_224": {
        "top_1_accuracy": 0.40250090612540773,
        "top_5_accuracy": 0.6161652772743748
    },
    "deit3_small_patch16_224": {
        "top_1_accuracy": 0.47372236317506344,
        "top_5_accuracy": 0.6348314606741573
    },
    "deit3_medium_patch16_224": {
        "top_1_accuracy": 0.43874592243566507,
        "top_5_accuracy": 0.6480608916274012
    },
    "deit3_base_patch16_224": {
        "top_1_accuracy": 0.5039869517941283,
        "top_5_accuracy": 0.702247191011236
    },
    "deit3_large_patch16_224": {
        "top_1_accuracy": 0.5367886915549112,
        "top_5_accuracy": 0.7546212395795578
    },
    "average": {
        "top_1_accuracy": 0.46520478434215295,
        "top_5_accuracy": 0.6605150819540091
    }
}