{
    "resnet34": {
        "top_1_accuracy": 0.37869179199130276,
        "top_5_accuracy": 0.5307120855227396
    },
    "resnet50": {
        "top_1_accuracy": 0.4306939662982424,
        "top_5_accuracy": 0.5665881500271789
    },
    "resnet101": {
        "top_1_accuracy": 0.4517122667149846,
        "top_5_accuracy": 0.5848885667693423
    },
    "inception_v3": {
        "top_1_accuracy": 0.4040587062873709,
        "top_5_accuracy": 0.5508244247146222
    },
    "inception_v4": {
        "top_1_accuracy": 0.48124660264540675,
        "top_5_accuracy": 0.6330857039318717
    },
    "efficientnetv2_rw_s": {
        "top_1_accuracy": 0.4736365283565863,
        "top_5_accuracy": 0.6425077006704113
    },
    "efficientnetv2_rw_m": {
        "top_1_accuracy": 0.5691248414567857,
        "top_5_accuracy": 0.7267620945823519
    },
    "efficientnet_b2": {
        "top_1_accuracy": 0.4064142054720058,
        "top_5_accuracy": 0.5593404602283022
    },
    "efficientnet_b3": {
        "top_1_accuracy": 0.5037144410219243,
        "top_5_accuracy": 0.6669686537416198
    },
    "efficientnet_b4": {
        "top_1_accuracy": 0.4950172132632723,
        "top_5_accuracy": 0.647581083529625
    },
    "average": {
        "top_1_accuracy": 0.45943105635078824,
        "top_5_accuracy": 0.6109258923718064
    }
}