,top_1_accuracy,top_5_accuracy
ssl_resnet50,0.42380866098930964,0.5861569124841457
convnext_small,0.5430331581808299,0.7149845986591774
convnext_base,0.6109802500452981,0.754303315818083
convnext_large,0.6512049284290632,0.7856495741982243
convnext_xlarge,0.6767530349701033,0.8088421815546295
convnextv2_base,0.6193150933140061,0.7604638521471281
convnextv2_large,0.6542851965935857,0.7907229570574379
average,0.5970543317888852,0.7430176274169751
