,top_1_accuracy,top_5_accuracy
ssl_resnet50,0.5777938779206665,0.7926100344140554
convnext_small,0.6785002716899112,0.8391595725412063
convnext_base,0.7228762905270785,0.875747147255932
convnext_large,0.74533598985691,0.8846223510233653
convnext_xlarge,0.7491396486143814,0.8925919217533056
convnextv2_base,0.7085672885346858,0.8636116645535229
convnextv2_large,0.732657127332005,0.8762905270784278
average,0.7021243563536625,0.8606618883742595
