{
    "ssl_resnet50": {
        "top_1_accuracy": 0.5777938779206665,
        "top_5_accuracy": 0.7926100344140554
    },
    "convnext_small": {
        "top_1_accuracy": 0.6785002716899112,
        "top_5_accuracy": 0.8391595725412063
    },
    "convnext_base": {
        "top_1_accuracy": 0.7228762905270785,
        "top_5_accuracy": 0.875747147255932
    },
    "convnext_large": {
        "top_1_accuracy": 0.74533598985691,
        "top_5_accuracy": 0.8846223510233653
    },
    "convnext_xlarge": {
        "top_1_accuracy": 0.7491396486143814,
        "top_5_accuracy": 0.8925919217533056
    },
    "convnextv2_base": {
        "top_1_accuracy": 0.7085672885346858,
        "top_5_accuracy": 0.8636116645535229
    },
    "convnextv2_large": {
        "top_1_accuracy": 0.732657127332005,
        "top_5_accuracy": 0.8762905270784278
    },
    "average": {
        "top_1_accuracy": 0.7021243563536625,
        "top_5_accuracy": 0.8606618883742595
    }
}