,top_1_accuracy,top_5_accuracy
ssl_resnet50,0.4734745609270324,0.6496469310157523
convnext_small,0.5844649646931016,0.7512221618685497
convnext_base,0.6505522361035669,0.8028245518739815
convnext_large,0.6672098497193554,0.8100669925764983
convnext_xlarge,0.6806083650190115,0.8285352163679159
convnextv2_base,0.6299112801013942,0.7881586094513852
convnextv2_large,0.6469310157523085,0.7890639145391997
average,0.6190217531879671,0.7742169110990405
