{
    "ssl_resnet50": {
        "top_1_accuracy": 0.4734745609270324,
        "top_5_accuracy": 0.6496469310157523
    },
    "convnext_small": {
        "top_1_accuracy": 0.5844649646931016,
        "top_5_accuracy": 0.7512221618685497
    },
    "convnext_base": {
        "top_1_accuracy": 0.6505522361035669,
        "top_5_accuracy": 0.8028245518739815
    },
    "convnext_large": {
        "top_1_accuracy": 0.6672098497193554,
        "top_5_accuracy": 0.8100669925764983
    },
    "convnext_xlarge": {
        "top_1_accuracy": 0.6806083650190115,
        "top_5_accuracy": 0.8285352163679159
    },
    "convnextv2_base": {
        "top_1_accuracy": 0.6299112801013942,
        "top_5_accuracy": 0.7881586094513852
    },
    "convnextv2_large": {
        "top_1_accuracy": 0.6469310157523085,
        "top_5_accuracy": 0.7890639145391997
    },
    "average": {
        "top_1_accuracy": 0.6190217531879671,
        "top_5_accuracy": 0.7742169110990405
    }
}