,top_1_accuracy,top_5_accuracy
ssl_resnet50,0.24489795918367346,0.7142857142857143
convnext_small,0.0,0.8367346938775511
convnext_base,0.20408163265306123,0.7142857142857143
convnext_large,0.10204081632653061,0.7142857142857143
convnext_xlarge,0.14285714285714285,0.7346938775510204
convnextv2_base,0.24489795918367346,0.7346938775510204
convnextv2_large,0.12244897959183673,0.7142857142857143
average,0.15160349854227403,0.7376093294460642
