{
    "ssl_resnet50": {
        "top_1_accuracy": 0.24489795918367346,
        "top_5_accuracy": 0.7142857142857143
    },
    "convnext_small": {
        "top_1_accuracy": 0.0,
        "top_5_accuracy": 0.8367346938775511
    },
    "convnext_base": {
        "top_1_accuracy": 0.20408163265306123,
        "top_5_accuracy": 0.7142857142857143
    },
    "convnext_large": {
        "top_1_accuracy": 0.10204081632653061,
        "top_5_accuracy": 0.7142857142857143
    },
    "convnext_xlarge": {
        "top_1_accuracy": 0.14285714285714285,
        "top_5_accuracy": 0.7346938775510204
    },
    "convnextv2_base": {
        "top_1_accuracy": 0.24489795918367346,
        "top_5_accuracy": 0.7346938775510204
    },
    "convnextv2_large": {
        "top_1_accuracy": 0.12244897959183673,
        "top_5_accuracy": 0.7142857142857143
    },
    "average": {
        "top_1_accuracy": 0.15160349854227403,
        "top_5_accuracy": 0.7376093294460642
    }
}