,top_1_accuracy,top_5_accuracy
ssl_resnet50,0.0,0.04081632653061224
convnext_small,0.5714285714285714,1.0
convnext_base,0.2653061224489796,0.8367346938775511
convnext_large,0.0,0.7959183673469388
convnext_xlarge,0.10204081632653061,0.8979591836734694
convnextv2_base,0.04081632653061224,0.9387755102040817
convnextv2_large,0.6938775510204082,0.9183673469387755
average,0.23906705539358603,0.7755102040816327
