{
    "ssl_resnet50": {
        "top_1_accuracy": 0.0,
        "top_5_accuracy": 0.04081632653061224
    },
    "convnext_small": {
        "top_1_accuracy": 0.5714285714285714,
        "top_5_accuracy": 1.0
    },
    "convnext_base": {
        "top_1_accuracy": 0.2653061224489796,
        "top_5_accuracy": 0.8367346938775511
    },
    "convnext_large": {
        "top_1_accuracy": 0.0,
        "top_5_accuracy": 0.7959183673469388
    },
    "convnext_xlarge": {
        "top_1_accuracy": 0.10204081632653061,
        "top_5_accuracy": 0.8979591836734694
    },
    "convnextv2_base": {
        "top_1_accuracy": 0.04081632653061224,
        "top_5_accuracy": 0.9387755102040817
    },
    "convnextv2_large": {
        "top_1_accuracy": 0.6938775510204082,
        "top_5_accuracy": 0.9183673469387755
    },
    "average": {
        "top_1_accuracy": 0.23906705539358603,
        "top_5_accuracy": 0.7755102040816327
    }
}