{
    "ssl_resnet50": {
        "top_1_accuracy": 0.5729827742520399,
        "top_5_accuracy": 0.7657298277425204
    },
    "convnext_small": {
        "top_1_accuracy": 0.6407978241160471,
        "top_5_accuracy": 0.8092475067996373
    },
    "convnext_base": {
        "top_1_accuracy": 0.6980961015412511,
        "top_5_accuracy": 0.8446056210335449
    },
    "convnext_large": {
        "top_1_accuracy": 0.7102447869446963,
        "top_5_accuracy": 0.858386219401632
    },
    "convnext_xlarge": {
        "top_1_accuracy": 0.7211242067089755,
        "top_5_accuracy": 0.8645512239347235
    },
    "convnextv2_base": {
        "top_1_accuracy": 0.6812330009066183,
        "top_5_accuracy": 0.8371713508612874
    },
    "convnextv2_large": {
        "top_1_accuracy": 0.714233907524932,
        "top_5_accuracy": 0.857479601087942
    },
    "average": {
        "top_1_accuracy": 0.6769589431420799,
        "top_5_accuracy": 0.8338816215516124
    }
}