,top_1_accuracy,top_5_accuracy
ssl_resnet50,0.5729827742520399,0.7657298277425204
convnext_small,0.6407978241160471,0.8092475067996373
convnext_base,0.6980961015412511,0.8446056210335449
convnext_large,0.7102447869446963,0.858386219401632
convnext_xlarge,0.7211242067089755,0.8645512239347235
convnextv2_base,0.6812330009066183,0.8371713508612874
convnextv2_large,0.714233907524932,0.857479601087942
average,0.6769589431420799,0.8338816215516124
