,top_1_accuracy,top_5_accuracy
ssl_resnet50,0.5734468393406992,0.7699692084767252
convnext_small,0.6951639195797863,0.8449556239811629
convnext_base,0.7111030610396667,0.8585401195435609
convnext_large,0.7380909255569643,0.8723057417134578
convnext_xlarge,0.7467850027168991,0.8786451729759102
convnextv2_base,0.7199782648071001,0.8648795508060134
convnextv2_large,0.7299402282195254,0.8790074261909074
average,0.7020726058943774,0.8526146919553911
