,top_1_accuracy,top_5_accuracy
resnet34,0.9591836734693877,1.0
resnet50,1.0,1.0
resnet101,1.0,1.0
inception_v3,0.8979591836734694,1.0
inception_v4,0.9795918367346939,1.0
efficientnetv2_rw_s,1.0,1.0
efficientnetv2_rw_m,1.0,1.0
efficientnet_b2,0.8775510204081632,0.9591836734693877
efficientnet_b3,1.0,1.0
efficientnet_b4,1.0,1.0
average,0.9714285714285713,0.9959183673469388
