,top_1_accuracy,top_5_accuracy
ssl_resnet50,0.5209277042942562,0.7113607537597391
convnext_small,0.6194962855589781,0.799238992571118
convnext_base,0.6363471643413662,0.8180829860481972
convnext_large,0.634535241891647,0.833303134625838
convnext_xlarge,0.5946729479978257,0.8563145497372713
convnextv2_base,0.5682188802319261,0.8046747599202754
convnextv2_large,0.5571661532886393,0.809929335024461
average,0.5901949110863768,0.8047006445267
