,top_1_accuracy,top_5_accuracy
ssl_resnet50,0.5837857401375317,0.7841114730365545
convnext_small,0.6816865725660514,0.8610206297502715
convnext_base,0.7292797683677162,0.8834600072385088
convnext_large,0.748642779587405,0.8894317770539268
convnext_xlarge,0.7509952949692363,0.8943177705392689
convnextv2_base,0.7430329352153456,0.8854505971769815
convnextv2_large,0.7119073470865002,0.8809265291349981
average,0.7070472054185409,0.8683883977043586
