,top_1_accuracy,top_5_accuracy
resnet34,0.9722222222222222,1.0
resnet50,1.0,1.0
resnet101,1.0,1.0
inception_v3,0.9444444444444444,0.9722222222222222
inception_v4,0.8055555555555556,0.9722222222222222
efficientnetv2_rw_s,1.0,1.0
efficientnetv2_rw_m,1.0,1.0
efficientnet_b2,1.0,1.0
efficientnet_b3,0.9722222222222222,1.0
efficientnet_b4,1.0,1.0
average,0.9694444444444444,0.9944444444444445
