,top_1_accuracy,top_5_accuracy
ssl_resnet50,0.5731618978630931,0.7720028975009054
convnext_small,0.6964867801521188,0.8518652662078957
convnext_base,0.7385005432814198,0.8904382470119522
convnext_large,0.7488228902571532,0.9014849692140529
convnext_xlarge,0.7557044549076422,0.9049257515392973
convnextv2_base,0.7165881926838102,0.8672582397681999
convnextv2_large,0.7453821079319087,0.8888084027526258
average,0.710663838153878,0.8681119677135614
