{
    "resnet34": {
        "top_1_accuracy": 0.46055012667390516,
        "top_5_accuracy": 0.6704668838219326
    },
    "resnet50": {
        "top_1_accuracy": 0.5490408975750996,
        "top_5_accuracy": 0.7099167571480275
    },
    "resnet101": {
        "top_1_accuracy": 0.5664133188563156,
        "top_5_accuracy": 0.7372421281216069
    },
    "inception_v3": {
        "top_1_accuracy": 0.5012667390517553,
        "top_5_accuracy": 0.6947158885269634
    },
    "inception_v4": {
        "top_1_accuracy": 0.5398117987694535,
        "top_5_accuracy": 0.7184220050669562
    },
    "efficientnetv2_rw_s": {
        "top_1_accuracy": 0.5115816141874774,
        "top_5_accuracy": 0.7242128121606949
    },
    "efficientnetv2_rw_m": {
        "top_1_accuracy": 0.5922909880564604,
        "top_5_accuracy": 0.7757871878393051
    },
    "efficientnet_b2": {
        "top_1_accuracy": 0.48117987694534925,
        "top_5_accuracy": 0.68204849800941
    },
    "efficientnet_b3": {
        "top_1_accuracy": 0.5613463626492943,
        "top_5_accuracy": 0.7490047050307637
    },
    "efficientnet_b4": {
        "top_1_accuracy": 0.5685848715164676,
        "top_5_accuracy": 0.7580528411147304
    },
    "average": {
        "top_1_accuracy": 0.5332066594281578,
        "top_5_accuracy": 0.721986970684039
    }
}