,top_1_accuracy,top_5_accuracy
ssl_resnet50,0.5405356496561708,0.7455664133188563
convnext_small,0.6333695258776691,0.8197611292073833
convnext_base,0.6659428157799493,0.8398479913137894
convnext_large,0.7104596453130655,0.8626492942453855
convnext_xlarge,0.7224031849439015,0.8660875859572928
convnextv2_base,0.6692001447701773,0.8338762214983714
convnextv2_large,0.6813246471226927,0.8396670285921101
average,0.6604622304948037,0.8296365234475985
