,top_1_accuracy,top_5_accuracy
ssl_resnet50,0.5796812749003984,0.7823252444766389
convnext_small,0.6814559942049981,0.8402752625860196
convnext_base,0.7182180369431366,0.8734154291923216
convnext_large,0.7276349148859109,0.8804780876494024
convnext_xlarge,0.7537124230351322,0.9009416877942774
convnextv2_base,0.7160449112640348,0.8706990220934444
convnextv2_large,0.7328866352770735,0.8806591814559942
average,0.7013763129300978,0.8612562736068712
