,top_1_accuracy,top_5_accuracy
ssl_resnet50,0.5806043061335263,0.7718472950967975
convnext_small,0.6936855436945902,0.8465713768771486
convnext_base,0.6998371630179121,0.8465713768771486
convnext_large,0.735118509136964,0.8785959833544418
convnext_xlarge,0.7476026777637055,0.8791387732947349
convnextv2_base,0.7121404016645558,0.866292744707798
convnextv2_large,0.7362040890175502,0.8677401845485797
average,0.7007418129184007,0.8509653906795213
