{
    "ssl_resnet50": {
        "top_1_accuracy": 0.5806043061335263,
        "top_5_accuracy": 0.7718472950967975
    },
    "convnext_small": {
        "top_1_accuracy": 0.6936855436945902,
        "top_5_accuracy": 0.8465713768771486
    },
    "convnext_base": {
        "top_1_accuracy": 0.6998371630179121,
        "top_5_accuracy": 0.8465713768771486
    },
    "convnext_large": {
        "top_1_accuracy": 0.735118509136964,
        "top_5_accuracy": 0.8785959833544418
    },
    "convnext_xlarge": {
        "top_1_accuracy": 0.7476026777637055,
        "top_5_accuracy": 0.8791387732947349
    },
    "convnextv2_base": {
        "top_1_accuracy": 0.7121404016645558,
        "top_5_accuracy": 0.866292744707798
    },
    "convnextv2_large": {
        "top_1_accuracy": 0.7362040890175502,
        "top_5_accuracy": 0.8677401845485797
    },
    "average": {
        "top_1_accuracy": 0.7007418129184007,
        "top_5_accuracy": 0.8509653906795213
    }
}