{
    "resnet34": {
        "top_1_accuracy": 0.5134057971014493,
        "top_5_accuracy": 0.6768115942028986
    },
    "resnet50": {
        "top_1_accuracy": 0.5882246376811594,
        "top_5_accuracy": 0.7369565217391304
    },
    "resnet101": {
        "top_1_accuracy": 0.5648550724637681,
        "top_5_accuracy": 0.7289855072463768
    },
    "inception_v3": {
        "top_1_accuracy": 0.519927536231884,
        "top_5_accuracy": 0.6896739130434782
    },
    "inception_v4": {
        "top_1_accuracy": 0.576268115942029,
        "top_5_accuracy": 0.7266304347826087
    },
    "efficientnetv2_rw_s": {
        "top_1_accuracy": 0.6083333333333333,
        "top_5_accuracy": 0.7742753623188405
    },
    "efficientnetv2_rw_m": {
        "top_1_accuracy": 0.6572463768115943,
        "top_5_accuracy": 0.8085144927536232
    },
    "efficientnet_b2": {
        "top_1_accuracy": 0.5141304347826087,
        "top_5_accuracy": 0.7054347826086956
    },
    "efficientnet_b3": {
        "top_1_accuracy": 0.6039855072463768,
        "top_5_accuracy": 0.7726449275362319
    },
    "efficientnet_b4": {
        "top_1_accuracy": 0.6166666666666667,
        "top_5_accuracy": 0.7831521739130435
    },
    "average": {
        "top_1_accuracy": 0.5763043478260871,
        "top_5_accuracy": 0.7403079710144927
    }
}