,top_1_accuracy,top_5_accuracy
ssl_resnet50,0.5447463768115942,0.7356884057971015
convnext_small,0.618840579710145,0.8014492753623188
convnext_base,0.7028985507246377,0.8503623188405797
convnext_large,0.7092391304347826,0.8503623188405797
convnext_xlarge,0.7365942028985507,0.8724637681159421
convnextv2_base,0.6923913043478261,0.8414855072463768
convnextv2_large,0.7159420289855073,0.8643115942028986
average,0.6743788819875777,0.8308747412008282
