{
    "resnet34": {
        "top_1_accuracy": 0.5748188405797101,
        "top_5_accuracy": 0.7666666666666667
    },
    "resnet50": {
        "top_1_accuracy": 0.6172101449275362,
        "top_5_accuracy": 0.7858695652173913
    },
    "resnet101": {
        "top_1_accuracy": 0.638768115942029,
        "top_5_accuracy": 0.8099637681159421
    },
    "inception_v3": {
        "top_1_accuracy": 0.5677536231884058,
        "top_5_accuracy": 0.7552536231884058
    },
    "inception_v4": {
        "top_1_accuracy": 0.6289855072463768,
        "top_5_accuracy": 0.7996376811594202
    },
    "efficientnetv2_rw_s": {
        "top_1_accuracy": 0.6460144927536232,
        "top_5_accuracy": 0.8266304347826087
    },
    "efficientnetv2_rw_m": {
        "top_1_accuracy": 0.6853260869565218,
        "top_5_accuracy": 0.8572463768115942
    },
    "efficientnet_b2": {
        "top_1_accuracy": 0.5751811594202898,
        "top_5_accuracy": 0.7710144927536232
    },
    "efficientnet_b3": {
        "top_1_accuracy": 0.6320652173913044,
        "top_5_accuracy": 0.8202898550724638
    },
    "efficientnet_b4": {
        "top_1_accuracy": 0.6585144927536232,
        "top_5_accuracy": 0.8331521739130435
    },
    "average": {
        "top_1_accuracy": 0.622463768115942,
        "top_5_accuracy": 0.802572463768116
    }
}