,top_1_accuracy,top_5_accuracy
ssl_resnet50,0.6222826086956522,0.8182971014492754
convnext_small,0.6998188405797101,0.8648550724637681
convnext_base,0.7318840579710145,0.8833333333333333
convnext_large,0.7530797101449276,0.8967391304347826
convnext_xlarge,0.7641304347826087,0.9041666666666667
convnextv2_base,0.7086956521739131,0.8659420289855072
convnextv2_large,0.7271739130434782,0.8786231884057971
average,0.7152950310559005,0.8731366459627328
