,top_1_accuracy,top_5_accuracy
ssl_resnet50,0.5792616720955484,0.7596815056098444
convnext_small,0.6948968512486428,0.8344191096634094
convnext_base,0.7155266015200868,0.8414766558089034
convnext_large,0.7225841476655809,0.8469055374592834
convnext_xlarge,0.7392327180600796,0.8617444806369888
convnextv2_base,0.7229460731089395,0.8519724936663048
convnextv2_large,0.7274701411509229,0.8516105682229461
average,0.7002740292642573,0.8354014787239544
