{
    "vit_small_patch16_224": {
        "top_1_accuracy": 0.5275063336952588,
        "top_5_accuracy": 0.6883821932681867
    },
    "vit_small_patch32_224": {
        "top_1_accuracy": 0.36482084690553745,
        "top_5_accuracy": 0.5418023887079262
    },
    "vit_base_patch16_224": {
        "top_1_accuracy": 0.7102786825913862,
        "top_5_accuracy": 0.8418385812522621
    },
    "vit_base_patch32_224": {
        "top_1_accuracy": 0.48172276511038725,
        "top_5_accuracy": 0.6561708288092652
    },
    "vit_large_patch16_224": {
        "top_1_accuracy": 0.6201592471950779,
        "top_5_accuracy": 0.7596815056098444
    },
    "vit_large_patch32_384": {
        "top_1_accuracy": 0.5499457111834962,
        "top_5_accuracy": 0.7135360115816142
    },
    "beit_base_patch16_224": {
        "top_1_accuracy": 0.6681143684401013,
        "top_5_accuracy": 0.8085414404632646
    },
    "beit_large_patch16_224": {
        "top_1_accuracy": 0.7070213536011581,
        "top_5_accuracy": 0.836409699601882
    },
    "beitv2_base_patch16_224": {
        "top_1_accuracy": 0.6872964169381107,
        "top_5_accuracy": 0.813608396670286
    },
    "beitv2_large_patch16_224": {
        "top_1_accuracy": 0.759500542888165,
        "top_5_accuracy": 0.8722403184943902
    },
    "beit3_base_patch16_224": {
        "top_1_accuracy": 0.6438653637350705,
        "top_5_accuracy": 0.8432862830256967
    },
    "beit3_large_patch16_224": {
        "top_1_accuracy": 0.686391603329714,
        "top_5_accuracy": 0.8550488599348535
    },
    "deit_small_patch16_224": {
        "top_1_accuracy": 0.5370973579442635,
        "top_5_accuracy": 0.7229460731089395
    },
    "deit_base_patch16_224": {
        "top_1_accuracy": 0.6230546507419472,
        "top_5_accuracy": 0.7707202316322838
    },
    "deit3_small_patch16_224": {
        "top_1_accuracy": 0.6176257690915672,
        "top_5_accuracy": 0.7739775606225118
    },
    "deit3_medium_patch16_224": {
        "top_1_accuracy": 0.6380745566413318,
        "top_5_accuracy": 0.8242851972493667
    },
    "deit3_base_patch16_224": {
        "top_1_accuracy": 0.677705392689106,
        "top_5_accuracy": 0.8132464712269273
    },
    "deit3_large_patch16_224": {
        "top_1_accuracy": 0.6920014477017734,
        "top_5_accuracy": 0.8382193268186754
    },
    "average": {
        "top_1_accuracy": 0.6217879116901918,
        "top_5_accuracy": 0.7763300760043431
    }
}