,top_1_accuracy,top_5_accuracy
ssl_resnet50,0.48814050334962883,0.6880318667390911
convnext_small,0.6076407749411552,0.7876154263986963
convnext_base,0.6509143581386927,0.8160420061560746
convnext_large,0.6637696903856599,0.8209306536302734
convnext_xlarge,0.6865833785985878,0.8337859858772406
convnextv2_base,0.6599674090168387,0.8154988231033858
convnextv2_large,0.6655803005612891,0.8182147383668297
average,0.6317994878559788,0.7971599286102273
