,top_1_accuracy,top_5_accuracy
ssl_resnet50,0.5784615384615385,0.7817194570135747
convnext_small,0.7000904977375566,0.860633484162896
convnext_base,0.7391855203619909,0.8897737556561086
convnext_large,0.7565610859728507,0.8970135746606335
convnext_xlarge,0.7674208144796381,0.9064253393665158
convnextv2_base,0.7218099547511312,0.8687782805429864
convnextv2_large,0.737737556561086,0.8823529411764706
average,0.7144667097608275,0.8695281189398837
