{
    "ssl_resnet50": {
        "top_1_accuracy": 0.6064387773557606,
        "top_5_accuracy": 0.804847169470067
    },
    "convnext_small": {
        "top_1_accuracy": 0.6833062036534635,
        "top_5_accuracy": 0.8460842828721288
    },
    "convnext_base": {
        "top_1_accuracy": 0.7370229697956231,
        "top_5_accuracy": 0.8762886597938144
    },
    "convnext_large": {
        "top_1_accuracy": 0.7601736299511666,
        "top_5_accuracy": 0.8853318864170736
    },
    "convnext_xlarge": {
        "top_1_accuracy": 0.768493398444565,
        "top_5_accuracy": 0.8978115391571713
    },
    "convnextv2_base": {
        "top_1_accuracy": 0.7238198589256647,
        "top_5_accuracy": 0.8572978838849702
    },
    "convnextv2_large": {
        "top_1_accuracy": 0.7426297703020438,
        "top_5_accuracy": 0.8714053174172545
    },
    "average": {
        "top_1_accuracy": 0.7174120869183266,
        "top_5_accuracy": 0.8627238198589257
    }
}