,top_1_accuracy,top_5_accuracy
ssl_resnet50,0.6064387773557606,0.804847169470067
convnext_small,0.6833062036534635,0.8460842828721288
convnext_base,0.7370229697956231,0.8762886597938144
convnext_large,0.7601736299511666,0.8853318864170736
convnext_xlarge,0.768493398444565,0.8978115391571713
convnextv2_base,0.7238198589256647,0.8572978838849702
convnextv2_large,0.7426297703020438,0.8714053174172545
average,0.7174120869183266,0.8627238198589257
