{
    "vit_small_patch16_224": {
        "top_1_accuracy": 0.4919515283052993,
        "top_5_accuracy": 0.6809549647314161
    },
    "vit_small_patch32_224": {
        "top_1_accuracy": 0.4156266956049919,
        "top_5_accuracy": 0.6129499005245072
    },
    "vit_base_patch16_224": {
        "top_1_accuracy": 0.6814975583288118,
        "top_5_accuracy": 0.8524145415084102
    },
    "vit_base_patch32_224": {
        "top_1_accuracy": 0.5096762524868873,
        "top_5_accuracy": 0.700488334237656
    },
    "vit_large_patch16_224": {
        "top_1_accuracy": 0.6735395189003437,
        "top_5_accuracy": 0.8211249773919335
    },
    "vit_large_patch32_384": {
        "top_1_accuracy": 0.5035268583830711,
        "top_5_accuracy": 0.6945198046663049
    },
    "beit_base_patch16_224": {
        "top_1_accuracy": 0.6568999819135467,
        "top_5_accuracy": 0.8115391571712787
    },
    "beit_large_patch16_224": {
        "top_1_accuracy": 0.7287032013022247,
        "top_5_accuracy": 0.8686923494302767
    },
    "beitv2_base_patch16_224": {
        "top_1_accuracy": 0.7221920781334781,
        "top_5_accuracy": 0.8712244528847893
    },
    "beitv2_large_patch16_224": {
        "top_1_accuracy": 0.7634291915355399,
        "top_5_accuracy": 0.8947368421052632
    },
    "beit3_base_patch16_224": {
        "top_1_accuracy": 0.672816060770483,
        "top_5_accuracy": 0.8507867607162235
    },
    "beit3_large_patch16_224": {
        "top_1_accuracy": 0.7268945559775728,
        "top_5_accuracy": 0.8744800144691626
    },
    "deit_small_patch16_224": {
        "top_1_accuracy": 0.5469343461747151,
        "top_5_accuracy": 0.750768674262977
    },
    "deit_base_patch16_224": {
        "top_1_accuracy": 0.6053535901609695,
        "top_5_accuracy": 0.7981551817688551
    },
    "deit3_small_patch16_224": {
        "top_1_accuracy": 0.6339301862904685,
        "top_5_accuracy": 0.7943570265870863
    },
    "deit3_medium_patch16_224": {
        "top_1_accuracy": 0.6252486887321397,
        "top_5_accuracy": 0.8319768493398445
    },
    "deit3_base_patch16_224": {
        "top_1_accuracy": 0.6335684572255381,
        "top_5_accuracy": 0.845360824742268
    },
    "deit3_large_patch16_224": {
        "top_1_accuracy": 0.6666666666666666,
        "top_5_accuracy": 0.8609151745342738
    },
    "average": {
        "top_1_accuracy": 0.6254697453829304,
        "top_5_accuracy": 0.8008581017262516
    }
}