{
    "ssl_resnet50": {
        "top_1_accuracy": 0.5715320536037668,
        "top_5_accuracy": 0.7761680550525172
    },
    "convnext_small": {
        "top_1_accuracy": 0.6280333212604129,
        "top_5_accuracy": 0.8216226005070627
    },
    "convnext_base": {
        "top_1_accuracy": 0.6781963056863455,
        "top_5_accuracy": 0.8500543281419776
    },
    "convnext_large": {
        "top_1_accuracy": 0.6743933357479174,
        "top_5_accuracy": 0.8551249547265484
    },
    "convnext_xlarge": {
        "top_1_accuracy": 0.7191235059760956,
        "top_5_accuracy": 0.8676204273813836
    },
    "convnextv2_base": {
        "top_1_accuracy": 0.6944947482796089,
        "top_5_accuracy": 0.845708076783774
    },
    "convnextv2_large": {
        "top_1_accuracy": 0.6932270916334662,
        "top_5_accuracy": 0.8572980804056501
    },
    "average": {
        "top_1_accuracy": 0.6655714803125161,
        "top_5_accuracy": 0.8390852175712734
    }
}