,top_1_accuracy,top_5_accuracy
ssl_resnet50,0.5715320536037668,0.7761680550525172
convnext_small,0.6280333212604129,0.8216226005070627
convnext_base,0.6781963056863455,0.8500543281419776
convnext_large,0.6743933357479174,0.8551249547265484
convnext_xlarge,0.7191235059760956,0.8676204273813836
convnextv2_base,0.6944947482796089,0.845708076783774
convnextv2_large,0.6932270916334662,0.8572980804056501
average,0.6655714803125161,0.8390852175712734
