,top_1_accuracy,top_5_accuracy
ssl_resnet50,0.5877558413330918,0.7864517297591016
convnext_small,0.6871943488498461,0.8525629414961058
convnext_base,0.7264988226770512,0.8688643361709835
convnext_large,0.7351928998369861,0.8748415142184387
convnext_xlarge,0.7547545734468394,0.8927730483608042
convnextv2_base,0.7259554428545554,0.8703133490309727
convnextv2_large,0.7426190907444303,0.8855279840608585
average,0.7085672885346858,0.8616192718710378
