{
    "ssl_resnet50": {
        "top_1_accuracy": 0.5877558413330918,
        "top_5_accuracy": 0.7864517297591016
    },
    "convnext_small": {
        "top_1_accuracy": 0.6871943488498461,
        "top_5_accuracy": 0.8525629414961058
    },
    "convnext_base": {
        "top_1_accuracy": 0.7264988226770512,
        "top_5_accuracy": 0.8688643361709835
    },
    "convnext_large": {
        "top_1_accuracy": 0.7351928998369861,
        "top_5_accuracy": 0.8748415142184387
    },
    "convnext_xlarge": {
        "top_1_accuracy": 0.7547545734468394,
        "top_5_accuracy": 0.8927730483608042
    },
    "convnextv2_base": {
        "top_1_accuracy": 0.7259554428545554,
        "top_5_accuracy": 0.8703133490309727
    },
    "convnextv2_large": {
        "top_1_accuracy": 0.7426190907444303,
        "top_5_accuracy": 0.8855279840608585
    },
    "average": {
        "top_1_accuracy": 0.7085672885346858,
        "top_5_accuracy": 0.8616192718710378
    }
}