{
    "ssl_resnet50": {
        "top_1_accuracy": 0.6115537848605578,
        "top_5_accuracy": 0.8093082216588192
    },
    "convnext_small": {
        "top_1_accuracy": 0.7232886635277074,
        "top_5_accuracy": 0.8692502716407099
    },
    "convnext_base": {
        "top_1_accuracy": 0.7604128938790293,
        "top_5_accuracy": 0.9029337196667874
    },
    "convnext_large": {
        "top_1_accuracy": 0.7720028975009054,
        "top_5_accuracy": 0.9065555957986237
    },
    "convnext_xlarge": {
        "top_1_accuracy": 0.7785222745382108,
        "top_5_accuracy": 0.9089098152843172
    },
    "convnextv2_base": {
        "top_1_accuracy": 0.7457442955450924,
        "top_5_accuracy": 0.8851865266207896
    },
    "convnextv2_large": {
        "top_1_accuracy": 0.7741760231800072,
        "top_5_accuracy": 0.9067366896052155
    },
    "average": {
        "top_1_accuracy": 0.7379572618616442,
        "top_5_accuracy": 0.8841258343250374
    }
}