,top_1_accuracy,top_5_accuracy
ssl_resnet50,0.6115537848605578,0.8093082216588192
convnext_small,0.7232886635277074,0.8692502716407099
convnext_base,0.7604128938790293,0.9029337196667874
convnext_large,0.7720028975009054,0.9065555957986237
convnext_xlarge,0.7785222745382108,0.9089098152843172
convnextv2_base,0.7457442955450924,0.8851865266207896
convnextv2_large,0.7741760231800072,0.9067366896052155
average,0.7379572618616442,0.8841258343250374
