,top_1_accuracy,top_5_accuracy
ssl_resnet50,0.6938775510204082,0.7142857142857143
convnext_small,0.7142857142857143,1.0
convnext_base,0.7142857142857143,0.7142857142857143
convnext_large,0.7142857142857143,1.0
convnext_xlarge,0.7142857142857143,1.0
convnextv2_base,0.7142857142857143,1.0
convnextv2_large,0.7142857142857143,0.7142857142857143
average,0.7113702623906706,0.8775510204081634
