{
    "ssl_resnet50": {
        "top_1_accuracy": 0.6938775510204082,
        "top_5_accuracy": 0.7142857142857143
    },
    "convnext_small": {
        "top_1_accuracy": 0.7142857142857143,
        "top_5_accuracy": 1.0
    },
    "convnext_base": {
        "top_1_accuracy": 0.7142857142857143,
        "top_5_accuracy": 0.7142857142857143
    },
    "convnext_large": {
        "top_1_accuracy": 0.7142857142857143,
        "top_5_accuracy": 1.0
    },
    "convnext_xlarge": {
        "top_1_accuracy": 0.7142857142857143,
        "top_5_accuracy": 1.0
    },
    "convnextv2_base": {
        "top_1_accuracy": 0.7142857142857143,
        "top_5_accuracy": 1.0
    },
    "convnextv2_large": {
        "top_1_accuracy": 0.7142857142857143,
        "top_5_accuracy": 0.7142857142857143
    },
    "average": {
        "top_1_accuracy": 0.7113702623906706,
        "top_5_accuracy": 0.8775510204081634
    }
}