,top_1_accuracy,top_5_accuracy
ssl_resnet50,0.5898642533936651,0.7790045248868779
convnext_small,0.6894117647058824,0.8463348416289592
convnext_base,0.7167420814479638,0.8687782805429864
convnext_large,0.7431674208144796,0.8866968325791855
convnext_xlarge,0.7567420814479638,0.8901357466063349
convnextv2_base,0.7303167420814479,0.8689592760180995
convnextv2_large,0.7409954751131221,0.88
average,0.7096056884292178,0.8599870717517776
