,top_1_accuracy,top_5_accuracy
ssl_resnet50,0.5746606334841629,0.7759276018099548
convnext_small,0.6993665158371041,0.8546606334841629
convnext_base,0.7283257918552036,0.881447963800905
convnext_large,0.7509502262443439,0.8968325791855204
convnext_xlarge,0.7505882352941177,0.8926696832579185
convnextv2_base,0.6933936651583711,0.8483257918552036
convnextv2_large,0.7248868778280543,0.872579185520362
average,0.7031674208144797,0.8603490627020038
