,top_1_accuracy,top_5_accuracy
ssl_resnet50,0.4937488675484689,0.6849066859938394
convnext_small,0.6107990578003262,0.7601014676571842
convnext_base,0.6613516941474905,0.820438485232832
convnext_large,0.6907048378329408,0.835296249320529
convnext_xlarge,0.6925167602826598,0.822793984417467
convnextv2_base,0.6254756296430513,0.7789454611342634
convnextv2_large,0.6194962855589781,0.7760463852147128
average,0.627727590401988,0.7826469598529754
