{
    "vit_small_patch16_224": {
        "top_1_accuracy": 0.36383402790360575,
        "top_5_accuracy": 0.5388657365464758
    },
    "vit_small_patch32_224": {
        "top_1_accuracy": 0.20674035151295525,
        "top_5_accuracy": 0.36745787280304404
    },
    "vit_base_patch16_224": {
        "top_1_accuracy": 0.500090596122486,
        "top_5_accuracy": 0.7372712447907229
    },
    "vit_base_patch32_224": {
        "top_1_accuracy": 0.28302228664613155,
        "top_5_accuracy": 0.44156550099655734
    },
    "vit_large_patch16_224": {
        "top_1_accuracy": 0.5020837108171771,
        "top_5_accuracy": 0.6461315455698496
    },
    "vit_large_patch32_384": {
        "top_1_accuracy": 0.39282478709911217,
        "top_5_accuracy": 0.5636890741076281
    },
    "beit_base_patch16_224": {
        "top_1_accuracy": 0.5348795071570936,
        "top_5_accuracy": 0.6914296068128284
    },
    "beit_large_patch16_224": {
        "top_1_accuracy": 0.5895995651386121,
        "top_5_accuracy": 0.7318354774415655
    },
    "beitv2_base_patch16_224": {
        "top_1_accuracy": 0.5499184634897626,
        "top_5_accuracy": 0.7124479072295705
    },
    "beitv2_large_patch16_224": {
        "top_1_accuracy": 0.6118862112701576,
        "top_5_accuracy": 0.784381228483421
    },
    "beit3_base_patch16_224": {
        "top_1_accuracy": 0.5515491936945098,
        "top_5_accuracy": 0.7229570574379417
    },
    "beit3_large_patch16_224": {
        "top_1_accuracy": 0.5125928610255481,
        "top_5_accuracy": 0.7872803044029716
    },
    "deit_small_patch16_224": {
        "top_1_accuracy": 0.3892009421996738,
        "top_5_accuracy": 0.5885124116687805
    },
    "deit_base_patch16_224": {
        "top_1_accuracy": 0.47707918101105273,
        "top_5_accuracy": 0.6379778945461134
    },
    "deit3_small_patch16_224": {
        "top_1_accuracy": 0.5144047834752673,
        "top_5_accuracy": 0.6801956876245697
    },
    "deit3_medium_patch16_224": {
        "top_1_accuracy": 0.551368001449538,
        "top_5_accuracy": 0.6995832578365646
    },
    "deit3_base_patch16_224": {
        "top_1_accuracy": 0.5752853777858308,
        "top_5_accuracy": 0.7198767892734191
    },
    "deit3_large_patch16_224": {
        "top_1_accuracy": 0.591773872078275,
        "top_5_accuracy": 0.7318354774415655
    },
    "average": {
        "top_1_accuracy": 0.48322965110426597,
        "top_5_accuracy": 0.6546274486118662
    }
}