{
    "resnet34": {
        "top_1_accuracy": 0.24489795918367346,
        "top_5_accuracy": 1.0
    },
    "resnet50": {
        "top_1_accuracy": 0.14285714285714285,
        "top_5_accuracy": 1.0
    },
    "resnet101": {
        "top_1_accuracy": 0.32653061224489793,
        "top_5_accuracy": 1.0
    },
    "inception_v3": {
        "top_1_accuracy": 0.6122448979591837,
        "top_5_accuracy": 0.9591836734693877
    },
    "inception_v4": {
        "top_1_accuracy": 0.6122448979591837,
        "top_5_accuracy": 1.0
    },
    "efficientnetv2_rw_s": {
        "top_1_accuracy": 0.0,
        "top_5_accuracy": 1.0
    },
    "efficientnetv2_rw_m": {
        "top_1_accuracy": 0.9387755102040817,
        "top_5_accuracy": 1.0
    },
    "efficientnet_b2": {
        "top_1_accuracy": 0.061224489795918366,
        "top_5_accuracy": 1.0
    },
    "efficientnet_b3": {
        "top_1_accuracy": 0.3469387755102041,
        "top_5_accuracy": 1.0
    },
    "efficientnet_b4": {
        "top_1_accuracy": 0.0,
        "top_5_accuracy": 0.9795918367346939
    },
    "average": {
        "top_1_accuracy": 0.32857142857142857,
        "top_5_accuracy": 0.9938775510204081
    }
}