,top_1_accuracy,top_5_accuracy
resnet34,0.24489795918367346,1.0
resnet50,0.14285714285714285,1.0
resnet101,0.32653061224489793,1.0
inception_v3,0.6122448979591837,0.9591836734693877
inception_v4,0.6122448979591837,1.0
efficientnetv2_rw_s,0.0,1.0
efficientnetv2_rw_m,0.9387755102040817,1.0
efficientnet_b2,0.061224489795918366,1.0
efficientnet_b3,0.3469387755102041,1.0
efficientnet_b4,0.0,0.9795918367346939
average,0.32857142857142857,0.9938775510204081
