,top_1_accuracy,top_5_accuracy
ssl_resnet50,0.7142857142857143,1.0
convnext_small,0.30612244897959184,0.8367346938775511
convnext_base,1.0,1.0
convnext_large,0.9795918367346939,1.0
convnext_xlarge,0.8979591836734694,1.0
convnextv2_base,0.30612244897959184,1.0
convnextv2_large,0.9591836734693877,1.0
average,0.7376093294460642,0.9766763848396501
