{
    "ssl_resnet50": {
        "top_1_accuracy": 0.7142857142857143,
        "top_5_accuracy": 1.0
    },
    "convnext_small": {
        "top_1_accuracy": 0.30612244897959184,
        "top_5_accuracy": 0.8367346938775511
    },
    "convnext_base": {
        "top_1_accuracy": 1.0,
        "top_5_accuracy": 1.0
    },
    "convnext_large": {
        "top_1_accuracy": 0.9795918367346939,
        "top_5_accuracy": 1.0
    },
    "convnext_xlarge": {
        "top_1_accuracy": 0.8979591836734694,
        "top_5_accuracy": 1.0
    },
    "convnextv2_base": {
        "top_1_accuracy": 0.30612244897959184,
        "top_5_accuracy": 1.0
    },
    "convnextv2_large": {
        "top_1_accuracy": 0.9591836734693877,
        "top_5_accuracy": 1.0
    },
    "average": {
        "top_1_accuracy": 0.7376093294460642,
        "top_5_accuracy": 0.9766763848396501
    }
}