{
    "resnet34": {
        "top_1_accuracy": 0.4352237724225403,
        "top_5_accuracy": 0.6051820982061967
    },
    "resnet50": {
        "top_1_accuracy": 0.48323971734009785,
        "top_5_accuracy": 0.640876970465664
    },
    "resnet101": {
        "top_1_accuracy": 0.5173038593948179,
        "top_5_accuracy": 0.6928791447726037
    },
    "inception_v3": {
        "top_1_accuracy": 0.4781663344808842,
        "top_5_accuracy": 0.6640695778220692
    },
    "inception_v4": {
        "top_1_accuracy": 0.5289001630730205,
        "top_5_accuracy": 0.6999456423265085
    },
    "efficientnetv2_rw_s": {
        "top_1_accuracy": 0.5578909222685269,
        "top_5_accuracy": 0.7361840913208915
    },
    "efficientnetv2_rw_m": {
        "top_1_accuracy": 0.6227577459684726,
        "top_5_accuracy": 0.8030440297155281
    },
    "efficientnet_b2": {
        "top_1_accuracy": 0.47852871897082805,
        "top_5_accuracy": 0.6821888023192607
    },
    "efficientnet_b3": {
        "top_1_accuracy": 0.5417648124660265,
        "top_5_accuracy": 0.739445551730386
    },
    "efficientnet_b4": {
        "top_1_accuracy": 0.5805399528900163,
        "top_5_accuracy": 0.7577459684725494
    },
    "average": {
        "top_1_accuracy": 0.5224315999275232,
        "top_5_accuracy": 0.7021561877151657
    }
}