,top_1_accuracy,top_5_accuracy
ssl_resnet50,0.5082442471462222,0.713716252944374
convnext_small,0.5865192969740896,0.782025729298786
convnext_base,0.6537416198586701,0.8264178293169052
convnext_large,0.6566406957782207,0.8329407501358942
convnext_xlarge,0.6720420366008335,0.8423627468744338
convnextv2_base,0.6484870447544845,0.8166334480884219
convnextv2_large,0.6671498459865918,0.8264178293169052
average,0.6275463981570161,0.8057877979965314
