,top_1_accuracy,top_5_accuracy
ssl_resnet50,0.5986234377830103,0.8081869226589385
convnext_small,0.7100163013946749,0.8744792610034414
convnext_base,0.7449737366419127,0.8871581235283463
convnext_large,0.7547545734468394,0.8996558594457525
convnext_xlarge,0.7699692084767252,0.9043651512407173
convnextv2_base,0.7313892410795145,0.8808186922658938
convnextv2_large,0.7366419126969752,0.8889693896033327
average,0.7209097730742361,0.877661914249489
