,top_1_accuracy,top_5_accuracy
ssl_resnet50,0.5855382384922073,0.7754621239579558
convnext_small,0.6741573033707865,0.8361725262776368
convnext_base,0.7207321493294672,0.8773106197897789
convnext_large,0.7314244291409931,0.8789416455237404
convnext_xlarge,0.7529902138455963,0.8876404494382022
convnextv2_base,0.7270750271837623,0.8765857194635738
convnextv2_large,0.731968104385647,0.8718738673432403
average,0.703412209392637,0.8577124216848755
