,top_1_accuracy,top_5_accuracy
ssl_resnet50,0.5320536037667511,0.7339731981166244
convnext_small,0.6814559942049981,0.8339369793553061
convnext_base,0.7030061571894242,0.8572980804056501
convnext_large,0.7249185077870337,0.862368706990221
convnext_xlarge,0.7374139804418689,0.8687069902209344
convnextv2_base,0.6957624049257516,0.8402752625860196
convnextv2_large,0.7203911626222383,0.8594712060847519
average,0.685000258705438,0.8365757748227869
