,top_1_accuracy,top_5_accuracy
ssl_resnet50,0.5839971035481535,0.7691889934829833
convnext_small,0.667270094134685,0.8365314989138306
convnext_base,0.7087255611875453,0.8595220854453295
convnext_large,0.7413106444605359,0.8772628530050688
convnext_xlarge,0.7494569152787834,0.8787110789283128
convnextv2_base,0.7047429398986241,0.8562635771180304
convnextv2_large,0.7380521361332368,0.8803403330919624
average,0.699079342091652,0.8511172028550739
