,top_1_accuracy,top_5_accuracy
ssl_resnet50,0.5275918219648996,0.7278813099330559
convnext_small,0.639768409625475,0.8194318798624932
convnext_base,0.6565948977745613,0.8120137506784875
convnext_large,0.6837343947892166,0.8548941559616429
convnext_xlarge,0.709607381943188,0.8556178758820336
convnextv2_base,0.6701646462818889,0.823231409444545
convnextv2_large,0.665822326759544,0.834087208250407
average,0.6504691255912534,0.8181653700018093
