{
    "resnet34": {
        "top_1_accuracy": 0.43558615691248415,
        "top_5_accuracy": 0.6421453161804674
    },
    "resnet50": {
        "top_1_accuracy": 0.44627649936582714,
        "top_5_accuracy": 0.7227758651929698
    },
    "resnet101": {
        "top_1_accuracy": 0.480703025910491,
        "top_5_accuracy": 0.7182460590686719
    },
    "inception_v3": {
        "top_1_accuracy": 0.5430331581808299,
        "top_5_accuracy": 0.7236818264178293
    },
    "inception_v4": {
        "top_1_accuracy": 0.5553542308389201,
        "top_5_accuracy": 0.7340097843812284
    },
    "efficientnetv2_rw_s": {
        "top_1_accuracy": 0.5644138430875159,
        "top_5_accuracy": 0.7901793803225222
    },
    "efficientnetv2_rw_m": {
        "top_1_accuracy": 0.44591411487588334,
        "top_5_accuracy": 0.7932596484870448
    },
    "efficientnet_b2": {
        "top_1_accuracy": 0.5200217430693966,
        "top_5_accuracy": 0.7314730929516217
    },
    "efficientnet_b3": {
        "top_1_accuracy": 0.5867004892190614,
        "top_5_accuracy": 0.7784018843993477
    },
    "efficientnet_b4": {
        "top_1_accuracy": 0.6165972096394274,
        "top_5_accuracy": 0.8128284109440116
    },
    "average": {
        "top_1_accuracy": 0.5194600471099837,
        "top_5_accuracy": 0.7447001268345714
    }
}