,top_1_accuracy,top_5_accuracy
ssl_resnet50,0.5790904149302409,0.7943468019568762
convnext_small,0.41221235731110706,0.8392824787099112
convnext_base,0.6502989672042037,0.8485232832034789
convnext_large,0.6417829316905237,0.8487044754484508
convnext_xlarge,0.6006522920818989,0.8758833121942381
convnextv2_base,0.6829135712991484,0.8391012864649393
convnextv2_large,0.6776589961949628,0.8523283203478891
average,0.6063727901017265,0.842595708332255
