,top_1_accuracy,top_5_accuracy
ssl_resnet50,0.6175565610859729,0.8177375565610859
convnext_small,0.7120361990950226,0.8689592760180995
convnext_base,0.7549321266968326,0.8990045248868779
convnext_large,0.7623529411764706,0.9031674208144796
convnext_xlarge,0.7799095022624435,0.9113122171945701
convnextv2_base,0.7449773755656108,0.8917647058823529
convnextv2_large,0.7561990950226244,0.8928506787330317
average,0.7325662572721396,0.8835423400129282
