,top_1_accuracy,top_5_accuracy
ssl_resnet50,0.5148658448150834,0.7035895576504714
convnext_small,0.596627991298042,0.7721174764321972
convnext_base,0.6821972443799855,0.8451776649746193
convnext_large,0.6845540246555475,0.8330311820159536
convnext_xlarge,0.7084844089920233,0.8556925308194344
convnextv2_base,0.6829224075416969,0.8402828136330674
convnextv2_large,0.6983321247280638,0.8402828136330674
average,0.652569149487206,0.8128820055941158
