{
    "ssl_resnet50": {
        "top_1_accuracy": 0.4713018287162774,
        "top_5_accuracy": 0.6317218902770234
    },
    "convnext_small": {
        "top_1_accuracy": 0.5708853883758827,
        "top_5_accuracy": 0.728227412638059
    },
    "convnext_base": {
        "top_1_accuracy": 0.6319029512945863,
        "top_5_accuracy": 0.78164041281912
    },
    "convnext_large": {
        "top_1_accuracy": 0.6623212022451567,
        "top_5_accuracy": 0.7975737823646569
    },
    "convnext_xlarge": {
        "top_1_accuracy": 0.6987144667753032,
        "top_5_accuracy": 0.8261814231395981
    },
    "convnextv2_base": {
        "top_1_accuracy": 0.6407749411551693,
        "top_5_accuracy": 0.7836320840123121
    },
    "convnextv2_large": {
        "top_1_accuracy": 0.6693825819301105,
        "top_5_accuracy": 0.7984790874524715
    },
    "average": {
        "top_1_accuracy": 0.6207547657846408,
        "top_5_accuracy": 0.7639222989576059
    }
}