,top_1_accuracy,top_5_accuracy
ssl_resnet50,0.4713018287162774,0.6317218902770234
convnext_small,0.5708853883758827,0.728227412638059
convnext_base,0.6319029512945863,0.78164041281912
convnext_large,0.6623212022451567,0.7975737823646569
convnext_xlarge,0.6987144667753032,0.8261814231395981
convnextv2_base,0.6407749411551693,0.7836320840123121
convnextv2_large,0.6693825819301105,0.7984790874524715
average,0.6207547657846408,0.7639222989576059
