,top_1_accuracy,top_5_accuracy
ssl_resnet50,0.6457277335264301,0.8394279507603186
convnext_small,0.7405865314989138,0.8883055756698045
convnext_base,0.7671976828385229,0.9127443881245474
convnext_large,0.7778783490224475,0.9134685010861694
convnext_xlarge,0.7889210716871832,0.9185372918175235
convnextv2_base,0.750724112961622,0.8980811006517017
convnextv2_large,0.7731716147719044,0.9111151339608979
average,0.7491724423295747,0.8973828488672805
