{
    "resnet34": {
        "top_1_accuracy": 0.49066859938394636,
        "top_5_accuracy": 0.677296611705019
    },
    "resnet50": {
        "top_1_accuracy": 0.5317992389925711,
        "top_5_accuracy": 0.7311107084616778
    },
    "resnet101": {
        "top_1_accuracy": 0.5792716071752129,
        "top_5_accuracy": 0.7555716615328864
    },
    "inception_v3": {
        "top_1_accuracy": 0.5263634716434137,
        "top_5_accuracy": 0.7128102917195144
    },
    "inception_v4": {
        "top_1_accuracy": 0.5785468381953253,
        "top_5_accuracy": 0.7524913933683638
    },
    "efficientnetv2_rw_s": {
        "top_1_accuracy": 0.5796339916651567,
        "top_5_accuracy": 0.7655372350063417
    },
    "efficientnetv2_rw_m": {
        "top_1_accuracy": 0.647399891284653,
        "top_5_accuracy": 0.8197137162529444
    },
    "efficientnet_b2": {
        "top_1_accuracy": 0.46548287733285015,
        "top_5_accuracy": 0.66225765537235
    },
    "efficientnet_b3": {
        "top_1_accuracy": 0.5544482696140605,
        "top_5_accuracy": 0.7365464758108353
    },
    "efficientnet_b4": {
        "top_1_accuracy": 0.6030077912665338,
        "top_5_accuracy": 0.7852871897082805
    },
    "average": {
        "top_1_accuracy": 0.5556622576553724,
        "top_5_accuracy": 0.7398622938938213
    }
}