,top_1_accuracy,top_5_accuracy
ssl_resnet50,0.5510056169595942,0.7633629280666787
convnext_small,0.6383402790360573,0.8233375611523827
convnext_base,0.6914296068128284,0.8626562783112883
convnext_large,0.7053814096756659,0.8704475448450806
convnext_xlarge,0.7057437941656097,0.873890197499547
convnextv2_base,0.6850878782388113,0.8490668599383946
convnextv2_large,0.6992208733466208,0.8668236999456423
average,0.6680299226050267,0.844226438537002
