{
    "resnet34": {
        "top_1_accuracy": 0.5026234847114167,
        "top_5_accuracy": 0.6692599963814004
    },
    "resnet50": {
        "top_1_accuracy": 0.5986973041432966,
        "top_5_accuracy": 0.7555635968880043
    },
    "resnet101": {
        "top_1_accuracy": 0.5965261443821241,
        "top_5_accuracy": 0.7629817260720101
    },
    "inception_v3": {
        "top_1_accuracy": 0.5664917676859056,
        "top_5_accuracy": 0.7494119775646825
    },
    "inception_v4": {
        "top_1_accuracy": 0.6032205536457391,
        "top_5_accuracy": 0.7671431156142573
    },
    "efficientnetv2_rw_s": {
        "top_1_accuracy": 0.5203546227609915,
        "top_5_accuracy": 0.7552017369278089
    },
    "efficientnetv2_rw_m": {
        "top_1_accuracy": 0.6290935407997105,
        "top_5_accuracy": 0.8136421204993668
    },
    "efficientnet_b2": {
        "top_1_accuracy": 0.5389904107110548,
        "top_5_accuracy": 0.735118509136964
    },
    "efficientnet_b3": {
        "top_1_accuracy": 0.5891080151981183,
        "top_5_accuracy": 0.7696761353356251
    },
    "efficientnet_b4": {
        "top_1_accuracy": 0.6285507508594174,
        "top_5_accuracy": 0.8045956214944816
    },
    "average": {
        "top_1_accuracy": 0.5773656594897776,
        "top_5_accuracy": 0.7582594535914601
    }
}