,top_1_accuracy,top_5_accuracy
ssl_resnet50,0.560702008322779,0.7550208069477112
convnext_small,0.6556902478740727,0.8339062782703094
convnext_base,0.7085218020626017,0.8556178758820336
convnext_large,0.7237199203908088,0.8771485435136602
convnext_xlarge,0.7277003799529582,0.8766057535733671
convnextv2_base,0.7097883119232857,0.8565225257825222
convnextv2_large,0.7421747783607744,0.8746155237922923
average,0.6897567784124687,0.8470624725374138
