{
    "ssl_resnet50": {
        "top_1_accuracy": 0.560702008322779,
        "top_5_accuracy": 0.7550208069477112
    },
    "convnext_small": {
        "top_1_accuracy": 0.6556902478740727,
        "top_5_accuracy": 0.8339062782703094
    },
    "convnext_base": {
        "top_1_accuracy": 0.7085218020626017,
        "top_5_accuracy": 0.8556178758820336
    },
    "convnext_large": {
        "top_1_accuracy": 0.7237199203908088,
        "top_5_accuracy": 0.8771485435136602
    },
    "convnext_xlarge": {
        "top_1_accuracy": 0.7277003799529582,
        "top_5_accuracy": 0.8766057535733671
    },
    "convnextv2_base": {
        "top_1_accuracy": 0.7097883119232857,
        "top_5_accuracy": 0.8565225257825222
    },
    "convnextv2_large": {
        "top_1_accuracy": 0.7421747783607744,
        "top_5_accuracy": 0.8746155237922923
    },
    "average": {
        "top_1_accuracy": 0.6897567784124687,
        "top_5_accuracy": 0.8470624725374138
    }
}