{
    "resnet34": {
        "top_1_accuracy": 0.2222222222222222,
        "top_5_accuracy": 0.5833333333333334
    },
    "resnet50": {
        "top_1_accuracy": 0.6388888888888888,
        "top_5_accuracy": 0.6666666666666666
    },
    "resnet101": {
        "top_1_accuracy": 0.6666666666666666,
        "top_5_accuracy": 0.6666666666666666
    },
    "inception_v3": {
        "top_1_accuracy": 0.4444444444444444,
        "top_5_accuracy": 0.6111111111111112
    },
    "inception_v4": {
        "top_1_accuracy": 0.6111111111111112,
        "top_5_accuracy": 0.6666666666666666
    },
    "efficientnetv2_rw_s": {
        "top_1_accuracy": 0.6666666666666666,
        "top_5_accuracy": 0.7222222222222222
    },
    "efficientnetv2_rw_m": {
        "top_1_accuracy": 0.6666666666666666,
        "top_5_accuracy": 0.9722222222222222
    },
    "efficientnet_b2": {
        "top_1_accuracy": 0.5833333333333334,
        "top_5_accuracy": 0.6666666666666666
    },
    "efficientnet_b3": {
        "top_1_accuracy": 0.6388888888888888,
        "top_5_accuracy": 0.6666666666666666
    },
    "efficientnet_b4": {
        "top_1_accuracy": 0.6666666666666666,
        "top_5_accuracy": 0.6666666666666666
    },
    "average": {
        "top_1_accuracy": 0.5805555555555556,
        "top_5_accuracy": 0.6888888888888889
    }
}