,top_1_accuracy,top_5_accuracy
ssl_resnet50,0.6111111111111112,0.6666666666666666
convnext_small,0.6666666666666666,1.0
convnext_base,0.6666666666666666,0.6666666666666666
convnext_large,0.6666666666666666,1.0
convnext_xlarge,0.6666666666666666,1.0
convnextv2_base,0.6666666666666666,1.0
convnextv2_large,0.6666666666666666,0.6666666666666666
average,0.6587301587301587,0.8571428571428571
