{
    "ssl_resnet50": {
        "top_1_accuracy": 0.6111111111111112,
        "top_5_accuracy": 0.6666666666666666
    },
    "convnext_small": {
        "top_1_accuracy": 0.6666666666666666,
        "top_5_accuracy": 1.0
    },
    "convnext_base": {
        "top_1_accuracy": 0.6666666666666666,
        "top_5_accuracy": 0.6666666666666666
    },
    "convnext_large": {
        "top_1_accuracy": 0.6666666666666666,
        "top_5_accuracy": 1.0
    },
    "convnext_xlarge": {
        "top_1_accuracy": 0.6666666666666666,
        "top_5_accuracy": 1.0
    },
    "convnextv2_base": {
        "top_1_accuracy": 0.6666666666666666,
        "top_5_accuracy": 1.0
    },
    "convnextv2_large": {
        "top_1_accuracy": 0.6666666666666666,
        "top_5_accuracy": 0.6666666666666666
    },
    "average": {
        "top_1_accuracy": 0.6587301587301587,
        "top_5_accuracy": 0.8571428571428571
    }
}