,top_1_accuracy,top_5_accuracy
ssl_resnet50,0.5664855072463768,0.7735507246376812
convnext_small,0.6175724637681159,0.8326086956521739
convnext_base,0.6831521739130435,0.8577898550724637
convnext_large,0.6483695652173913,0.861231884057971
convnext_xlarge,0.6503623188405797,0.8623188405797102
convnextv2_base,0.654891304347826,0.8483695652173913
convnextv2_large,0.6478260869565218,0.8454710144927536
average,0.638379917184265,0.8401915113871635
