{
    "ssl_resnet50": {
        "top_1_accuracy": 0.5664855072463768,
        "top_5_accuracy": 0.7735507246376812
    },
    "convnext_small": {
        "top_1_accuracy": 0.6175724637681159,
        "top_5_accuracy": 0.8326086956521739
    },
    "convnext_base": {
        "top_1_accuracy": 0.6831521739130435,
        "top_5_accuracy": 0.8577898550724637
    },
    "convnext_large": {
        "top_1_accuracy": 0.6483695652173913,
        "top_5_accuracy": 0.861231884057971
    },
    "convnext_xlarge": {
        "top_1_accuracy": 0.6503623188405797,
        "top_5_accuracy": 0.8623188405797102
    },
    "convnextv2_base": {
        "top_1_accuracy": 0.654891304347826,
        "top_5_accuracy": 0.8483695652173913
    },
    "convnextv2_large": {
        "top_1_accuracy": 0.6478260869565218,
        "top_5_accuracy": 0.8454710144927536
    },
    "average": {
        "top_1_accuracy": 0.638379917184265,
        "top_5_accuracy": 0.8401915113871635
    }
}