,top_1_accuracy,top_5_accuracy
resnet34,0.8367346938775511,0.9795918367346939
resnet50,1.0,1.0
resnet101,1.0,1.0
inception_v3,0.9591836734693877,0.9795918367346939
inception_v4,1.0,1.0
efficientnetv2_rw_s,0.9795918367346939,1.0
efficientnetv2_rw_m,1.0,1.0
efficientnet_b2,0.5714285714285714,0.9591836734693877
efficientnet_b3,0.8979591836734694,0.9591836734693877
efficientnet_b4,0.8979591836734694,0.9795918367346939
average,0.9142857142857143,0.9857142857142855
