{
    "vit_small_patch16_224": {
        "top_1_accuracy": 0.9795918367346939,
        "top_5_accuracy": 0.9795918367346939
    },
    "vit_small_patch32_224": {
        "top_1_accuracy": 0.6938775510204082,
        "top_5_accuracy": 0.8979591836734694
    },
    "vit_base_patch16_224": {
        "top_1_accuracy": 1.0,
        "top_5_accuracy": 1.0
    },
    "vit_base_patch32_224": {
        "top_1_accuracy": 0.8367346938775511,
        "top_5_accuracy": 0.9183673469387755
    },
    "vit_large_patch16_224": {
        "top_1_accuracy": 1.0,
        "top_5_accuracy": 1.0
    },
    "vit_large_patch32_384": {
        "top_1_accuracy": 0.9795918367346939,
        "top_5_accuracy": 1.0
    },
    "beit_base_patch16_224": {
        "top_1_accuracy": 1.0,
        "top_5_accuracy": 1.0
    },
    "beit_large_patch16_224": {
        "top_1_accuracy": 1.0,
        "top_5_accuracy": 1.0
    },
    "beitv2_base_patch16_224": {
        "top_1_accuracy": 0.9795918367346939,
        "top_5_accuracy": 1.0
    },
    "beitv2_large_patch16_224": {
        "top_1_accuracy": 1.0,
        "top_5_accuracy": 1.0
    },
    "beit3_base_patch16_224": {
        "top_1_accuracy": 0.9795918367346939,
        "top_5_accuracy": 1.0
    },
    "beit3_large_patch16_224": {
        "top_1_accuracy": 1.0,
        "top_5_accuracy": 1.0
    },
    "deit_small_patch16_224": {
        "top_1_accuracy": 0.24489795918367346,
        "top_5_accuracy": 0.9795918367346939
    },
    "deit_base_patch16_224": {
        "top_1_accuracy": 0.8163265306122449,
        "top_5_accuracy": 0.9795918367346939
    },
    "deit3_small_patch16_224": {
        "top_1_accuracy": 0.8775510204081632,
        "top_5_accuracy": 0.9795918367346939
    },
    "deit3_medium_patch16_224": {
        "top_1_accuracy": 0.8775510204081632,
        "top_5_accuracy": 1.0
    },
    "deit3_base_patch16_224": {
        "top_1_accuracy": 0.9795918367346939,
        "top_5_accuracy": 1.0
    },
    "deit3_large_patch16_224": {
        "top_1_accuracy": 0.9387755102040817,
        "top_5_accuracy": 1.0
    },
    "average": {
        "top_1_accuracy": 0.899092970521542,
        "top_5_accuracy": 0.9852607709750567
    }
}