{
    "resnet34": {
        "top_1_accuracy": 0.22448979591836735,
        "top_5_accuracy": 0.6938775510204082
    },
    "resnet50": {
        "top_1_accuracy": 0.5306122448979592,
        "top_5_accuracy": 0.9795918367346939
    },
    "resnet101": {
        "top_1_accuracy": 0.4897959183673469,
        "top_5_accuracy": 0.7346938775510204
    },
    "inception_v3": {
        "top_1_accuracy": 0.40816326530612246,
        "top_5_accuracy": 0.6938775510204082
    },
    "inception_v4": {
        "top_1_accuracy": 0.4897959183673469,
        "top_5_accuracy": 1.0
    },
    "efficientnetv2_rw_s": {
        "top_1_accuracy": 0.7959183673469388,
        "top_5_accuracy": 1.0
    },
    "efficientnetv2_rw_m": {
        "top_1_accuracy": 0.7551020408163265,
        "top_5_accuracy": 1.0
    },
    "efficientnet_b2": {
        "top_1_accuracy": 0.3469387755102041,
        "top_5_accuracy": 0.6938775510204082
    },
    "efficientnet_b3": {
        "top_1_accuracy": 0.5306122448979592,
        "top_5_accuracy": 0.6938775510204082
    },
    "efficientnet_b4": {
        "top_1_accuracy": 0.6938775510204082,
        "top_5_accuracy": 1.0
    },
    "average": {
        "top_1_accuracy": 0.5265306122448979,
        "top_5_accuracy": 0.8489795918367348
    }
}