,top_1_accuracy,top_5_accuracy
ssl_resnet50,0.3877551020408163,0.9795918367346939
convnext_small,0.7142857142857143,1.0
convnext_base,0.6938775510204082,1.0
convnext_large,0.7142857142857143,1.0
convnext_xlarge,0.7142857142857143,1.0
convnextv2_base,0.7142857142857143,1.0
convnextv2_large,0.7142857142857143,1.0
average,0.6647230320699709,0.9970845481049563
