,top_1_accuracy,top_5_accuracy
ssl_resnet50,0.564390508965767,0.7648976634667632
convnext_small,0.6286904546277848,0.8081869226589385
convnext_base,0.6893678681398298,0.8420575982611845
convnext_large,0.7053070095997102,0.8522006882811085
convnext_xlarge,0.7310269878645173,0.867596449918493
convnextv2_base,0.6799492845499003,0.8391595725412063
convnextv2_large,0.7051258829922116,0.8491215359536316
average,0.6719797138199601,0.8318886330116181
