,top_1_accuracy,top_5_accuracy
resnet34,0.9387755102040817,1.0
resnet50,0.9183673469387755,1.0
resnet101,0.9795918367346939,1.0
inception_v3,0.8571428571428571,1.0
inception_v4,0.9591836734693877,1.0
efficientnetv2_rw_s,0.9387755102040817,0.9795918367346939
efficientnetv2_rw_m,1.0,1.0
efficientnet_b2,0.7959183673469388,0.9591836734693877
efficientnet_b3,0.9387755102040817,1.0
efficientnet_b4,0.9183673469387755,1.0
average,0.9244897959183674,0.9938775510204081
