,top_1_accuracy,top_5_accuracy
ssl_resnet50,1.0,1.0
convnext_small,0.9795918367346939,1.0
convnext_base,0.9795918367346939,1.0
convnext_large,0.9591836734693877,1.0
convnext_xlarge,0.9795918367346939,1.0
convnextv2_base,0.9795918367346939,1.0
convnextv2_large,0.9387755102040817,1.0
average,0.9737609329446064,1.0
