,top_1_accuracy,top_5_accuracy
ssl_resnet50,0.6178655553542308,0.8142779489037869
convnext_small,0.7271244790722957,0.8769704656640696
convnext_base,0.7490487407138975,0.8900163073020475
convnext_large,0.7633629280666787,0.9001630730204747
convnext_xlarge,0.7722413480703025,0.9063236093495198
convnextv2_base,0.7416198586700489,0.8816814640333394
convnextv2_large,0.7553904692879144,0.8882043848523283
average,0.7323790541764812,0.8796624647322238
