,top_1_accuracy,top_5_accuracy
ssl_resnet50,0.5830010873504893,0.7876042044218919
convnext_small,0.6843059079376586,0.8412468285610728
convnext_base,0.7142080463936209,0.8608191373686118
convnext_large,0.7437477346864806,0.8825661471547662
convnext_xlarge,0.7339615802827111,0.8825661471547662
convnextv2_base,0.713664371148967,0.8617252627763683
convnextv2_large,0.7334179050380573,0.8760420442189198
average,0.7009009475482835,0.856081395950914
