,top_1_accuracy,top_5_accuracy
ssl_resnet50,0.581130025353133,0.77345164795364
convnext_small,0.6517566099239406,0.827236508511409
convnext_base,0.7249185077870337,0.8683448026077508
convnext_large,0.749003984063745,0.8826512133285042
convnext_xlarge,0.7557044549076422,0.8848243390076059
convnextv2_base,0.7279971024990946,0.8692502716407099
convnextv2_large,0.7430278884462151,0.8788482433900761
average,0.7047912247115434,0.8549438609199564
