{
    "resnet34": {
        "top_1_accuracy": 0.8367346938775511,
        "top_5_accuracy": 1.0
    },
    "resnet50": {
        "top_1_accuracy": 0.9591836734693877,
        "top_5_accuracy": 1.0
    },
    "resnet101": {
        "top_1_accuracy": 1.0,
        "top_5_accuracy": 1.0
    },
    "inception_v3": {
        "top_1_accuracy": 0.673469387755102,
        "top_5_accuracy": 0.8979591836734694
    },
    "inception_v4": {
        "top_1_accuracy": 0.8571428571428571,
        "top_5_accuracy": 0.9591836734693877
    },
    "efficientnetv2_rw_s": {
        "top_1_accuracy": 1.0,
        "top_5_accuracy": 1.0
    },
    "efficientnetv2_rw_m": {
        "top_1_accuracy": 1.0,
        "top_5_accuracy": 1.0
    },
    "efficientnet_b2": {
        "top_1_accuracy": 0.8571428571428571,
        "top_5_accuracy": 1.0
    },
    "efficientnet_b3": {
        "top_1_accuracy": 0.8775510204081632,
        "top_5_accuracy": 0.9795918367346939
    },
    "efficientnet_b4": {
        "top_1_accuracy": 0.8979591836734694,
        "top_5_accuracy": 1.0
    },
    "average": {
        "top_1_accuracy": 0.8959183673469389,
        "top_5_accuracy": 0.9836734693877551
    }
}