{
    "resnet34": {
        "top_1_accuracy": 0.0,
        "top_5_accuracy": 0.22448979591836735
    },
    "resnet50": {
        "top_1_accuracy": 0.30612244897959184,
        "top_5_accuracy": 1.0
    },
    "resnet101": {
        "top_1_accuracy": 0.30612244897959184,
        "top_5_accuracy": 0.8163265306122449
    },
    "inception_v3": {
        "top_1_accuracy": 0.08163265306122448,
        "top_5_accuracy": 0.5714285714285714
    },
    "inception_v4": {
        "top_1_accuracy": 0.16326530612244897,
        "top_5_accuracy": 0.7959183673469388
    },
    "efficientnetv2_rw_s": {
        "top_1_accuracy": 0.2653061224489796,
        "top_5_accuracy": 0.9591836734693877
    },
    "efficientnetv2_rw_m": {
        "top_1_accuracy": 0.6326530612244898,
        "top_5_accuracy": 1.0
    },
    "efficientnet_b2": {
        "top_1_accuracy": 0.08163265306122448,
        "top_5_accuracy": 0.7959183673469388
    },
    "efficientnet_b3": {
        "top_1_accuracy": 0.08163265306122448,
        "top_5_accuracy": 0.7959183673469388
    },
    "efficientnet_b4": {
        "top_1_accuracy": 0.4897959183673469,
        "top_5_accuracy": 0.8571428571428571
    },
    "average": {
        "top_1_accuracy": 0.24081632653061225,
        "top_5_accuracy": 0.7816326530612245
    }
}