,top_1_accuracy,top_5_accuracy
ssl_resnet50,0.46938775510204084,0.9183673469387755
convnext_small,0.9387755102040817,1.0
convnext_base,0.8367346938775511,0.9795918367346939
convnext_large,0.9183673469387755,0.9591836734693877
convnext_xlarge,0.8979591836734694,0.9591836734693877
convnextv2_base,0.5714285714285714,0.8367346938775511
convnextv2_large,0.8775510204081632,0.9795918367346939
average,0.7871720116618076,0.9475218658892128
