,top_1_accuracy,top_5_accuracy
ssl_resnet50,0.5679884120948759,0.766069165308709
convnext_small,0.6375158428390367,0.8086185044359949
convnext_base,0.6885750497917799,0.8482708672822741
convnext_large,0.7130182871627738,0.8605830164765526
convnext_xlarge,0.7267789244975557,0.8727141046532682
convnextv2_base,0.6896614158971573,0.841752670650009
convnextv2_large,0.7133804091978997,0.855151185949665
average,0.6767026202115828,0.8361656449652104
