,top_1_accuracy,top_5_accuracy
ssl_resnet50,0.5609403254972876,0.7500904159132007
convnext_small,0.6318264014466546,0.8095840867992766
convnext_base,0.6797468354430379,0.8399638336347197
convnext_large,0.6967450271247739,0.8528028933092224
convnext_xlarge,0.7224231464737794,0.8638336347197106
convnextv2_base,0.674502712477396,0.8358047016274864
convnextv2_large,0.6918625678119349,0.8358047016274864
average,0.6654352880392664,0.8268406096615861
