,top_1_accuracy,top_5_accuracy
ssl_resnet50,0.37583771055968124,0.6674515486324941
convnext_small,0.4582503169715631,0.7496830284368774
convnext_base,0.5404817967759464,0.7308458612570187
convnext_large,0.6109400470929179,0.7956891867415323
convnext_xlarge,0.6723419670349574,0.8016663647889875
convnextv2_base,0.5562398116283283,0.7661655497192538
convnextv2_large,0.5823220431081326,0.769606955261728
average,0.5423448133102181,0.7544440706911274
