,top_1_accuracy,top_5_accuracy
ssl_resnet50,0.577069371490672,0.7848215902916138
convnext_small,0.6779568918674154,0.8373483064662199
convnext_base,0.7147255931896396,0.872667994928455
convnext_large,0.7442492302119181,0.8871581235283463
convnext_xlarge,0.7596449918493027,0.8973012135482702
convnextv2_base,0.7071182756746967,0.8612570186560405
convnextv2_large,0.7161746060496287,0.8717623618909618
average,0.6995627086190391,0.8589023727585582
