{
    "ssl_resnet50": {
        "top_1_accuracy": 0.577069371490672,
        "top_5_accuracy": 0.7848215902916138
    },
    "convnext_small": {
        "top_1_accuracy": 0.6779568918674154,
        "top_5_accuracy": 0.8373483064662199
    },
    "convnext_base": {
        "top_1_accuracy": 0.7147255931896396,
        "top_5_accuracy": 0.872667994928455
    },
    "convnext_large": {
        "top_1_accuracy": 0.7442492302119181,
        "top_5_accuracy": 0.8871581235283463
    },
    "convnext_xlarge": {
        "top_1_accuracy": 0.7596449918493027,
        "top_5_accuracy": 0.8973012135482702
    },
    "convnextv2_base": {
        "top_1_accuracy": 0.7071182756746967,
        "top_5_accuracy": 0.8612570186560405
    },
    "convnextv2_large": {
        "top_1_accuracy": 0.7161746060496287,
        "top_5_accuracy": 0.8717623618909618
    },
    "average": {
        "top_1_accuracy": 0.6995627086190391,
        "top_5_accuracy": 0.8589023727585582
    }
}