{
    "vit_small_patch16_224": {
        "top_1_accuracy": 0.5375837710559681,
        "top_5_accuracy": 0.733200507154501
    },
    "vit_small_patch32_224": {
        "top_1_accuracy": 0.3745698243071907,
        "top_5_accuracy": 0.5830465495381272
    },
    "vit_base_patch16_224": {
        "top_1_accuracy": 0.6823039304473827,
        "top_5_accuracy": 0.8462235102336533
    },
    "vit_base_patch32_224": {
        "top_1_accuracy": 0.46458974823401555,
        "top_5_accuracy": 0.6652780293425105
    },
    "vit_large_patch16_224": {
        "top_1_accuracy": 0.6413693171526897,
        "top_5_accuracy": 0.8090925556964318
    },
    "vit_large_patch32_384": {
        "top_1_accuracy": 0.5060677413512045,
        "top_5_accuracy": 0.6978808186922659
    },
    "beit_base_patch16_224": {
        "top_1_accuracy": 0.6478898750226408,
        "top_5_accuracy": 0.817605506248868
    },
    "beit_large_patch16_224": {
        "top_1_accuracy": 0.7033146169172252,
        "top_5_accuracy": 0.8574533598985691
    },
    "beitv2_base_patch16_224": {
        "top_1_accuracy": 0.6967940590472741,
        "top_5_accuracy": 0.8603513856185474
    },
    "beitv2_large_patch16_224": {
        "top_1_accuracy": 0.7380909255569643,
        "top_5_accuracy": 0.8715812352834631
    },
    "beit3_base_patch16_224": {
        "top_1_accuracy": 0.666002535772505,
        "top_5_accuracy": 0.8279297228762905
    },
    "beit3_large_patch16_224": {
        "top_1_accuracy": 0.6873754754573447,
        "top_5_accuracy": 0.8491215359536316
    },
    "deit_small_patch16_224": {
        "top_1_accuracy": 0.5352291251584858,
        "top_5_accuracy": 0.7252309364245607
    },
    "deit_base_patch16_224": {
        "top_1_accuracy": 0.5785183843506612,
        "top_5_accuracy": 0.7460604962869045
    },
    "deit3_small_patch16_224": {
        "top_1_accuracy": 0.5814164100706394,
        "top_5_accuracy": 0.7540300670168448
    },
    "deit3_medium_patch16_224": {
        "top_1_accuracy": 0.6281470748052889,
        "top_5_accuracy": 0.7897120086940772
    },
    "deit3_base_patch16_224": {
        "top_1_accuracy": 0.6524180402101069,
        "top_5_accuracy": 0.8143452273138924
    },
    "deit3_large_patch16_224": {
        "top_1_accuracy": 0.6689005614924832,
        "top_5_accuracy": 0.8235826842963231
    },
    "average": {
        "top_1_accuracy": 0.6105878564672261,
        "top_5_accuracy": 0.7817625631427478
    }
}