{
    "resnet34": {
        "top_1_accuracy": 0.3670771459616081,
        "top_5_accuracy": 0.4875045273451648
    },
    "resnet50": {
        "top_1_accuracy": 0.45508873596523,
        "top_5_accuracy": 0.5776892430278885
    },
    "resnet101": {
        "top_1_accuracy": 0.4552698297718218,
        "top_5_accuracy": 0.5702643969576241
    },
    "inception_v3": {
        "top_1_accuracy": 0.4683085838464324,
        "top_5_accuracy": 0.6182542557044549
    },
    "inception_v4": {
        "top_1_accuracy": 0.48678015211879755,
        "top_5_accuracy": 0.6159000362187613
    },
    "efficientnetv2_rw_s": {
        "top_1_accuracy": 0.4800796812749004,
        "top_5_accuracy": 0.611372691053966
    },
    "efficientnetv2_rw_m": {
        "top_1_accuracy": 0.5525172039116262,
        "top_5_accuracy": 0.6950380296993843
    },
    "efficientnet_b2": {
        "top_1_accuracy": 0.34987323433538575,
        "top_5_accuracy": 0.490220934444042
    },
    "efficientnet_b3": {
        "top_1_accuracy": 0.4655921767475552,
        "top_5_accuracy": 0.6052155016298443
    },
    "efficientnet_b4": {
        "top_1_accuracy": 0.5150307859471206,
        "top_5_accuracy": 0.6548352046360014
    },
    "average": {
        "top_1_accuracy": 0.4595617529880478,
        "top_5_accuracy": 0.5926294820717133
    }
}