,top_1_accuracy,top_5_accuracy
ssl_resnet50,0.4005795001810938,0.5318725099601593
convnext_small,0.5682723650851141,0.715863817457443
convnext_base,0.6120970662803332,0.7471930459978269
convnext_large,0.644512857660268,0.7788844621513944
convnext_xlarge,0.6772908366533864,0.8000724375226367
convnextv2_base,0.5925389351684173,0.7366896052155016
convnextv2_large,0.6454183266932271,0.7653024266570083
average,0.5915299839602628,0.7251254721374244
