,top_1_accuracy,top_5_accuracy
ssl_resnet50,0.6010146765718427,0.799057800326146
convnext_small,0.6974089508969016,0.867367276680558
convnext_base,0.6849066859938394,0.8729842362746875
convnext_large,0.7318354774415655,0.8918282297517667
convnext_xlarge,0.7591955064323247,0.9036057256749411
convnextv2_base,0.696502989672042,0.856858126472187
convnextv2_large,0.7483239717340098,0.8929153832215981
average,0.7027411798203608,0.8692309683431264
