{
    "ssl_resnet50": {
        "top_1_accuracy": 0.5985864443639,
        "top_5_accuracy": 0.7959405581732512
    },
    "convnext_small": {
        "top_1_accuracy": 0.685212033345415,
        "top_5_accuracy": 0.8533889090250091
    },
    "convnext_base": {
        "top_1_accuracy": 0.7297934034070316,
        "top_5_accuracy": 0.8796665458499456
    },
    "convnext_large": {
        "top_1_accuracy": 0.7584269662921348,
        "top_5_accuracy": 0.9003262051467923
    },
    "convnext_xlarge": {
        "top_1_accuracy": 0.7669445451250453,
        "top_5_accuracy": 0.9041319318593694
    },
    "convnextv2_base": {
        "top_1_accuracy": 0.6832185574483508,
        "top_5_accuracy": 0.8441464298658934
    },
    "convnextv2_large": {
        "top_1_accuracy": 0.7189198985139543,
        "top_5_accuracy": 0.874229793403407
    },
    "average": {
        "top_1_accuracy": 0.7058716926422617,
        "top_5_accuracy": 0.8645471961890954
    }
}