,top_1_accuracy,top_5_accuracy
ssl_resnet50,0.5985864443639,0.7959405581732512
convnext_small,0.685212033345415,0.8533889090250091
convnext_base,0.7297934034070316,0.8796665458499456
convnext_large,0.7584269662921348,0.9003262051467923
convnext_xlarge,0.7669445451250453,0.9041319318593694
convnextv2_base,0.6832185574483508,0.8441464298658934
convnextv2_large,0.7189198985139543,0.874229793403407
average,0.7058716926422617,0.8645471961890954
