{
    "vit_small_patch16_224": {
        "top_1_accuracy": 0.5324392895976803,
        "top_5_accuracy": 0.731968104385647
    },
    "vit_small_patch32_224": {
        "top_1_accuracy": 0.37024284160927873,
        "top_5_accuracy": 0.573939833272925
    },
    "vit_base_patch16_224": {
        "top_1_accuracy": 0.5835447625951432,
        "top_5_accuracy": 0.850851757883291
    },
    "vit_base_patch32_224": {
        "top_1_accuracy": 0.48658934396520476,
        "top_5_accuracy": 0.6841246828561073
    },
    "vit_large_patch16_224": {
        "top_1_accuracy": 0.6562160202972092,
        "top_5_accuracy": 0.8287422979340341
    },
    "vit_large_patch32_384": {
        "top_1_accuracy": 0.48278361725262775,
        "top_5_accuracy": 0.6689017760057993
    },
    "beit_base_patch16_224": {
        "top_1_accuracy": 0.6616527727437478,
        "top_5_accuracy": 0.8321855744835085
    },
    "beit_large_patch16_224": {
        "top_1_accuracy": 0.7214570496556724,
        "top_5_accuracy": 0.8664371148967017
    },
    "beitv2_base_patch16_224": {
        "top_1_accuracy": 0.6828561072852483,
        "top_5_accuracy": 0.8528452337803551
    },
    "beitv2_large_patch16_224": {
        "top_1_accuracy": 0.7549836897426604,
        "top_5_accuracy": 0.8954331279449076
    },
    "beit3_base_patch16_224": {
        "top_1_accuracy": 0.5483870967741935,
        "top_5_accuracy": 0.8506705328017398
    },
    "beit3_large_patch16_224": {
        "top_1_accuracy": 0.599855019934759,
        "top_5_accuracy": 0.8863718738673433
    },
    "deit_small_patch16_224": {
        "top_1_accuracy": 0.5434940195723088,
        "top_5_accuracy": 0.7615077926785067
    },
    "deit_base_patch16_224": {
        "top_1_accuracy": 0.5955056179775281,
        "top_5_accuracy": 0.7944907575208409
    },
    "deit3_small_patch16_224": {
        "top_1_accuracy": 0.6199710039869518,
        "top_5_accuracy": 0.7750996737948532
    },
    "deit3_medium_patch16_224": {
        "top_1_accuracy": 0.6420804639362088,
        "top_5_accuracy": 0.8227618702428416
    },
    "deit3_base_patch16_224": {
        "top_1_accuracy": 0.6692642261689018,
        "top_5_accuracy": 0.8452337803552011
    },
    "deit3_large_patch16_224": {
        "top_1_accuracy": 0.6741573033707865,
        "top_5_accuracy": 0.858463211308445
    },
    "average": {
        "top_1_accuracy": 0.6014155692481173,
        "top_5_accuracy": 0.7988904997785027
    }
}