,top_1_accuracy,top_5_accuracy
ssl_resnet50,0.2359123029534336,0.5283565863381048
convnext_small,0.27794890378691794,0.6829135712991484
convnext_base,0.4564232650842544,0.7575647762275775
convnext_large,0.4703750679470919,0.7526725856133357
convnext_xlarge,0.5220148577640877,0.7758651929697409
convnextv2_base,0.5399528900163073,0.7802138068490668
convnextv2_large,0.587606450443921,0.7919913027722414
average,0.44146196257085907,0.724225403152745
