{
    "ssl_resnet50": {
        "top_1_accuracy": 0.2359123029534336,
        "top_5_accuracy": 0.5283565863381048
    },
    "convnext_small": {
        "top_1_accuracy": 0.27794890378691794,
        "top_5_accuracy": 0.6829135712991484
    },
    "convnext_base": {
        "top_1_accuracy": 0.4564232650842544,
        "top_5_accuracy": 0.7575647762275775
    },
    "convnext_large": {
        "top_1_accuracy": 0.4703750679470919,
        "top_5_accuracy": 0.7526725856133357
    },
    "convnext_xlarge": {
        "top_1_accuracy": 0.5220148577640877,
        "top_5_accuracy": 0.7758651929697409
    },
    "convnextv2_base": {
        "top_1_accuracy": 0.5399528900163073,
        "top_5_accuracy": 0.7802138068490668
    },
    "convnextv2_large": {
        "top_1_accuracy": 0.587606450443921,
        "top_5_accuracy": 0.7919913027722414
    },
    "average": {
        "top_1_accuracy": 0.44146196257085907,
        "top_5_accuracy": 0.724225403152745
    }
}