,top_1_accuracy,top_5_accuracy
ssl_resnet50,0.574687669744704,0.7711388738004707
convnext_small,0.6409560021727322,0.8274488502625384
convnext_base,0.6979902227050516,0.8573239181604201
convnext_large,0.7222523990584827,0.8632989317399964
convnext_xlarge,0.7309433279015028,0.8709034944776389
convnextv2_base,0.7026978091616874,0.8491761723700887
convnextv2_large,0.7209849719355422,0.8627557486873076
average,0.6843589146685289,0.8431494270712088
