,top_1_accuracy,top_5_accuracy
ssl_resnet50,0.4776389643309795,0.7124751041100851
convnext_small,0.5252580119500272,0.790693463697266
convnext_base,0.6181423139598045,0.8276299112801014
convnext_large,0.6520007242440703,0.8480898062647112
convnext_xlarge,0.6608727141046533,0.8569617961252942
convnextv2_base,0.6471120767698715,0.8169473112438892
convnextv2_large,0.6302734021365201,0.8212927756653993
average,0.6016140296422752,0.8105843097695351
