,top_1_accuracy,top_5_accuracy
ssl_resnet50,0.551268115942029,0.7576086956521739
convnext_small,0.6605072463768116,0.8295289855072464
convnext_base,0.7206521739130435,0.8668478260869565
convnext_large,0.7259057971014493,0.8740942028985508
convnext_xlarge,0.7340579710144928,0.8708333333333333
convnextv2_base,0.7072463768115942,0.855072463768116
convnextv2_large,0.691304347826087,0.8481884057971014
average,0.6844202898550724,0.8431677018633541
