{
    "ssl_resnet50": {
        "top_1_accuracy": 0.551268115942029,
        "top_5_accuracy": 0.7576086956521739
    },
    "convnext_small": {
        "top_1_accuracy": 0.6605072463768116,
        "top_5_accuracy": 0.8295289855072464
    },
    "convnext_base": {
        "top_1_accuracy": 0.7206521739130435,
        "top_5_accuracy": 0.8668478260869565
    },
    "convnext_large": {
        "top_1_accuracy": 0.7259057971014493,
        "top_5_accuracy": 0.8740942028985508
    },
    "convnext_xlarge": {
        "top_1_accuracy": 0.7340579710144928,
        "top_5_accuracy": 0.8708333333333333
    },
    "convnextv2_base": {
        "top_1_accuracy": 0.7072463768115942,
        "top_5_accuracy": 0.855072463768116
    },
    "convnextv2_large": {
        "top_1_accuracy": 0.691304347826087,
        "top_5_accuracy": 0.8481884057971014
    },
    "average": {
        "top_1_accuracy": 0.6844202898550724,
        "top_5_accuracy": 0.8431677018633541
    }
}