,top_1_accuracy,top_5_accuracy
ssl_resnet50,0.6030050687907313,0.7943519188993483
convnext_small,0.6656408399710355,0.8240405503258509
convnext_base,0.7320782041998551,0.8837798696596669
convnext_large,0.748189717595945,0.8814265025343954
convnext_xlarge,0.7576031860970311,0.8913830557566981
convnextv2_base,0.7098117306299783,0.8629616220130341
convnextv2_large,0.7277335264301231,0.8700217233888486
average,0.7062946105306713,0.8582807489396919
