,top_1_accuracy,top_5_accuracy
ssl_resnet50,0.4569308722403185,0.6889250814332247
convnext_small,0.5526601520086862,0.743756786102063
convnext_base,0.6056822294607311,0.7665580890336591
convnext_large,0.6317408613825551,0.8031125588128846
convnext_xlarge,0.6456749909518639,0.8166847629388346
convnextv2_base,0.6053203040173725,0.7803112558812885
convnextv2_large,0.564965617082881,0.7899022801302932
average,0.5804250038777726,0.7698929734760354
