{
    "ssl_resnet50": {
        "top_1_accuracy": 0.4569308722403185,
        "top_5_accuracy": 0.6889250814332247
    },
    "convnext_small": {
        "top_1_accuracy": 0.5526601520086862,
        "top_5_accuracy": 0.743756786102063
    },
    "convnext_base": {
        "top_1_accuracy": 0.6056822294607311,
        "top_5_accuracy": 0.7665580890336591
    },
    "convnext_large": {
        "top_1_accuracy": 0.6317408613825551,
        "top_5_accuracy": 0.8031125588128846
    },
    "convnext_xlarge": {
        "top_1_accuracy": 0.6456749909518639,
        "top_5_accuracy": 0.8166847629388346
    },
    "convnextv2_base": {
        "top_1_accuracy": 0.6053203040173725,
        "top_5_accuracy": 0.7803112558812885
    },
    "convnextv2_large": {
        "top_1_accuracy": 0.564965617082881,
        "top_5_accuracy": 0.7899022801302932
    },
    "average": {
        "top_1_accuracy": 0.5804250038777726,
        "top_5_accuracy": 0.7698929734760354
    }
}