{
    "resnet34": {
        "top_1_accuracy": 0.47692307692307695,
        "top_5_accuracy": 0.6553846153846153
    },
    "resnet50": {
        "top_1_accuracy": 0.5076923076923077,
        "top_5_accuracy": 0.6664253393665158
    },
    "resnet101": {
        "top_1_accuracy": 0.5190950226244344,
        "top_5_accuracy": 0.6778280542986426
    },
    "inception_v3": {
        "top_1_accuracy": 0.488868778280543,
        "top_5_accuracy": 0.6640723981900453
    },
    "inception_v4": {
        "top_1_accuracy": 0.5399095022624434,
        "top_5_accuracy": 0.699185520361991
    },
    "efficientnetv2_rw_s": {
        "top_1_accuracy": 0.5181900452488688,
        "top_5_accuracy": 0.6890497737556561
    },
    "efficientnetv2_rw_m": {
        "top_1_accuracy": 0.5900452488687783,
        "top_5_accuracy": 0.7594570135746607
    },
    "efficientnet_b2": {
        "top_1_accuracy": 0.47855203619909503,
        "top_5_accuracy": 0.6570135746606335
    },
    "efficientnet_b3": {
        "top_1_accuracy": 0.580814479638009,
        "top_5_accuracy": 0.7583710407239819
    },
    "efficientnet_b4": {
        "top_1_accuracy": 0.5909502262443439,
        "top_5_accuracy": 0.7493212669683258
    },
    "average": {
        "top_1_accuracy": 0.5291040723981901,
        "top_5_accuracy": 0.6976108597285068
    }
}