{
    "ssl_resnet50": {
        "top_1_accuracy": 0.5123981900452489,
        "top_5_accuracy": 0.7024434389140272
    },
    "convnext_small": {
        "top_1_accuracy": 0.5549321266968326,
        "top_5_accuracy": 0.7402714932126697
    },
    "convnext_base": {
        "top_1_accuracy": 0.6372850678733032,
        "top_5_accuracy": 0.7987330316742082
    },
    "convnext_large": {
        "top_1_accuracy": 0.6792760180995475,
        "top_5_accuracy": 0.8313122171945702
    },
    "convnext_xlarge": {
        "top_1_accuracy": 0.6894117647058824,
        "top_5_accuracy": 0.8358371040723982
    },
    "convnextv2_base": {
        "top_1_accuracy": 0.6164705882352941,
        "top_5_accuracy": 0.7742986425339367
    },
    "convnextv2_large": {
        "top_1_accuracy": 0.6486877828054298,
        "top_5_accuracy": 0.7920361990950227
    },
    "average": {
        "top_1_accuracy": 0.6197802197802199,
        "top_5_accuracy": 0.7821331609566905
    }
}