,top_1_accuracy,top_5_accuracy
ssl_resnet50,0.5393807713199348,0.7555676262900598
convnext_small,0.6583378598587724,0.8281730943327902
convnext_base,0.7124751041100851,0.8701792504073873
convnext_large,0.7387289516567083,0.8861126199529241
convnext_xlarge,0.7488683686402318,0.8931739996378779
convnextv2_base,0.7055947854426942,0.8652906029331885
convnextv2_large,0.7267789244975557,0.8743436538113344
average,0.6900235379322831,0.8532629781950805
