{
    "resnet34": {
        "top_1_accuracy": 0.5920957215373459,
        "top_5_accuracy": 0.7739303843364757
    },
    "resnet50": {
        "top_1_accuracy": 0.6443074691805656,
        "top_5_accuracy": 0.8083756345177665
    },
    "resnet101": {
        "top_1_accuracy": 0.6829224075416969,
        "top_5_accuracy": 0.8359318346627991
    },
    "inception_v3": {
        "top_1_accuracy": 0.6178390137781,
        "top_5_accuracy": 0.7945975344452502
    },
    "inception_v4": {
        "top_1_accuracy": 0.654459753444525,
        "top_5_accuracy": 0.8217911530094271
    },
    "efficientnetv2_rw_s": {
        "top_1_accuracy": 0.678027556200145,
        "top_5_accuracy": 0.8471718636693256
    },
    "efficientnetv2_rw_m": {
        "top_1_accuracy": 0.7126540971718637,
        "top_5_accuracy": 0.8672951414068165
    },
    "efficientnet_b2": {
        "top_1_accuracy": 0.6154822335025381,
        "top_5_accuracy": 0.8005801305293692
    },
    "efficientnet_b3": {
        "top_1_accuracy": 0.6682378535170413,
        "top_5_accuracy": 0.8386511965192168
    },
    "efficientnet_b4": {
        "top_1_accuracy": 0.693437273386512,
        "top_5_accuracy": 0.845540246555475
    },
    "average": {
        "top_1_accuracy": 0.6559463379260333,
        "top_5_accuracy": 0.8233865119651922
    }
}