,top_1_accuracy,top_5_accuracy
ssl_resnet50,0.646301667875272,0.8310369833212473
convnext_small,0.7340464104423495,0.8812545322697607
convnext_base,0.7567077592458303,0.9039158810732415
convnext_large,0.7646845540246555,0.9084481508339376
convnext_xlarge,0.7837200870195794,0.9180565627266135
convnextv2_base,0.7492748368382887,0.8970268310369833
convnextv2_large,0.7730239303843365,0.9075416968817984
average,0.7439656065471875,0.8924686625919405
