{
    "resnet34": {
        "top_1_accuracy": 0.0,
        "top_5_accuracy": 0.061224489795918366
    },
    "resnet50": {
        "top_1_accuracy": 0.0,
        "top_5_accuracy": 0.10204081632653061
    },
    "resnet101": {
        "top_1_accuracy": 0.04081632653061224,
        "top_5_accuracy": 0.14285714285714285
    },
    "inception_v3": {
        "top_1_accuracy": 0.08163265306122448,
        "top_5_accuracy": 0.5918367346938775
    },
    "inception_v4": {
        "top_1_accuracy": 0.8979591836734694,
        "top_5_accuracy": 1.0
    },
    "efficientnetv2_rw_s": {
        "top_1_accuracy": 0.5918367346938775,
        "top_5_accuracy": 0.8979591836734694
    },
    "efficientnetv2_rw_m": {
        "top_1_accuracy": 0.8979591836734694,
        "top_5_accuracy": 1.0
    },
    "efficientnet_b2": {
        "top_1_accuracy": 0.673469387755102,
        "top_5_accuracy": 0.7755102040816326
    },
    "efficientnet_b3": {
        "top_1_accuracy": 0.46938775510204084,
        "top_5_accuracy": 0.9183673469387755
    },
    "efficientnet_b4": {
        "top_1_accuracy": 0.9387755102040817,
        "top_5_accuracy": 1.0
    },
    "average": {
        "top_1_accuracy": 0.4591836734693878,
        "top_5_accuracy": 0.6489795918367347
    }
}