,top_1_accuracy,top_5_accuracy
ssl_resnet50,0.10204081632653061,0.6326530612244898
convnext_small,0.6530612244897959,0.8367346938775511
convnext_base,0.8163265306122449,0.9387755102040817
convnext_large,0.7755102040816326,0.9387755102040817
convnext_xlarge,0.6122448979591837,0.8775510204081632
convnextv2_base,0.8571428571428571,0.9387755102040817
convnextv2_large,0.5918367346938775,0.8571428571428571
average,0.6297376093294461,0.8600583090379008
