{
    "ssl_resnet50": {
        "top_1_accuracy": 0.10204081632653061,
        "top_5_accuracy": 0.6326530612244898
    },
    "convnext_small": {
        "top_1_accuracy": 0.6530612244897959,
        "top_5_accuracy": 0.8367346938775511
    },
    "convnext_base": {
        "top_1_accuracy": 0.8163265306122449,
        "top_5_accuracy": 0.9387755102040817
    },
    "convnext_large": {
        "top_1_accuracy": 0.7755102040816326,
        "top_5_accuracy": 0.9387755102040817
    },
    "convnext_xlarge": {
        "top_1_accuracy": 0.6122448979591837,
        "top_5_accuracy": 0.8775510204081632
    },
    "convnextv2_base": {
        "top_1_accuracy": 0.8571428571428571,
        "top_5_accuracy": 0.9387755102040817
    },
    "convnextv2_large": {
        "top_1_accuracy": 0.5918367346938775,
        "top_5_accuracy": 0.8571428571428571
    },
    "average": {
        "top_1_accuracy": 0.6297376093294461,
        "top_5_accuracy": 0.8600583090379008
    }
}