{
    "vit_small_patch16_224": {
        "top_1_accuracy": 0.0,
        "top_5_accuracy": 0.40816326530612246
    },
    "vit_small_patch32_224": {
        "top_1_accuracy": 0.04081632653061224,
        "top_5_accuracy": 0.3877551020408163
    },
    "vit_base_patch16_224": {
        "top_1_accuracy": 0.6326530612244898,
        "top_5_accuracy": 0.8367346938775511
    },
    "vit_base_patch32_224": {
        "top_1_accuracy": 0.08163265306122448,
        "top_5_accuracy": 0.42857142857142855
    },
    "vit_large_patch16_224": {
        "top_1_accuracy": 0.30612244897959184,
        "top_5_accuracy": 0.5102040816326531
    },
    "vit_large_patch32_384": {
        "top_1_accuracy": 0.04081632653061224,
        "top_5_accuracy": 0.14285714285714285
    },
    "beit_base_patch16_224": {
        "top_1_accuracy": 0.7142857142857143,
        "top_5_accuracy": 0.9795918367346939
    },
    "beit_large_patch16_224": {
        "top_1_accuracy": 0.0,
        "top_5_accuracy": 0.3673469387755102
    },
    "beitv2_base_patch16_224": {
        "top_1_accuracy": 0.3673469387755102,
        "top_5_accuracy": 0.7551020408163265
    },
    "beitv2_large_patch16_224": {
        "top_1_accuracy": 0.9183673469387755,
        "top_5_accuracy": 1.0
    },
    "beit3_base_patch16_224": {
        "top_1_accuracy": 0.7142857142857143,
        "top_5_accuracy": 0.9795918367346939
    },
    "beit3_large_patch16_224": {
        "top_1_accuracy": 0.9795918367346939,
        "top_5_accuracy": 1.0
    },
    "deit_small_patch16_224": {
        "top_1_accuracy": 0.08163265306122448,
        "top_5_accuracy": 0.3469387755102041
    },
    "deit_base_patch16_224": {
        "top_1_accuracy": 0.061224489795918366,
        "top_5_accuracy": 0.8571428571428571
    },
    "deit3_small_patch16_224": {
        "top_1_accuracy": 0.24489795918367346,
        "top_5_accuracy": 0.673469387755102
    },
    "deit3_medium_patch16_224": {
        "top_1_accuracy": 0.5714285714285714,
        "top_5_accuracy": 0.8571428571428571
    },
    "deit3_base_patch16_224": {
        "top_1_accuracy": 0.20408163265306123,
        "top_5_accuracy": 0.42857142857142855
    },
    "deit3_large_patch16_224": {
        "top_1_accuracy": 0.5306122448979592,
        "top_5_accuracy": 0.8571428571428571
    },
    "average": {
        "top_1_accuracy": 0.36054421768707484,
        "top_5_accuracy": 0.6564625850340137
    }
}