,top_1_accuracy,top_5_accuracy
ssl_resnet50,0.5926127104834329,0.7986601484700344
convnext_small,0.6920152091254753,0.8555133079847909
convnext_base,0.7332971211298207,0.8900959623393083
convnext_large,0.7581024805359406,0.8973384030418251
convnext_xlarge,0.763896433097954,0.9022270505160239
convnextv2_base,0.714828897338403,0.872895165670831
convnextv2_large,0.7372804635162049,0.8839398877421691
average,0.7131476164610332,0.8715242751092832
