{
    "ssl_resnet50": {
        "top_1_accuracy": 0.5926127104834329,
        "top_5_accuracy": 0.7986601484700344
    },
    "convnext_small": {
        "top_1_accuracy": 0.6920152091254753,
        "top_5_accuracy": 0.8555133079847909
    },
    "convnext_base": {
        "top_1_accuracy": 0.7332971211298207,
        "top_5_accuracy": 0.8900959623393083
    },
    "convnext_large": {
        "top_1_accuracy": 0.7581024805359406,
        "top_5_accuracy": 0.8973384030418251
    },
    "convnext_xlarge": {
        "top_1_accuracy": 0.763896433097954,
        "top_5_accuracy": 0.9022270505160239
    },
    "convnextv2_base": {
        "top_1_accuracy": 0.714828897338403,
        "top_5_accuracy": 0.872895165670831
    },
    "convnextv2_large": {
        "top_1_accuracy": 0.7372804635162049,
        "top_5_accuracy": 0.8839398877421691
    },
    "average": {
        "top_1_accuracy": 0.7131476164610332,
        "top_5_accuracy": 0.8715242751092832
    }
}