{
    "resnet34": {
        "top_1_accuracy": 0.0,
        "top_5_accuracy": 0.061224489795918366
    },
    "resnet50": {
        "top_1_accuracy": 0.04081632653061224,
        "top_5_accuracy": 0.22448979591836735
    },
    "resnet101": {
        "top_1_accuracy": 0.24489795918367346,
        "top_5_accuracy": 0.42857142857142855
    },
    "inception_v3": {
        "top_1_accuracy": 0.0,
        "top_5_accuracy": 0.04081632653061224
    },
    "inception_v4": {
        "top_1_accuracy": 0.04081632653061224,
        "top_5_accuracy": 0.12244897959183673
    },
    "efficientnetv2_rw_s": {
        "top_1_accuracy": 0.3877551020408163,
        "top_5_accuracy": 0.8571428571428571
    },
    "efficientnetv2_rw_m": {
        "top_1_accuracy": 0.6530612244897959,
        "top_5_accuracy": 0.8367346938775511
    },
    "efficientnet_b2": {
        "top_1_accuracy": 0.061224489795918366,
        "top_5_accuracy": 0.32653061224489793
    },
    "efficientnet_b3": {
        "top_1_accuracy": 0.40816326530612246,
        "top_5_accuracy": 0.7142857142857143
    },
    "efficientnet_b4": {
        "top_1_accuracy": 0.3877551020408163,
        "top_5_accuracy": 0.7755102040816326
    },
    "average": {
        "top_1_accuracy": 0.22244897959183668,
        "top_5_accuracy": 0.4387755102040817
    }
}