{
    "ssl_resnet50": {
        "top_1_accuracy": 0.10204081632653061,
        "top_5_accuracy": 0.2857142857142857
    },
    "convnext_small": {
        "top_1_accuracy": 0.7755102040816326,
        "top_5_accuracy": 0.9183673469387755
    },
    "convnext_base": {
        "top_1_accuracy": 0.8367346938775511,
        "top_5_accuracy": 0.8571428571428571
    },
    "convnext_large": {
        "top_1_accuracy": 0.5918367346938775,
        "top_5_accuracy": 0.8775510204081632
    },
    "convnext_xlarge": {
        "top_1_accuracy": 0.8571428571428571,
        "top_5_accuracy": 0.9795918367346939
    },
    "convnextv2_base": {
        "top_1_accuracy": 0.8571428571428571,
        "top_5_accuracy": 0.9795918367346939
    },
    "convnextv2_large": {
        "top_1_accuracy": 0.8367346938775511,
        "top_5_accuracy": 0.8775510204081632
    },
    "average": {
        "top_1_accuracy": 0.6938775510204082,
        "top_5_accuracy": 0.8250728862973762
    }
}