,top_1_accuracy,top_5_accuracy
ssl_resnet50,0.10204081632653061,0.2857142857142857
convnext_small,0.7755102040816326,0.9183673469387755
convnext_base,0.8367346938775511,0.8571428571428571
convnext_large,0.5918367346938775,0.8775510204081632
convnext_xlarge,0.8571428571428571,0.9795918367346939
convnextv2_base,0.8571428571428571,0.9795918367346939
convnextv2_large,0.8367346938775511,0.8775510204081632
average,0.6938775510204082,0.8250728862973762
