,top_1_accuracy,top_5_accuracy
ssl_resnet50,0.4579710144927536,0.6476449275362319
convnext_small,0.5596014492753624,0.7244565217391304
convnext_base,0.6125,0.7704710144927536
convnext_large,0.6442028985507247,0.8014492753623188
convnext_xlarge,0.6565217391304348,0.7992753623188406
convnextv2_base,0.5885869565217391,0.7494565217391305
convnextv2_large,0.6264492753623189,0.7795289855072464
average,0.5922619047619049,0.7531832298136646
