,top_1_accuracy,top_5_accuracy
ssl_resnet50,0.17182690566720984,0.43545174723881946
convnext_small,0.1412275936990766,0.6802462429838856
convnext_base,0.2692377331160601,0.7512221618685497
convnext_large,0.28209306536302736,0.7465145754119138
convnext_xlarge,0.20079666847727684,0.7711388738004707
convnextv2_base,0.10736918341481079,0.7005250769509325
convnextv2_large,0.10954191562556581,0.7061379684953829
average,0.18315615219471817,0.6844623781071364
