{
    "vit_small_patch16_224": {
        "top_1_accuracy": 0.21473836682962158,
        "top_5_accuracy": 0.49502082201701975
    },
    "vit_small_patch32_224": {
        "top_1_accuracy": 0.21147926851348905,
        "top_5_accuracy": 0.39036755386565275
    },
    "vit_base_patch16_224": {
        "top_1_accuracy": 0.13796849538294406,
        "top_5_accuracy": 0.7510411008509867
    },
    "vit_base_patch32_224": {
        "top_1_accuracy": 0.17870722433460076,
        "top_5_accuracy": 0.47782002534854245
    },
    "vit_large_patch16_224": {
        "top_1_accuracy": 0.18993300742350172,
        "top_5_accuracy": 0.5828354155350353
    },
    "vit_large_patch32_384": {
        "top_1_accuracy": 0.18739815317762085,
        "top_5_accuracy": 0.37026978091616874
    },
    "beit_base_patch16_224": {
        "top_1_accuracy": 0.2904218721709216,
        "top_5_accuracy": 0.6203150461705594
    },
    "beit_large_patch16_224": {
        "top_1_accuracy": 0.38964330979540107,
        "top_5_accuracy": 0.7160963244613435
    },
    "beitv2_base_patch16_224": {
        "top_1_accuracy": 0.2793771500995836,
        "top_5_accuracy": 0.6990765888104291
    },
    "beitv2_large_patch16_224": {
        "top_1_accuracy": 0.16476552598225602,
        "top_5_accuracy": 0.726054680427304
    },
    "beit3_base_patch16_224": {
        "top_1_accuracy": 0.12982074959261272,
        "top_5_accuracy": 0.7409016838674634
    },
    "beit3_large_patch16_224": {
        "top_1_accuracy": 0.046351620496107186,
        "top_5_accuracy": 0.7867101213108818
    },
    "deit_small_patch16_224": {
        "top_1_accuracy": 0.05975013579576317,
        "top_5_accuracy": 0.5169292051421329
    },
    "deit_base_patch16_224": {
        "top_1_accuracy": 0.07151910193735289,
        "top_5_accuracy": 0.5804816223067174
    },
    "deit3_small_patch16_224": {
        "top_1_accuracy": 0.11171464783632085,
        "top_5_accuracy": 0.496650371175086
    },
    "deit3_medium_patch16_224": {
        "top_1_accuracy": 0.15752308527973927,
        "top_5_accuracy": 0.6653992395437263
    },
    "deit3_base_patch16_224": {
        "top_1_accuracy": 0.16331703784175267,
        "top_5_accuracy": 0.7036031142495021
    },
    "deit3_large_patch16_224": {
        "top_1_accuracy": 0.17381857686040195,
        "top_5_accuracy": 0.7275031685678074
    },
    "average": {
        "top_1_accuracy": 0.1754581849638884,
        "top_5_accuracy": 0.6137264369203532
    }
}