,top_1_accuracy,top_5_accuracy
ssl_resnet50,0.4851449275362319,0.7028985507246377
convnext_small,0.6655797101449276,0.8371376811594203
convnext_base,0.702536231884058,0.8646739130434783
convnext_large,0.7329710144927536,0.8802536231884058
convnext_xlarge,0.743840579710145,0.8875
convnextv2_base,0.7099637681159421,0.8610507246376812
convnextv2_large,0.730072463768116,0.873731884057971
average,0.681444099378882,0.8438923395445135
