,top_1_accuracy,top_5_accuracy
ssl_resnet50,0.4443035681941677,0.6319507335627603
convnext_small,0.5672885346857454,0.7442492302119181
convnext_base,0.6506067741351205,0.8052888969389603
convnext_large,0.6808549175873936,0.8326390146712552
convnext_xlarge,0.6915413874298134,0.836261546821228
convnextv2_base,0.6406448107226952,0.8078246694439413
convnextv2_large,0.6817605506248868,0.829197609128781
average,0.6224286490542604,0.7839159572541207
