{
    "resnet34": {
        "top_1_accuracy": 0.555032585083273,
        "top_5_accuracy": 0.746741491672701
    },
    "resnet50": {
        "top_1_accuracy": 0.6035481535119479,
        "top_5_accuracy": 0.7757060101375814
    },
    "resnet101": {
        "top_1_accuracy": 0.6348660391020999,
        "top_5_accuracy": 0.7976104272266473
    },
    "inception_v3": {
        "top_1_accuracy": 0.5505068790731354,
        "top_5_accuracy": 0.7366039102099927
    },
    "inception_v4": {
        "top_1_accuracy": 0.5910572049239682,
        "top_5_accuracy": 0.7690079652425779
    },
    "efficientnetv2_rw_s": {
        "top_1_accuracy": 0.6511585807385952,
        "top_5_accuracy": 0.8316437364228819
    },
    "efficientnetv2_rw_m": {
        "top_1_accuracy": 0.6857349746560464,
        "top_5_accuracy": 0.8510137581462708
    },
    "efficientnet_b2": {
        "top_1_accuracy": 0.5506879073135409,
        "top_5_accuracy": 0.7516292541636496
    },
    "efficientnet_b3": {
        "top_1_accuracy": 0.6272628530050688,
        "top_5_accuracy": 0.81118754525706
    },
    "efficientnet_b4": {
        "top_1_accuracy": 0.6531498913830558,
        "top_5_accuracy": 0.8166183924692252
    },
    "average": {
        "top_1_accuracy": 0.6103005068790731,
        "top_5_accuracy": 0.7887762490948588
    }
}