,top_1_accuracy,top_5_accuracy
ssl_resnet50,0.582367849384504,0.7907313540912382
convnext_small,0.7018464880521361,0.861151339608979
convnext_base,0.7434829833454019,0.887762490948588
convnext_large,0.75,0.8980811006517017
convnext_xlarge,0.7599565532223027,0.9062273714699494
convnextv2_base,0.7224837074583635,0.8756335988414192
convnextv2_large,0.7382331643736423,0.8859522085445329
average,0.7140529636909072,0.8722199234509155
