{
    "ssl_resnet50": {
        "top_1_accuracy": 0.582367849384504,
        "top_5_accuracy": 0.7907313540912382
    },
    "convnext_small": {
        "top_1_accuracy": 0.7018464880521361,
        "top_5_accuracy": 0.861151339608979
    },
    "convnext_base": {
        "top_1_accuracy": 0.7434829833454019,
        "top_5_accuracy": 0.887762490948588
    },
    "convnext_large": {
        "top_1_accuracy": 0.75,
        "top_5_accuracy": 0.8980811006517017
    },
    "convnext_xlarge": {
        "top_1_accuracy": 0.7599565532223027,
        "top_5_accuracy": 0.9062273714699494
    },
    "convnextv2_base": {
        "top_1_accuracy": 0.7224837074583635,
        "top_5_accuracy": 0.8756335988414192
    },
    "convnextv2_large": {
        "top_1_accuracy": 0.7382331643736423,
        "top_5_accuracy": 0.8859522085445329
    },
    "average": {
        "top_1_accuracy": 0.7140529636909072,
        "top_5_accuracy": 0.8722199234509155
    }
}