{
    "vit_small_patch16_224": {
        "top_1_accuracy": 0.5499637943519189,
        "top_5_accuracy": 0.751448225923244
    },
    "vit_small_patch32_224": {
        "top_1_accuracy": 0.3787110789283128,
        "top_5_accuracy": 0.5975742215785662
    },
    "vit_base_patch16_224": {
        "top_1_accuracy": 0.6922519913106444,
        "top_5_accuracy": 0.8595220854453295
    },
    "vit_base_patch32_224": {
        "top_1_accuracy": 0.4952932657494569,
        "top_5_accuracy": 0.6911658218682114
    },
    "vit_large_patch16_224": {
        "top_1_accuracy": 0.6737871107892831,
        "top_5_accuracy": 0.8303765387400435
    },
    "vit_large_patch32_384": {
        "top_1_accuracy": 0.5282404055032585,
        "top_5_accuracy": 0.7242939898624186
    },
    "beit_base_patch16_224": {
        "top_1_accuracy": 0.6752353367125271,
        "top_5_accuracy": 0.8502896451846488
    },
    "beit_large_patch16_224": {
        "top_1_accuracy": 0.7395003620564808,
        "top_5_accuracy": 0.8854091238233165
    },
    "beitv2_base_patch16_224": {
        "top_1_accuracy": 0.7373280231716147,
        "top_5_accuracy": 0.8902968863142651
    },
    "beitv2_large_patch16_224": {
        "top_1_accuracy": 0.7789645184648806,
        "top_5_accuracy": 0.917632150615496
    },
    "beit3_base_patch16_224": {
        "top_1_accuracy": 0.7003982621288921,
        "top_5_accuracy": 0.8640477914554671
    },
    "beit3_large_patch16_224": {
        "top_1_accuracy": 0.7250181028240406,
        "top_5_accuracy": 0.8904779145546705
    },
    "deit_small_patch16_224": {
        "top_1_accuracy": 0.5702389572773353,
        "top_5_accuracy": 0.7657494569152787
    },
    "deit_base_patch16_224": {
        "top_1_accuracy": 0.6294351918899348,
        "top_5_accuracy": 0.8008689355539464
    },
    "deit3_small_patch16_224": {
        "top_1_accuracy": 0.6412020275162925,
        "top_5_accuracy": 0.8081100651701666
    },
    "deit3_medium_patch16_224": {
        "top_1_accuracy": 0.664011585807386,
        "top_5_accuracy": 0.837074583635047
    },
    "deit3_base_patch16_224": {
        "top_1_accuracy": 0.6873642288196958,
        "top_5_accuracy": 0.8468501086169442
    },
    "deit3_large_patch16_224": {
        "top_1_accuracy": 0.7087255611875453,
        "top_5_accuracy": 0.8609703113685735
    },
    "average": {
        "top_1_accuracy": 0.6430927669160833,
        "top_5_accuracy": 0.8151198809236463
    }
}