,top_1_accuracy,top_5_accuracy
ssl_resnet50,0.6158028271112722,0.8053642624139181
convnext_small,0.6942732874229793,0.8624501631025734
convnext_base,0.7475534613990577,0.8867343240304458
convnext_large,0.7595143167814425,0.8956143530264589
convnext_xlarge,0.7694816962667633,0.9026821312069591
convnextv2_base,0.7151141718013773,0.8593693367162015
convnextv2_large,0.7548024646611091,0.8880028996013049
average,0.7223631750634288,0.8714596385854089
