,top_1_accuracy,top_5_accuracy
ssl_resnet50,0.21435042580177568,0.39155644138430873
convnext_small,0.3279579633991665,0.6481246602645406
convnext_base,0.33393730748323974,0.6135169414749049
convnext_large,0.37959775321616235,0.6599021561877152
convnext_xlarge,0.32976988584888567,0.6695053451712266
convnextv2_base,0.3971734009784381,0.6327233194419278
convnextv2_large,0.43685450262728753,0.6626200398622939
average,0.34566303419356503,0.6111355576838454
