,top_1_accuracy,top_5_accuracy
ssl_resnet50,0.6136157885207315,0.8073510773130546
convnext_small,0.6972659786347999,0.8604019554589897
convnext_base,0.7456092703240992,0.8931739996378779
convnext_large,0.7606373347818215,0.899873257287706
convnext_xlarge,0.772768422958537,0.9085641861307261
convnextv2_base,0.732934999094695,0.8852073148651095
convnextv2_large,0.7497736737280464,0.8915444504798117
average,0.7246579240061043,0.8780166058818965
