{
    "vit_small_patch16_224": {
        "top_1_accuracy": 0.5665399239543726,
        "top_5_accuracy": 0.7729494839761
    },
    "vit_small_patch32_224": {
        "top_1_accuracy": 0.39905848270867283,
        "top_5_accuracy": 0.612529422415354
    },
    "vit_base_patch16_224": {
        "top_1_accuracy": 0.694912185406482,
        "top_5_accuracy": 0.8540648198442875
    },
    "vit_base_patch32_224": {
        "top_1_accuracy": 0.49103747963063554,
        "top_5_accuracy": 0.7001629549158066
    },
    "vit_large_patch16_224": {
        "top_1_accuracy": 0.6862212565634619,
        "top_5_accuracy": 0.8446496469310157
    },
    "vit_large_patch32_384": {
        "top_1_accuracy": 0.5462610899873257,
        "top_5_accuracy": 0.7470577584646025
    },
    "beit_base_patch16_224": {
        "top_1_accuracy": 0.6739091073691834,
        "top_5_accuracy": 0.8359587180879956
    },
    "beit_large_patch16_224": {
        "top_1_accuracy": 0.7508600398334239,
        "top_5_accuracy": 0.8866558030056129
    },
    "beitv2_base_patch16_224": {
        "top_1_accuracy": 0.7224334600760456,
        "top_5_accuracy": 0.8761542639869636
    },
    "beitv2_large_patch16_224": {
        "top_1_accuracy": 0.7716820568531595,
        "top_5_accuracy": 0.906391453919971
    },
    "beit3_base_patch16_224": {
        "top_1_accuracy": 0.6731848632989318,
        "top_5_accuracy": 0.8453738910012675
    },
    "beit3_large_patch16_224": {
        "top_1_accuracy": 0.7367372804635162,
        "top_5_accuracy": 0.8897338403041825
    },
    "deit_small_patch16_224": {
        "top_1_accuracy": 0.5879051240267971,
        "top_5_accuracy": 0.7796487416259279
    },
    "deit_base_patch16_224": {
        "top_1_accuracy": 0.6221256563461887,
        "top_5_accuracy": 0.7887017925040739
    },
    "deit3_small_patch16_224": {
        "top_1_accuracy": 0.6601484700344016,
        "top_5_accuracy": 0.8220170197356509
    },
    "deit3_medium_patch16_224": {
        "top_1_accuracy": 0.6931015752308528,
        "top_5_accuracy": 0.8368640231758102
    },
    "deit3_base_patch16_224": {
        "top_1_accuracy": 0.7025167481441246,
        "top_5_accuracy": 0.8569617961252942
    },
    "deit3_large_patch16_224": {
        "top_1_accuracy": 0.7117508600398335,
        "top_5_accuracy": 0.8585913452833605
    },
    "average": {
        "top_1_accuracy": 0.6494658699981894,
        "top_5_accuracy": 0.8174703764057375
    }
}