,top_1_accuracy,top_5_accuracy
ssl_resnet50,0.5507508594174054,0.7622580061516193
convnext_small,0.6745069658042337,0.8413244074543151
convnext_base,0.7099692419033834,0.8724443640311199
convnext_large,0.7246245702912972,0.8733490139316085
convnext_xlarge,0.74724081780351,0.8927085218020626
convnextv2_base,0.678668355346481,0.8491043965985163
convnextv2_large,0.7054459924009409,0.8643025149267234
average,0.6844581147096074,0.8507844606994236
