,top_1_accuracy,top_5_accuracy
ssl_resnet50,0.6190648785791953,0.8111634650235593
convnext_small,0.7046031170714027,0.8689742660384198
convnext_base,0.7288872779992751,0.8793040956868431
convnext_large,0.7520840884378398,0.8919898513954331
convnext_xlarge,0.762957593330917,0.892533526640087
convnextv2_base,0.7227256252265314,0.8673432403044581
convnextv2_large,0.7316056542225444,0.8805726712577021
average,0.7174183192668151,0.8702687309066431
