{
    "ssl_resnet50": {
        "top_1_accuracy": 0.6190648785791953,
        "top_5_accuracy": 0.8111634650235593
    },
    "convnext_small": {
        "top_1_accuracy": 0.7046031170714027,
        "top_5_accuracy": 0.8689742660384198
    },
    "convnext_base": {
        "top_1_accuracy": 0.7288872779992751,
        "top_5_accuracy": 0.8793040956868431
    },
    "convnext_large": {
        "top_1_accuracy": 0.7520840884378398,
        "top_5_accuracy": 0.8919898513954331
    },
    "convnext_xlarge": {
        "top_1_accuracy": 0.762957593330917,
        "top_5_accuracy": 0.892533526640087
    },
    "convnextv2_base": {
        "top_1_accuracy": 0.7227256252265314,
        "top_5_accuracy": 0.8673432403044581
    },
    "convnextv2_large": {
        "top_1_accuracy": 0.7316056542225444,
        "top_5_accuracy": 0.8805726712577021
    },
    "average": {
        "top_1_accuracy": 0.7174183192668151,
        "top_5_accuracy": 0.8702687309066431
    }
}