,top_1_accuracy,top_5_accuracy
ssl_resnet50,0.40901683867463334,0.5775846460257107
convnext_small,0.5647293137787435,0.7273221075502444
convnext_base,0.5904399782726779,0.7447039652362847
convnext_large,0.6391453919971031,0.7861669382581931
convnext_xlarge,0.6568893717182691,0.7964874162592793
convnextv2_base,0.6000362122035126,0.7501357957631722
convnextv2_large,0.6300923411189571,0.7762085822922324
average,0.5843356353948425,0.736944207340731
