{
    "vit_small_patch16_224": {
        "top_1_accuracy": 0.36719174361759915,
        "top_5_accuracy": 0.5229042187217092
    },
    "vit_small_patch32_224": {
        "top_1_accuracy": 0.19373528879232302,
        "top_5_accuracy": 0.3277204417888829
    },
    "vit_base_patch16_224": {
        "top_1_accuracy": 0.49701249321021185,
        "top_5_accuracy": 0.7007061379684953
    },
    "vit_base_patch32_224": {
        "top_1_accuracy": 0.2829983704508419,
        "top_5_accuracy": 0.4173456454825276
    },
    "vit_large_patch16_224": {
        "top_1_accuracy": 0.4986420423682781,
        "top_5_accuracy": 0.6451204055766794
    },
    "vit_large_patch32_384": {
        "top_1_accuracy": 0.39543726235741444,
        "top_5_accuracy": 0.5475285171102662
    },
    "beit_base_patch16_224": {
        "top_1_accuracy": 0.4866920152091255,
        "top_5_accuracy": 0.6529060293318848
    },
    "beit_large_patch16_224": {
        "top_1_accuracy": 0.5775846460257107,
        "top_5_accuracy": 0.7309433279015028
    },
    "beitv2_base_patch16_224": {
        "top_1_accuracy": 0.5681694731124389,
        "top_5_accuracy": 0.7307622668839399
    },
    "beitv2_large_patch16_224": {
        "top_1_accuracy": 0.6386022089444142,
        "top_5_accuracy": 0.7868911823284447
    },
    "beit3_base_patch16_224": {
        "top_1_accuracy": 0.5017200796668477,
        "top_5_accuracy": 0.7186311787072244
    },
    "beit3_large_patch16_224": {
        "top_1_accuracy": 0.5603838493572334,
        "top_5_accuracy": 0.7959442332065906
    },
    "deit_small_patch16_224": {
        "top_1_accuracy": 0.4005069708491762,
        "top_5_accuracy": 0.5607459713923593
    },
    "deit_base_patch16_224": {
        "top_1_accuracy": 0.4296577946768061,
        "top_5_accuracy": 0.6029331884845193
    },
    "deit3_small_patch16_224": {
        "top_1_accuracy": 0.49936628643852976,
        "top_5_accuracy": 0.6465688937171827
    },
    "deit3_medium_patch16_224": {
        "top_1_accuracy": 0.5053413000181061,
        "top_5_accuracy": 0.6605105920695274
    },
    "deit3_base_patch16_224": {
        "top_1_accuracy": 0.5143943508962521,
        "top_5_accuracy": 0.6775303277204417
    },
    "deit3_large_patch16_224": {
        "top_1_accuracy": 0.5640050697084917,
        "top_5_accuracy": 0.7135614702154626
    },
    "average": {
        "top_1_accuracy": 0.4711911803166556,
        "top_5_accuracy": 0.6355141127004245
    }
}