{
    "resnet34": {
        "top_1_accuracy": 0.1111111111111111,
        "top_5_accuracy": 0.16666666666666666
    },
    "resnet50": {
        "top_1_accuracy": 0.3611111111111111,
        "top_5_accuracy": 0.5
    },
    "resnet101": {
        "top_1_accuracy": 0.4444444444444444,
        "top_5_accuracy": 0.4722222222222222
    },
    "inception_v3": {
        "top_1_accuracy": 0.3333333333333333,
        "top_5_accuracy": 0.4722222222222222
    },
    "inception_v4": {
        "top_1_accuracy": 0.4444444444444444,
        "top_5_accuracy": 0.4444444444444444
    },
    "efficientnetv2_rw_s": {
        "top_1_accuracy": 0.3333333333333333,
        "top_5_accuracy": 0.3888888888888889
    },
    "efficientnetv2_rw_m": {
        "top_1_accuracy": 0.4722222222222222,
        "top_5_accuracy": 0.4722222222222222
    },
    "efficientnet_b2": {
        "top_1_accuracy": 0.19444444444444445,
        "top_5_accuracy": 0.2777777777777778
    },
    "efficientnet_b3": {
        "top_1_accuracy": 0.4444444444444444,
        "top_5_accuracy": 0.4722222222222222
    },
    "efficientnet_b4": {
        "top_1_accuracy": 0.4444444444444444,
        "top_5_accuracy": 0.4722222222222222
    },
    "average": {
        "top_1_accuracy": 0.3583333333333333,
        "top_5_accuracy": 0.4138888888888889
    }
}