,top_1_accuracy,top_5_accuracy
ssl_resnet50,0.5,0.6111111111111112
convnext_small,0.6111111111111112,0.6666666666666666
convnext_base,0.5,0.5
convnext_large,0.5277777777777778,0.5555555555555556
convnext_xlarge,0.5,0.5
convnextv2_base,0.6111111111111112,0.6388888888888888
convnextv2_large,0.6111111111111112,0.6111111111111112
average,0.5515873015873016,0.5833333333333333
