{
    "ssl_resnet50": {
        "top_1_accuracy": 0.4796380090497738,
        "top_5_accuracy": 0.6617194570135747
    },
    "convnext_small": {
        "top_1_accuracy": 0.5690497737556561,
        "top_5_accuracy": 0.7147511312217194
    },
    "convnext_base": {
        "top_1_accuracy": 0.5898642533936651,
        "top_5_accuracy": 0.7413574660633484
    },
    "convnext_large": {
        "top_1_accuracy": 0.598371040723982,
        "top_5_accuracy": 0.7357466063348417
    },
    "convnext_xlarge": {
        "top_1_accuracy": 0.6108597285067874,
        "top_5_accuracy": 0.7386425339366516
    },
    "convnextv2_base": {
        "top_1_accuracy": 0.5732126696832579,
        "top_5_accuracy": 0.7174660633484163
    },
    "convnextv2_large": {
        "top_1_accuracy": 0.574841628959276,
        "top_5_accuracy": 0.7015384615384616
    },
    "average": {
        "top_1_accuracy": 0.5708338720103426,
        "top_5_accuracy": 0.7158888170652877
    }
}