,top_1_accuracy,top_5_accuracy
ssl_resnet50,0.4688518652662079,0.6524809851503078
convnext_small,0.594712060847519,0.7589641434262948
convnext_base,0.6450561390800434,0.8156465048895328
convnext_large,0.6819992756247736,0.8341180731618979
convnext_xlarge,0.7030061571894242,0.8458891705903658
convnextv2_base,0.6490402028250634,0.8044186888808402
convnextv2_large,0.6588192683810213,0.8176385367620428
average,0.6287835670305789,0.7898794432658975
