{
    "ssl_resnet50": {
        "top_1_accuracy": 0.4688518652662079,
        "top_5_accuracy": 0.6524809851503078
    },
    "convnext_small": {
        "top_1_accuracy": 0.594712060847519,
        "top_5_accuracy": 0.7589641434262948
    },
    "convnext_base": {
        "top_1_accuracy": 0.6450561390800434,
        "top_5_accuracy": 0.8156465048895328
    },
    "convnext_large": {
        "top_1_accuracy": 0.6819992756247736,
        "top_5_accuracy": 0.8341180731618979
    },
    "convnext_xlarge": {
        "top_1_accuracy": 0.7030061571894242,
        "top_5_accuracy": 0.8458891705903658
    },
    "convnextv2_base": {
        "top_1_accuracy": 0.6490402028250634,
        "top_5_accuracy": 0.8044186888808402
    },
    "convnextv2_large": {
        "top_1_accuracy": 0.6588192683810213,
        "top_5_accuracy": 0.8176385367620428
    },
    "average": {
        "top_1_accuracy": 0.6287835670305789,
        "top_5_accuracy": 0.7898794432658975
    }
}