,top_1_accuracy,top_5_accuracy
ssl_resnet50,0.5970311368573498,0.7916364952932657
convnext_small,0.6929761042722665,0.8546343229543809
convnext_base,0.721216509775525,0.8711078928312816
convnext_large,0.7402244750181028,0.8834178131788559
convnext_xlarge,0.7552498189717596,0.8933743664011585
convnextv2_base,0.6989500362056481,0.8441346850108616
convnextv2_large,0.7404055032585083,0.8763577118030412
average,0.7065790834798802,0.8592376124961207
