,top_1_accuracy,top_5_accuracy
ssl_resnet50,0.42753754297087027,0.6146191423918943
convnext_small,0.6057535733671069,0.7575538266690791
convnext_base,0.6556902478740727,0.795910982449792
convnext_large,0.6679934865207164,0.799529582051746
convnext_xlarge,0.6754116157047223,0.815270490320246
convnextv2_base,0.6325312104215669,0.7694952053555274
convnextv2_large,0.680477655147458,0.8103853808576081
average,0.6207707617152163,0.766109230013699
