{
    "vit_small_patch16_224": {
        "top_1_accuracy": 0.39370363669259995,
        "top_5_accuracy": 0.5711959471684458
    },
    "vit_small_patch32_224": {
        "top_1_accuracy": 0.2495024425547313,
        "top_5_accuracy": 0.4193956938664737
    },
    "vit_base_patch16_224": {
        "top_1_accuracy": 0.594716844581147,
        "top_5_accuracy": 0.7899402931065678
    },
    "vit_base_patch32_224": {
        "top_1_accuracy": 0.34394789216573185,
        "top_5_accuracy": 0.517640673059526
    },
    "vit_large_patch16_224": {
        "top_1_accuracy": 0.5782522163922562,
        "top_5_accuracy": 0.7273385199927628
    },
    "vit_large_patch32_384": {
        "top_1_accuracy": 0.4199384838067668,
        "top_5_accuracy": 0.5764429165912792
    },
    "beit_base_patch16_224": {
        "top_1_accuracy": 0.5263253121042156,
        "top_5_accuracy": 0.6815632350280442
    },
    "beit_large_patch16_224": {
        "top_1_accuracy": 0.6480911887099693,
        "top_5_accuracy": 0.7801700741812918
    },
    "beitv2_base_patch16_224": {
        "top_1_accuracy": 0.6254749411977565,
        "top_5_accuracy": 0.762438936131717
    },
    "beitv2_large_patch16_224": {
        "top_1_accuracy": 0.6770399855256016,
        "top_5_accuracy": 0.8078523611362403
    },
    "beit3_base_patch16_224": {
        "top_1_accuracy": 0.6356070200832278,
        "top_5_accuracy": 0.7966347023701827
    },
    "beit3_large_patch16_224": {
        "top_1_accuracy": 0.7092455219829926,
        "top_5_accuracy": 0.8453048670164647
    },
    "deit_small_patch16_224": {
        "top_1_accuracy": 0.4365840419757554,
        "top_5_accuracy": 0.6309028406006876
    },
    "deit_base_patch16_224": {
        "top_1_accuracy": 0.5370001809299801,
        "top_5_accuracy": 0.7123213316446535
    },
    "deit3_small_patch16_224": {
        "top_1_accuracy": 0.5757191966708883,
        "top_5_accuracy": 0.7448887280622399
    },
    "deit3_medium_patch16_224": {
        "top_1_accuracy": 0.46607562873168085,
        "top_5_accuracy": 0.7760086846390447
    },
    "deit3_base_patch16_224": {
        "top_1_accuracy": 0.551655509317894,
        "top_5_accuracy": 0.7732947349375792
    },
    "deit3_large_patch16_224": {
        "top_1_accuracy": 0.6015921838248598,
        "top_5_accuracy": 0.7774561244798263
    },
    "average": {
        "top_1_accuracy": 0.5316929015137809,
        "top_5_accuracy": 0.7050439257785015
    }
}