{
    "resnet34": {
        "top_1_accuracy": 0.5684248685880007,
        "top_5_accuracy": 0.7424324814210622
    },
    "resnet50": {
        "top_1_accuracy": 0.6266086641290557,
        "top_5_accuracy": 0.786115642559362
    },
    "resnet101": {
        "top_1_accuracy": 0.6398404930215696,
        "top_5_accuracy": 0.7986224397317383
    },
    "inception_v3": {
        "top_1_accuracy": 0.5771252492296538,
        "top_5_accuracy": 0.7658147543955048
    },
    "inception_v4": {
        "top_1_accuracy": 0.6218959579481602,
        "top_5_accuracy": 0.8022475983324271
    },
    "efficientnetv2_rw_s": {
        "top_1_accuracy": 0.6400217509516042,
        "top_5_accuracy": 0.8122167844843212
    },
    "efficientnetv2_rw_m": {
        "top_1_accuracy": 0.7065434112742432,
        "top_5_accuracy": 0.8613376835236541
    },
    "efficientnet_b2": {
        "top_1_accuracy": 0.5653434837774153,
        "top_5_accuracy": 0.7625521116548849
    },
    "efficientnet_b3": {
        "top_1_accuracy": 0.6411092985318108,
        "top_5_accuracy": 0.8198296175457677
    },
    "efficientnet_b4": {
        "top_1_accuracy": 0.6554286750045315,
        "top_5_accuracy": 0.834874025738626
    },
    "average": {
        "top_1_accuracy": 0.6242341852456045,
        "top_5_accuracy": 0.7986043139387349
    }
}