,top_1_accuracy,top_5_accuracy
ssl_resnet50,0.6017763277143375,0.8046039514228748
convnext_small,0.6779046583288019,0.8446619539604858
convnext_base,0.7235816566974805,0.8805510241073047
convnext_large,0.7514953779227841,0.8914264999093711
convnext_xlarge,0.7636396592350916,0.894326626789922
convnextv2_base,0.7085372485046221,0.8602501359434476
convnextv2_large,0.7290193945985137,0.8656878738444806
average,0.7079934747145188,0.8630725808539836
