{
    "resnet34": {
        "top_1_accuracy": 0.45444665821409164,
        "top_5_accuracy": 0.6667270422024996
    },
    "resnet50": {
        "top_1_accuracy": 0.5209201231660932,
        "top_5_accuracy": 0.7212461510595907
    },
    "resnet101": {
        "top_1_accuracy": 0.5319688462235103,
        "top_5_accuracy": 0.7219706574895852
    },
    "inception_v3": {
        "top_1_accuracy": 0.43234921209925736,
        "top_5_accuracy": 0.6350298858902372
    },
    "inception_v4": {
        "top_1_accuracy": 0.49791704401376563,
        "top_5_accuracy": 0.6931715268973012
    },
    "efficientnetv2_rw_s": {
        "top_1_accuracy": 0.38435066111211735,
        "top_5_accuracy": 0.7201593914145988
    },
    "efficientnetv2_rw_m": {
        "top_1_accuracy": 0.44738272052164463,
        "top_5_accuracy": 0.7650787900742619
    },
    "efficientnet_b2": {
        "top_1_accuracy": 0.45009961963412426,
        "top_5_accuracy": 0.6578518384350661
    },
    "efficientnet_b3": {
        "top_1_accuracy": 0.4386886433617098,
        "top_5_accuracy": 0.7187103785546096
    },
    "efficientnet_b4": {
        "top_1_accuracy": 0.536134758195979,
        "top_5_accuracy": 0.7621807643542836
    },
    "average": {
        "top_1_accuracy": 0.4694258286542293,
        "top_5_accuracy": 0.7062126426372034
    }
}