,top_1_accuracy,top_5_accuracy
ssl_resnet50,0.4394131497917044,0.7091106683571816
convnext_small,0.589204854193081,0.8234015576888245
convnext_base,0.6571273320050716,0.8467668900561492
convnext_large,0.6547726861075892,0.8563666002535772
convnext_xlarge,0.6497011410976272,0.8683209563484876
convnextv2_base,0.6542293062850932,0.8223147980438327
convnextv2_large,0.6708929541749683,0.8563666002535772
average,0.6164773462364479,0.8260925815716613
