{
    "resnet34": {
        "top_1_accuracy": 0.36732476000724507,
        "top_5_accuracy": 0.5337801122984966
    },
    "resnet50": {
        "top_1_accuracy": 0.43271146531425464,
        "top_5_accuracy": 0.6018837167179859
    },
    "resnet101": {
        "top_1_accuracy": 0.449737366419127,
        "top_5_accuracy": 0.6125701865604057
    },
    "inception_v3": {
        "top_1_accuracy": 0.41514218438688644,
        "top_5_accuracy": 0.5850389422206123
    },
    "inception_v4": {
        "top_1_accuracy": 0.4886795870313349,
        "top_5_accuracy": 0.6737909798949465
    },
    "efficientnetv2_rw_s": {
        "top_1_accuracy": 0.5053432349212099,
        "top_5_accuracy": 0.6842963231298678
    },
    "efficientnetv2_rw_m": {
        "top_1_accuracy": 0.5951820322405361,
        "top_5_accuracy": 0.7840970838616192
    },
    "efficientnet_b2": {
        "top_1_accuracy": 0.4205759826118457,
        "top_5_accuracy": 0.6160115921028799
    },
    "efficientnet_b3": {
        "top_1_accuracy": 0.5125882992211556,
        "top_5_accuracy": 0.706937149067198
    },
    "efficientnet_b4": {
        "top_1_accuracy": 0.5392139105234559,
        "top_5_accuracy": 0.7250498098170621
    },
    "average": {
        "top_1_accuracy": 0.4726498822677051,
        "top_5_accuracy": 0.6523455895671073
    }
}