,top_1_accuracy,top_5_accuracy
ssl_resnet50,0.444665821409165,0.6524180402101069
convnext_small,0.5600434703857997,0.7520376743343598
convnext_base,0.6428183300126789,0.8072812896214454
convnext_large,0.6699873211374751,0.8306466219887702
convnext_xlarge,0.6976996920847672,0.8525629414961058
convnextv2_base,0.646259735555153,0.8105415685564209
convnextv2_large,0.6779568918674154,0.8351747871762362
average,0.619918751778922,0.7915232747690636
