{
    "ssl_resnet50": {
        "top_1_accuracy": 0.444665821409165,
        "top_5_accuracy": 0.6524180402101069
    },
    "convnext_small": {
        "top_1_accuracy": 0.5600434703857997,
        "top_5_accuracy": 0.7520376743343598
    },
    "convnext_base": {
        "top_1_accuracy": 0.6428183300126789,
        "top_5_accuracy": 0.8072812896214454
    },
    "convnext_large": {
        "top_1_accuracy": 0.6699873211374751,
        "top_5_accuracy": 0.8306466219887702
    },
    "convnext_xlarge": {
        "top_1_accuracy": 0.6976996920847672,
        "top_5_accuracy": 0.8525629414961058
    },
    "convnextv2_base": {
        "top_1_accuracy": 0.646259735555153,
        "top_5_accuracy": 0.8105415685564209
    },
    "convnextv2_large": {
        "top_1_accuracy": 0.6779568918674154,
        "top_5_accuracy": 0.8351747871762362
    },
    "average": {
        "top_1_accuracy": 0.619918751778922,
        "top_5_accuracy": 0.7915232747690636
    }
}