{
    "ssl_resnet50": {
        "top_1_accuracy": 0.5850389422206123,
        "top_5_accuracy": 0.7826480710016301
    },
    "convnext_small": {
        "top_1_accuracy": 0.6995109581597536,
        "top_5_accuracy": 0.8612570186560405
    },
    "convnext_base": {
        "top_1_accuracy": 0.735736279659482,
        "top_5_accuracy": 0.8846223510233653
    },
    "convnext_large": {
        "top_1_accuracy": 0.7659844231117551,
        "top_5_accuracy": 0.8985690998007607
    },
    "convnext_xlarge": {
        "top_1_accuracy": 0.7726861075892049,
        "top_5_accuracy": 0.9023727585582322
    },
    "convnextv2_base": {
        "top_1_accuracy": 0.7284912153595363,
        "top_5_accuracy": 0.8820865785183843
    },
    "convnextv2_large": {
        "top_1_accuracy": 0.7583771055968122,
        "top_5_accuracy": 0.8963955805107771
    },
    "average": {
        "top_1_accuracy": 0.7208321473853081,
        "top_5_accuracy": 0.8725644940098843
    }
}