,top_1_accuracy,top_5_accuracy
ssl_resnet50,0.5850389422206123,0.7826480710016301
convnext_small,0.6995109581597536,0.8612570186560405
convnext_base,0.735736279659482,0.8846223510233653
convnext_large,0.7659844231117551,0.8985690998007607
convnext_xlarge,0.7726861075892049,0.9023727585582322
convnextv2_base,0.7284912153595363,0.8820865785183843
convnextv2_large,0.7583771055968122,0.8963955805107771
average,0.7208321473853081,0.8725644940098843
