{
    "vit_small_patch16_224": {
        "top_1_accuracy": 0.5529795326933526,
        "top_5_accuracy": 0.7511320412968665
    },
    "vit_small_patch32_224": {
        "top_1_accuracy": 0.38072812896214453,
        "top_5_accuracy": 0.5817786632856367
    },
    "vit_base_patch16_224": {
        "top_1_accuracy": 0.6757833725774316,
        "top_5_accuracy": 0.8491215359536316
    },
    "vit_base_patch32_224": {
        "top_1_accuracy": 0.48686832095634847,
        "top_5_accuracy": 0.6777757652599167
    },
    "vit_large_patch16_224": {
        "top_1_accuracy": 0.6701684477449737,
        "top_5_accuracy": 0.8284731026987865
    },
    "vit_large_patch32_384": {
        "top_1_accuracy": 0.5491758739358812,
        "top_5_accuracy": 0.7284912153595363
    },
    "beit_base_patch16_224": {
        "top_1_accuracy": 0.6835718166998732,
        "top_5_accuracy": 0.8482159029161384
    },
    "beit_large_patch16_224": {
        "top_1_accuracy": 0.7437058503894222,
        "top_5_accuracy": 0.8878826299583409
    },
    "beitv2_base_patch16_224": {
        "top_1_accuracy": 0.738272052164463,
        "top_5_accuracy": 0.8886071363883354
    },
    "beitv2_large_patch16_224": {
        "top_1_accuracy": 0.7703314616917225,
        "top_5_accuracy": 0.9061764173157036
    },
    "beit3_base_patch16_224": {
        "top_1_accuracy": 0.7005977178047456,
        "top_5_accuracy": 0.8590834993660569
    },
    "beit3_large_patch16_224": {
        "top_1_accuracy": 0.6629233834450281,
        "top_5_accuracy": 0.8735736279659482
    },
    "deit_small_patch16_224": {
        "top_1_accuracy": 0.5576888244883174,
        "top_5_accuracy": 0.7418945843144358
    },
    "deit_base_patch16_224": {
        "top_1_accuracy": 0.6018837167179859,
        "top_5_accuracy": 0.7719616011592103
    },
    "deit3_small_patch16_224": {
        "top_1_accuracy": 0.6013403368954899,
        "top_5_accuracy": 0.7804745517116465
    },
    "deit3_medium_patch16_224": {
        "top_1_accuracy": 0.650787900742619,
        "top_5_accuracy": 0.8143452273138924
    },
    "deit3_base_patch16_224": {
        "top_1_accuracy": 0.6741532331099439,
        "top_5_accuracy": 0.8281108494837892
    },
    "deit3_large_patch16_224": {
        "top_1_accuracy": 0.6790436515124072,
        "top_5_accuracy": 0.8304654953812715
    },
    "average": {
        "top_1_accuracy": 0.6322224234740083,
        "top_5_accuracy": 0.802642435951619
    }
}