{
    "ssl_resnet50": {
        "top_1_accuracy": 0.16666666666666666,
        "top_5_accuracy": 0.5555555555555556
    },
    "convnext_small": {
        "top_1_accuracy": 0.6388888888888888,
        "top_5_accuracy": 0.8611111111111112
    },
    "convnext_base": {
        "top_1_accuracy": 0.7777777777777778,
        "top_5_accuracy": 0.9166666666666666
    },
    "convnext_large": {
        "top_1_accuracy": 0.7222222222222222,
        "top_5_accuracy": 0.9166666666666666
    },
    "convnext_xlarge": {
        "top_1_accuracy": 0.5833333333333334,
        "top_5_accuracy": 0.8333333333333334
    },
    "convnextv2_base": {
        "top_1_accuracy": 0.8333333333333334,
        "top_5_accuracy": 0.9444444444444444
    },
    "convnextv2_large": {
        "top_1_accuracy": 0.5833333333333334,
        "top_5_accuracy": 0.8333333333333334
    },
    "average": {
        "top_1_accuracy": 0.615079365079365,
        "top_5_accuracy": 0.8373015873015872
    }
}