,top_1_accuracy,top_5_accuracy
ssl_resnet50,0.16666666666666666,0.5555555555555556
convnext_small,0.6388888888888888,0.8611111111111112
convnext_base,0.7777777777777778,0.9166666666666666
convnext_large,0.7222222222222222,0.9166666666666666
convnext_xlarge,0.5833333333333334,0.8333333333333334
convnextv2_base,0.8333333333333334,0.9444444444444444
convnextv2_large,0.5833333333333334,0.8333333333333334
average,0.615079365079365,0.8373015873015872
