{
    "resnet34": {
        "top_1_accuracy": 0.48063698878031125,
        "top_5_accuracy": 0.6746290264205573
    },
    "resnet50": {
        "top_1_accuracy": 0.4876945349258053,
        "top_5_accuracy": 0.7321751719145856
    },
    "resnet101": {
        "top_1_accuracy": 0.4538545059717698,
        "top_5_accuracy": 0.7430329352153456
    },
    "inception_v3": {
        "top_1_accuracy": 0.3635541078537821,
        "top_5_accuracy": 0.6892870068765834
    },
    "inception_v4": {
        "top_1_accuracy": 0.335323923271806,
        "top_5_accuracy": 0.6898298950416214
    },
    "efficientnetv2_rw_s": {
        "top_1_accuracy": 0.495656894679696,
        "top_5_accuracy": 0.7370611653999276
    },
    "efficientnetv2_rw_m": {
        "top_1_accuracy": 0.575280492218603,
        "top_5_accuracy": 0.7832066594281578
    },
    "efficientnet_b2": {
        "top_1_accuracy": 0.4752081071299312,
        "top_5_accuracy": 0.6773434672457473
    },
    "efficientnet_b3": {
        "top_1_accuracy": 0.49077090119435396,
        "top_5_accuracy": 0.7336228736880203
    },
    "efficientnet_b4": {
        "top_1_accuracy": 0.47376040535649655,
        "top_5_accuracy": 0.7522620340209917
    },
    "average": {
        "top_1_accuracy": 0.4631740861382555,
        "top_5_accuracy": 0.7212450235251537
    }
}