,top_1_accuracy,top_5_accuracy
ssl_resnet50,0.36065870430691277,0.7072023163228375
convnext_small,0.5870430691277597,0.8224755700325733
convnext_base,0.5893955845095911,0.8257328990228013
convnext_large,0.6239594643503439,0.8595729279768368
convnext_xlarge,0.5808903365906624,0.8534201954397395
convnextv2_base,0.5606225117625769,0.8355048859934854
convnextv2_large,0.4820846905537459,0.8438291711907348
average,0.5406649087430847,0.8211054237112869
