{
    "resnet34": {
        "top_1_accuracy": 0.7142857142857143,
        "top_5_accuracy": 0.9795918367346939
    },
    "resnet50": {
        "top_1_accuracy": 0.5918367346938775,
        "top_5_accuracy": 1.0
    },
    "resnet101": {
        "top_1_accuracy": 0.9183673469387755,
        "top_5_accuracy": 1.0
    },
    "inception_v3": {
        "top_1_accuracy": 0.8571428571428571,
        "top_5_accuracy": 0.9591836734693877
    },
    "inception_v4": {
        "top_1_accuracy": 0.8367346938775511,
        "top_5_accuracy": 1.0
    },
    "efficientnetv2_rw_s": {
        "top_1_accuracy": 0.673469387755102,
        "top_5_accuracy": 1.0
    },
    "efficientnetv2_rw_m": {
        "top_1_accuracy": 0.3877551020408163,
        "top_5_accuracy": 1.0
    },
    "efficientnet_b2": {
        "top_1_accuracy": 0.20408163265306123,
        "top_5_accuracy": 0.7142857142857143
    },
    "efficientnet_b3": {
        "top_1_accuracy": 0.7755102040816326,
        "top_5_accuracy": 0.9795918367346939
    },
    "efficientnet_b4": {
        "top_1_accuracy": 0.8163265306122449,
        "top_5_accuracy": 1.0
    },
    "average": {
        "top_1_accuracy": 0.6775510204081633,
        "top_5_accuracy": 0.963265306122449
    }
}