{
    "ssl_resnet50": {
        "top_1_accuracy": 0.5306122448979592,
        "top_5_accuracy": 0.9795918367346939
    },
    "convnext_small": {
        "top_1_accuracy": 0.12244897959183673,
        "top_5_accuracy": 0.9795918367346939
    },
    "convnext_base": {
        "top_1_accuracy": 0.40816326530612246,
        "top_5_accuracy": 1.0
    },
    "convnext_large": {
        "top_1_accuracy": 0.061224489795918366,
        "top_5_accuracy": 0.9591836734693877
    },
    "convnext_xlarge": {
        "top_1_accuracy": 0.40816326530612246,
        "top_5_accuracy": 1.0
    },
    "convnextv2_base": {
        "top_1_accuracy": 0.12244897959183673,
        "top_5_accuracy": 0.9795918367346939
    },
    "convnextv2_large": {
        "top_1_accuracy": 0.2653061224489796,
        "top_5_accuracy": 1.0
    },
    "average": {
        "top_1_accuracy": 0.2740524781341108,
        "top_5_accuracy": 0.9854227405247814
    }
}