,top_1_accuracy,top_5_accuracy
ssl_resnet50,0.5306122448979592,0.9795918367346939
convnext_small,0.12244897959183673,0.9795918367346939
convnext_base,0.40816326530612246,1.0
convnext_large,0.061224489795918366,0.9591836734693877
convnext_xlarge,0.40816326530612246,1.0
convnextv2_base,0.12244897959183673,0.9795918367346939
convnextv2_large,0.2653061224489796,1.0
average,0.2740524781341108,0.9854227405247814
