{
    "ssl_resnet50": {
        "top_1_accuracy": 0.5582322043108132,
        "top_5_accuracy": 0.7558413330918312
    },
    "convnext_small": {
        "top_1_accuracy": 0.6446295960876652,
        "top_5_accuracy": 0.8259373301938054
    },
    "convnext_base": {
        "top_1_accuracy": 0.6679949284549901,
        "top_5_accuracy": 0.8378916862887158
    },
    "convnext_large": {
        "top_1_accuracy": 0.7072994022821952,
        "top_5_accuracy": 0.8590834993660569
    },
    "convnext_xlarge": {
        "top_1_accuracy": 0.7252309364245607,
        "top_5_accuracy": 0.87067560224597
    },
    "convnextv2_base": {
        "top_1_accuracy": 0.6937149067197972,
        "top_5_accuracy": 0.846404636841152
    },
    "convnextv2_large": {
        "top_1_accuracy": 0.7123709472921572,
        "top_5_accuracy": 0.8590834993660569
    },
    "average": {
        "top_1_accuracy": 0.6727818459388828,
        "top_5_accuracy": 0.8364167981990841
    }
}