,top_1_accuracy,top_5_accuracy
ssl_resnet50,0.5582322043108132,0.7558413330918312
convnext_small,0.6446295960876652,0.8259373301938054
convnext_base,0.6679949284549901,0.8378916862887158
convnext_large,0.7072994022821952,0.8590834993660569
convnext_xlarge,0.7252309364245607,0.87067560224597
convnextv2_base,0.6937149067197972,0.846404636841152
convnextv2_large,0.7123709472921572,0.8590834993660569
average,0.6727818459388828,0.8364167981990841
