{
    "vit_small_patch16_224": {
        "top_1_accuracy": 0.4991849302662561,
        "top_5_accuracy": 0.7020467306647347
    },
    "vit_small_patch32_224": {
        "top_1_accuracy": 0.4013765622169897,
        "top_5_accuracy": 0.6067741351204492
    },
    "vit_base_patch16_224": {
        "top_1_accuracy": 0.5421119362434341,
        "top_5_accuracy": 0.8243071907263178
    },
    "vit_base_patch32_224": {
        "top_1_accuracy": 0.5024452092012317,
        "top_5_accuracy": 0.6976996920847672
    },
    "vit_large_patch16_224": {
        "top_1_accuracy": 0.6142003260278935,
        "top_5_accuracy": 0.7848215902916138
    },
    "vit_large_patch32_384": {
        "top_1_accuracy": 0.521463502988589,
        "top_5_accuracy": 0.7060315160297047
    },
    "beit_base_patch16_224": {
        "top_1_accuracy": 0.6516935337801123,
        "top_5_accuracy": 0.8143452273138924
    },
    "beit_large_patch16_224": {
        "top_1_accuracy": 0.7067560224596994,
        "top_5_accuracy": 0.8581778663285636
    },
    "beitv2_base_patch16_224": {
        "top_1_accuracy": 0.7025901104872305,
        "top_5_accuracy": 0.8520195616736098
    },
    "beitv2_large_patch16_224": {
        "top_1_accuracy": 0.7047636297772143,
        "top_5_accuracy": 0.8672341967034958
    },
    "beit3_base_patch16_224": {
        "top_1_accuracy": 0.6056873754754574,
        "top_5_accuracy": 0.8223147980438327
    },
    "beit3_large_patch16_224": {
        "top_1_accuracy": 0.5785183843506612,
        "top_5_accuracy": 0.8753848940409346
    },
    "deit_small_patch16_224": {
        "top_1_accuracy": 0.5381271508784641,
        "top_5_accuracy": 0.7493207752218801
    },
    "deit_base_patch16_224": {
        "top_1_accuracy": 0.5585944575258105,
        "top_5_accuracy": 0.7533055605868502
    },
    "deit3_small_patch16_224": {
        "top_1_accuracy": 0.6091287810179316,
        "top_5_accuracy": 0.7692447020467307
    },
    "deit3_medium_patch16_224": {
        "top_1_accuracy": 0.660387610940047,
        "top_5_accuracy": 0.8166998732113747
    },
    "deit3_base_patch16_224": {
        "top_1_accuracy": 0.6670892954174968,
        "top_5_accuracy": 0.8313711284187647
    },
    "deit3_large_patch16_224": {
        "top_1_accuracy": 0.6879188552798406,
        "top_5_accuracy": 0.8355370403912334
    },
    "average": {
        "top_1_accuracy": 0.5973354263519091,
        "top_5_accuracy": 0.7870353599388195
    }
}