,top_1_accuracy,top_5_accuracy
ssl_resnet50,0.5074302283436027,0.6886553098948894
convnext_small,0.6310257339615802,0.782529902138456
convnext_base,0.6833997825299022,0.807901413555636
convnext_large,0.711127220007249,0.8390721275824574
convnext_xlarge,0.7325117796303008,0.8454150054367524
convnextv2_base,0.6906487857919537,0.8251177963030083
convnextv2_large,0.6951794128307358,0.8106197897789054
average,0.664474706156475,0.799901620670015
