{
    "ssl_resnet50": {
        "top_1_accuracy": 0.5555555555555556,
        "top_5_accuracy": 0.9722222222222222
    },
    "convnext_small": {
        "top_1_accuracy": 0.19444444444444445,
        "top_5_accuracy": 0.9722222222222222
    },
    "convnext_base": {
        "top_1_accuracy": 0.4166666666666667,
        "top_5_accuracy": 1.0
    },
    "convnext_large": {
        "top_1_accuracy": 0.1388888888888889,
        "top_5_accuracy": 0.9722222222222222
    },
    "convnext_xlarge": {
        "top_1_accuracy": 0.3888888888888889,
        "top_5_accuracy": 1.0
    },
    "convnextv2_base": {
        "top_1_accuracy": 0.1111111111111111,
        "top_5_accuracy": 0.9722222222222222
    },
    "convnextv2_large": {
        "top_1_accuracy": 0.19444444444444445,
        "top_5_accuracy": 1.0
    },
    "average": {
        "top_1_accuracy": 0.2857142857142857,
        "top_5_accuracy": 0.9841269841269842
    }
}