,top_1_accuracy,top_5_accuracy
ssl_resnet50,0.5555555555555556,0.9722222222222222
convnext_small,0.19444444444444445,0.9722222222222222
convnext_base,0.4166666666666667,1.0
convnext_large,0.1388888888888889,0.9722222222222222
convnext_xlarge,0.3888888888888889,1.0
convnextv2_base,0.1111111111111111,0.9722222222222222
convnextv2_large,0.19444444444444445,1.0
average,0.2857142857142857,0.9841269841269842
