{
    "resnet34": {
        "top_1_accuracy": 0.8333333333333334,
        "top_5_accuracy": 1.0
    },
    "resnet50": {
        "top_1_accuracy": 0.9444444444444444,
        "top_5_accuracy": 1.0
    },
    "resnet101": {
        "top_1_accuracy": 1.0,
        "top_5_accuracy": 1.0
    },
    "inception_v3": {
        "top_1_accuracy": 0.6666666666666666,
        "top_5_accuracy": 0.8888888888888888
    },
    "inception_v4": {
        "top_1_accuracy": 0.8333333333333334,
        "top_5_accuracy": 0.9444444444444444
    },
    "efficientnetv2_rw_s": {
        "top_1_accuracy": 1.0,
        "top_5_accuracy": 1.0
    },
    "efficientnetv2_rw_m": {
        "top_1_accuracy": 1.0,
        "top_5_accuracy": 1.0
    },
    "efficientnet_b2": {
        "top_1_accuracy": 0.8611111111111112,
        "top_5_accuracy": 1.0
    },
    "efficientnet_b3": {
        "top_1_accuracy": 0.8611111111111112,
        "top_5_accuracy": 0.9722222222222222
    },
    "efficientnet_b4": {
        "top_1_accuracy": 0.8333333333333334,
        "top_5_accuracy": 1.0
    },
    "average": {
        "top_1_accuracy": 0.8833333333333334,
        "top_5_accuracy": 0.9805555555555555
    }
}