{
    "ssl_resnet50": {
        "top_1_accuracy": 0.8888888888888888,
        "top_5_accuracy": 1.0
    },
    "convnext_small": {
        "top_1_accuracy": 0.9166666666666666,
        "top_5_accuracy": 0.9722222222222222
    },
    "convnext_base": {
        "top_1_accuracy": 0.9166666666666666,
        "top_5_accuracy": 1.0
    },
    "convnext_large": {
        "top_1_accuracy": 0.9444444444444444,
        "top_5_accuracy": 1.0
    },
    "convnext_xlarge": {
        "top_1_accuracy": 1.0,
        "top_5_accuracy": 1.0
    },
    "convnextv2_base": {
        "top_1_accuracy": 1.0,
        "top_5_accuracy": 1.0
    },
    "convnextv2_large": {
        "top_1_accuracy": 1.0,
        "top_5_accuracy": 1.0
    },
    "average": {
        "top_1_accuracy": 0.9523809523809523,
        "top_5_accuracy": 0.996031746031746
    }
}