,top_1_accuracy,top_5_accuracy
ssl_resnet50,0.5241891647037507,0.732922630911397
convnext_small,0.6242072839282479,0.7854683819532524
convnext_base,0.6820076100742888,0.8456242072839283
convnext_large,0.6992208733466208,0.8391012864649393
convnext_xlarge,0.7267620945823519,0.8606631636165972
convnextv2_base,0.6841819170139518,0.8271425982967929
convnextv2_large,0.696684181917014,0.8285921362565682
average,0.6624647322237466,0.8170734863976393
