{
    "ssl_resnet50": {
        "top_1_accuracy": 0.42738138355668237,
        "top_5_accuracy": 0.6195219123505976
    },
    "convnext_small": {
        "top_1_accuracy": 0.5927200289750091,
        "top_5_accuracy": 0.7627671133647229
    },
    "convnext_base": {
        "top_1_accuracy": 0.6399855124954726,
        "top_5_accuracy": 0.8073161897863093
    },
    "convnext_large": {
        "top_1_accuracy": 0.6734878667149583,
        "top_5_accuracy": 0.8306772908366534
    },
    "convnext_xlarge": {
        "top_1_accuracy": 0.6879753712423036,
        "top_5_accuracy": 0.8348424483882652
    },
    "convnextv2_base": {
        "top_1_accuracy": 0.6483158275986961,
        "top_5_accuracy": 0.8038754074610648
    },
    "convnextv2_large": {
        "top_1_accuracy": 0.6635277073524085,
        "top_5_accuracy": 0.8228902571532054
    },
    "average": {
        "top_1_accuracy": 0.6190562425622186,
        "top_5_accuracy": 0.7831272313344028
    }
}