,top_1_accuracy,top_5_accuracy
ssl_resnet50,0.42738138355668237,0.6195219123505976
convnext_small,0.5927200289750091,0.7627671133647229
convnext_base,0.6399855124954726,0.8073161897863093
convnext_large,0.6734878667149583,0.8306772908366534
convnext_xlarge,0.6879753712423036,0.8348424483882652
convnextv2_base,0.6483158275986961,0.8038754074610648
convnextv2_large,0.6635277073524085,0.8228902571532054
average,0.6190562425622186,0.7831272313344028
