,top_1_accuracy,top_5_accuracy
ssl_resnet50,0.4972796517954298,0.7524483133841132
convnext_small,0.6089952847297787,0.8365977511788175
convnext_base,0.6485310119695321,0.8757707653246282
convnext_large,0.705658324265506,0.8786724700761698
convnext_xlarge,0.6989481320275662,0.8890097932535365
convnextv2_base,0.6410953935437069,0.8648893725063475
convnextv2_large,0.607544432354008,0.8705114254624592
average,0.6297217472407898,0.852557127312296
