,top_1_accuracy,top_5_accuracy
ssl_resnet50,0.43860919956537486,0.652299891343716
convnext_small,0.5124954726548352,0.7553422672944585
convnext_base,0.5708076783773995,0.7823252444766389
convnext_large,0.5333212604128938,0.7915610286128214
convnext_xlarge,0.5813111191597248,0.8116624411445128
convnextv2_base,0.5847519014849692,0.7593263310394784
convnextv2_large,0.5867439333574792,0.7770735240854763
average,0.5440057950018109,0.761370103999586
