{
    "vit_small_patch16_224": {
        "top_1_accuracy": 0.36110105034407824,
        "top_5_accuracy": 0.5816733067729084
    },
    "vit_small_patch32_224": {
        "top_1_accuracy": 0.231437884824339,
        "top_5_accuracy": 0.3929735603042376
    },
    "vit_base_patch16_224": {
        "top_1_accuracy": 0.34987323433538575,
        "top_5_accuracy": 0.787033683448026
    },
    "vit_base_patch32_224": {
        "top_1_accuracy": 0.3395508873596523,
        "top_5_accuracy": 0.5320536037667511
    },
    "vit_large_patch16_224": {
        "top_1_accuracy": 0.5018109380659181,
        "top_5_accuracy": 0.6805505251720391
    },
    "vit_large_patch32_384": {
        "top_1_accuracy": 0.33429916696848966,
        "top_5_accuracy": 0.5407461064831582
    },
    "beit_base_patch16_224": {
        "top_1_accuracy": 0.4255704454907642,
        "top_5_accuracy": 0.6800072437522636
    },
    "beit_large_patch16_224": {
        "top_1_accuracy": 0.5304237595074248,
        "top_5_accuracy": 0.7551611734878667
    },
    "beitv2_base_patch16_224": {
        "top_1_accuracy": 0.5383918869974647,
        "top_5_accuracy": 0.750996015936255
    },
    "beitv2_large_patch16_224": {
        "top_1_accuracy": 0.5570445490764215,
        "top_5_accuracy": 0.8053241579137993
    },
    "beit3_base_patch16_224": {
        "top_1_accuracy": 0.2843172763491489,
        "top_5_accuracy": 0.7814197754436798
    },
    "beit3_large_patch16_224": {
        "top_1_accuracy": 0.32777978993118434,
        "top_5_accuracy": 0.8429916696848968
    },
    "deit_small_patch16_224": {
        "top_1_accuracy": 0.3161897863093082,
        "top_5_accuracy": 0.5970662803332126
    },
    "deit_base_patch16_224": {
        "top_1_accuracy": 0.2700108656283955,
        "top_5_accuracy": 0.652299891343716
    },
    "deit3_small_patch16_224": {
        "top_1_accuracy": 0.3295907279971025,
        "top_5_accuracy": 0.6137269105396596
    },
    "deit3_medium_patch16_224": {
        "top_1_accuracy": 0.3540383918869975,
        "top_5_accuracy": 0.6917783411807317
    },
    "deit3_base_patch16_224": {
        "top_1_accuracy": 0.3973198116624411,
        "top_5_accuracy": 0.7240130387540746
    },
    "deit3_large_patch16_224": {
        "top_1_accuracy": 0.4393335747917421,
        "top_5_accuracy": 0.7544367982614995
    },
    "average": {
        "top_1_accuracy": 0.3826713348625699,
        "top_5_accuracy": 0.6757917823654876
    }
}