{
    "ssl_resnet50": {
        "top_1_accuracy": 0.5045289855072463,
        "top_5_accuracy": 0.6878623188405797
    },
    "convnext_small": {
        "top_1_accuracy": 0.5918478260869565,
        "top_5_accuracy": 0.7563405797101449
    },
    "convnext_base": {
        "top_1_accuracy": 0.6202898550724638,
        "top_5_accuracy": 0.7875
    },
    "convnext_large": {
        "top_1_accuracy": 0.6721014492753623,
        "top_5_accuracy": 0.8251811594202898
    },
    "convnext_xlarge": {
        "top_1_accuracy": 0.6954710144927536,
        "top_5_accuracy": 0.8442028985507246
    },
    "convnextv2_base": {
        "top_1_accuracy": 0.6416666666666667,
        "top_5_accuracy": 0.7902173913043479
    },
    "convnextv2_large": {
        "top_1_accuracy": 0.6757246376811594,
        "top_5_accuracy": 0.8197463768115942
    },
    "average": {
        "top_1_accuracy": 0.628804347826087,
        "top_5_accuracy": 0.7872929606625261
    }
}