,top_1_accuracy,top_5_accuracy
ssl_resnet50,0.5045289855072463,0.6878623188405797
convnext_small,0.5918478260869565,0.7563405797101449
convnext_base,0.6202898550724638,0.7875
convnext_large,0.6721014492753623,0.8251811594202898
convnext_xlarge,0.6954710144927536,0.8442028985507246
convnextv2_base,0.6416666666666667,0.7902173913043479
convnextv2_large,0.6757246376811594,0.8197463768115942
average,0.628804347826087,0.7872929606625261
