,top_1_accuracy,top_5_accuracy
ssl_resnet50,0.6168478260869565,0.8155797101449276
convnext_small,0.7032608695652174,0.8706521739130435
convnext_base,0.7260869565217392,0.8885869565217391
convnext_large,0.7478260869565218,0.9070652173913043
convnext_xlarge,0.7614130434782609,0.9103260869565217
convnextv2_base,0.7166666666666667,0.884963768115942
convnextv2_large,0.7552536231884058,0.8998188405797102
average,0.7181935817805384,0.8824275362318842
