{
    "resnet34": {
        "top_1_accuracy": 0.37613019891500904,
        "top_5_accuracy": 0.5538878842676311
    },
    "resnet50": {
        "top_1_accuracy": 0.4511754068716094,
        "top_5_accuracy": 0.6264014466546112
    },
    "resnet101": {
        "top_1_accuracy": 0.5160940325497287,
        "top_5_accuracy": 0.6708860759493671
    },
    "inception_v3": {
        "top_1_accuracy": 0.45515370705244124,
        "top_5_accuracy": 0.6191681735985534
    },
    "inception_v4": {
        "top_1_accuracy": 0.5280289330922242,
        "top_5_accuracy": 0.6913200723327305
    },
    "efficientnetv2_rw_s": {
        "top_1_accuracy": 0.5097649186256781,
        "top_5_accuracy": 0.7001808318264015
    },
    "efficientnetv2_rw_m": {
        "top_1_accuracy": 0.6023508137432189,
        "top_5_accuracy": 0.7692585895117541
    },
    "efficientnet_b2": {
        "top_1_accuracy": 0.4607594936708861,
        "top_5_accuracy": 0.6374321880650995
    },
    "efficientnet_b3": {
        "top_1_accuracy": 0.5379746835443038,
        "top_5_accuracy": 0.7191681735985533
    },
    "efficientnet_b4": {
        "top_1_accuracy": 0.5645569620253165,
        "top_5_accuracy": 0.730379746835443
    },
    "average": {
        "top_1_accuracy": 0.5001989150090416,
        "top_5_accuracy": 0.6718083182640144
    }
}