{
    "ssl_resnet50": {
        "top_1_accuracy": 0.46148282097649185,
        "top_5_accuracy": 0.655877034358047
    },
    "convnext_small": {
        "top_1_accuracy": 0.6265822784810127,
        "top_5_accuracy": 0.7837251356238698
    },
    "convnext_base": {
        "top_1_accuracy": 0.6540687160940325,
        "top_5_accuracy": 0.8289330922242315
    },
    "convnext_large": {
        "top_1_accuracy": 0.7121157323688969,
        "top_5_accuracy": 0.8567811934900542
    },
    "convnext_xlarge": {
        "top_1_accuracy": 0.7249547920433996,
        "top_5_accuracy": 0.8576853526220615
    },
    "convnextv2_base": {
        "top_1_accuracy": 0.6632911392405063,
        "top_5_accuracy": 0.8173598553345389
    },
    "convnextv2_large": {
        "top_1_accuracy": 0.7021699819168173,
        "top_5_accuracy": 0.839240506329114
    },
    "average": {
        "top_1_accuracy": 0.6492379230173082,
        "top_5_accuracy": 0.8056574528545595
    }
}