,top_1_accuracy,top_5_accuracy
ssl_resnet50,0.46148282097649185,0.655877034358047
convnext_small,0.6265822784810127,0.7837251356238698
convnext_base,0.6540687160940325,0.8289330922242315
convnext_large,0.7121157323688969,0.8567811934900542
convnext_xlarge,0.7249547920433996,0.8576853526220615
convnextv2_base,0.6632911392405063,0.8173598553345389
convnextv2_large,0.7021699819168173,0.839240506329114
average,0.6492379230173082,0.8056574528545595
