,top_1_accuracy,top_5_accuracy
resnet34,0.20408163265306123,1.0
resnet50,0.32653061224489793,0.9591836734693877
resnet101,0.5102040816326531,1.0
inception_v3,0.04081632653061224,0.8571428571428571
inception_v4,0.1836734693877551,0.9795918367346939
efficientnetv2_rw_s,0.8367346938775511,1.0
efficientnetv2_rw_m,1.0,1.0
efficientnet_b2,0.0,0.9591836734693877
efficientnet_b3,0.04081632653061224,1.0
efficientnet_b4,0.16326530612244897,1.0
average,0.3306122448979592,0.9755102040816326
