{
    "resnet34": {
        "top_1_accuracy": 0.20408163265306123,
        "top_5_accuracy": 1.0
    },
    "resnet50": {
        "top_1_accuracy": 0.32653061224489793,
        "top_5_accuracy": 0.9591836734693877
    },
    "resnet101": {
        "top_1_accuracy": 0.5102040816326531,
        "top_5_accuracy": 1.0
    },
    "inception_v3": {
        "top_1_accuracy": 0.04081632653061224,
        "top_5_accuracy": 0.8571428571428571
    },
    "inception_v4": {
        "top_1_accuracy": 0.1836734693877551,
        "top_5_accuracy": 0.9795918367346939
    },
    "efficientnetv2_rw_s": {
        "top_1_accuracy": 0.8367346938775511,
        "top_5_accuracy": 1.0
    },
    "efficientnetv2_rw_m": {
        "top_1_accuracy": 1.0,
        "top_5_accuracy": 1.0
    },
    "efficientnet_b2": {
        "top_1_accuracy": 0.0,
        "top_5_accuracy": 0.9591836734693877
    },
    "efficientnet_b3": {
        "top_1_accuracy": 0.04081632653061224,
        "top_5_accuracy": 1.0
    },
    "efficientnet_b4": {
        "top_1_accuracy": 0.16326530612244897,
        "top_5_accuracy": 1.0
    },
    "average": {
        "top_1_accuracy": 0.3306122448979592,
        "top_5_accuracy": 0.9755102040816326
    }
}