,top_1_accuracy,top_5_accuracy
ssl_resnet50,0.8367346938775511,1.0
convnext_small,0.9183673469387755,1.0
convnext_base,0.40816326530612246,1.0
convnext_large,0.9591836734693877,1.0
convnext_xlarge,0.42857142857142855,1.0
convnextv2_base,0.7755102040816326,1.0
convnextv2_large,0.5918367346938775,1.0
average,0.7026239067055394,1.0
