,top_1_accuracy,top_5_accuracy
ssl_resnet50,0.6666666666666666,1.0
convnext_small,0.6666666666666666,1.0
convnext_base,1.0,1.0
convnext_large,0.6666666666666666,1.0
convnext_xlarge,0.6666666666666666,1.0
convnextv2_base,0.6666666666666666,1.0
convnextv2_large,1.0,1.0
average,0.7619047619047619,1.0
