,top_1_accuracy,top_5_accuracy
ssl_resnet50,0.5513122171945701,0.773212669683258
convnext_small,0.6787330316742082,0.8369230769230769
convnext_base,0.7046153846153846,0.863710407239819
convnext_large,0.7393665158371041,0.8854298642533937
convnext_xlarge,0.7534841628959276,0.893212669683258
convnextv2_base,0.6877828054298643,0.8510407239819004
convnextv2_large,0.7026244343891402,0.8600904977375565
average,0.6882740788623141,0.8519457013574661
