{
    "ssl_resnet50": {
        "top_1_accuracy": 0.5513122171945701,
        "top_5_accuracy": 0.773212669683258
    },
    "convnext_small": {
        "top_1_accuracy": 0.6787330316742082,
        "top_5_accuracy": 0.8369230769230769
    },
    "convnext_base": {
        "top_1_accuracy": 0.7046153846153846,
        "top_5_accuracy": 0.863710407239819
    },
    "convnext_large": {
        "top_1_accuracy": 0.7393665158371041,
        "top_5_accuracy": 0.8854298642533937
    },
    "convnext_xlarge": {
        "top_1_accuracy": 0.7534841628959276,
        "top_5_accuracy": 0.893212669683258
    },
    "convnextv2_base": {
        "top_1_accuracy": 0.6877828054298643,
        "top_5_accuracy": 0.8510407239819004
    },
    "convnextv2_large": {
        "top_1_accuracy": 0.7026244343891402,
        "top_5_accuracy": 0.8600904977375565
    },
    "average": {
        "top_1_accuracy": 0.6882740788623141,
        "top_5_accuracy": 0.8519457013574661
    }
}