,top_1_accuracy,top_5_accuracy
ssl_resnet50,0.43126586869786,0.6178817555313747
convnext_small,0.5462459194776932,0.7149075081610446
convnext_base,0.6224156692056583,0.7767500906782735
convnext_large,0.6670293797606094,0.7925281102647805
convnext_xlarge,0.6993108451215089,0.8309756982227059
convnextv2_base,0.6015596663039535,0.7470076169749728
convnextv2_large,0.6391004715270221,0.7861806311207835
average,0.6009896885849006,0.7523187729934193
