{
    "ssl_resnet50": {
        "top_1_accuracy": 0.43126586869786,
        "top_5_accuracy": 0.6178817555313747
    },
    "convnext_small": {
        "top_1_accuracy": 0.5462459194776932,
        "top_5_accuracy": 0.7149075081610446
    },
    "convnext_base": {
        "top_1_accuracy": 0.6224156692056583,
        "top_5_accuracy": 0.7767500906782735
    },
    "convnext_large": {
        "top_1_accuracy": 0.6670293797606094,
        "top_5_accuracy": 0.7925281102647805
    },
    "convnext_xlarge": {
        "top_1_accuracy": 0.6993108451215089,
        "top_5_accuracy": 0.8309756982227059
    },
    "convnextv2_base": {
        "top_1_accuracy": 0.6015596663039535,
        "top_5_accuracy": 0.7470076169749728
    },
    "convnextv2_large": {
        "top_1_accuracy": 0.6391004715270221,
        "top_5_accuracy": 0.7861806311207835
    },
    "average": {
        "top_1_accuracy": 0.6009896885849006,
        "top_5_accuracy": 0.7523187729934193
    }
}