,top_1_accuracy,top_5_accuracy
ssl_resnet50,0.502264903062149,0.7042942562058344
convnext_small,0.46783837651748506,0.7749592317448813
convnext_base,0.6077187896358036,0.8148215256387027
convnext_large,0.649574198224316,0.8358398260554448
convnext_xlarge,0.6600833484326871,0.8387389019749955
convnextv2_base,0.6419641239354955,0.8057619133901069
convnextv2_large,0.6316361659720964,0.8135531799238993
average,0.5944399865400047,0.7982812621334093
