{
    "ssl_resnet50": {
        "top_1_accuracy": 0.502264903062149,
        "top_5_accuracy": 0.7042942562058344
    },
    "convnext_small": {
        "top_1_accuracy": 0.46783837651748506,
        "top_5_accuracy": 0.7749592317448813
    },
    "convnext_base": {
        "top_1_accuracy": 0.6077187896358036,
        "top_5_accuracy": 0.8148215256387027
    },
    "convnext_large": {
        "top_1_accuracy": 0.649574198224316,
        "top_5_accuracy": 0.8358398260554448
    },
    "convnext_xlarge": {
        "top_1_accuracy": 0.6600833484326871,
        "top_5_accuracy": 0.8387389019749955
    },
    "convnextv2_base": {
        "top_1_accuracy": 0.6419641239354955,
        "top_5_accuracy": 0.8057619133901069
    },
    "convnextv2_large": {
        "top_1_accuracy": 0.6316361659720964,
        "top_5_accuracy": 0.8135531799238993
    },
    "average": {
        "top_1_accuracy": 0.5944399865400047,
        "top_5_accuracy": 0.7982812621334093
    }
}