,top_1_accuracy,top_5_accuracy
ssl_resnet50,0.5419833514296055,0.7703583061889251
convnext_small,0.6317408613825551,0.8268186753528773
convnext_base,0.6757148027506333,0.8499819037278321
convnext_large,0.6878393051031487,0.8557727108215708
convnext_xlarge,0.7062975027144408,0.8650018096272168
convnextv2_base,0.6653999276149113,0.8385812522620341
convnextv2_large,0.6892870068765834,0.8561346362649295
average,0.6568946796959826,0.8375213277493408
