{
    "ssl_resnet50": {
        "top_1_accuracy": 0.5419833514296055,
        "top_5_accuracy": 0.7703583061889251
    },
    "convnext_small": {
        "top_1_accuracy": 0.6317408613825551,
        "top_5_accuracy": 0.8268186753528773
    },
    "convnext_base": {
        "top_1_accuracy": 0.6757148027506333,
        "top_5_accuracy": 0.8499819037278321
    },
    "convnext_large": {
        "top_1_accuracy": 0.6878393051031487,
        "top_5_accuracy": 0.8557727108215708
    },
    "convnext_xlarge": {
        "top_1_accuracy": 0.7062975027144408,
        "top_5_accuracy": 0.8650018096272168
    },
    "convnextv2_base": {
        "top_1_accuracy": 0.6653999276149113,
        "top_5_accuracy": 0.8385812522620341
    },
    "convnextv2_large": {
        "top_1_accuracy": 0.6892870068765834,
        "top_5_accuracy": 0.8561346362649295
    },
    "average": {
        "top_1_accuracy": 0.6568946796959826,
        "top_5_accuracy": 0.8375213277493408
    }
}