,top_1_accuracy,top_5_accuracy
ssl_resnet50,0.5907279971024991,0.7823252444766389
convnext_small,0.6724013038754074,0.833031510322347
convnext_base,0.7064469395146686,0.8656283955088736
convnext_large,0.7336110105034408,0.8737776168055053
convnext_xlarge,0.7524447663889895,0.885729808040565
convnextv2_base,0.7098877218399131,0.86526620789569
convnextv2_large,0.723650851140891,0.8703368344802608
average,0.6984529414808299,0.8537279453614115
