{
    "ssl_resnet50": {
        "top_1_accuracy": 0.5907279971024991,
        "top_5_accuracy": 0.7823252444766389
    },
    "convnext_small": {
        "top_1_accuracy": 0.6724013038754074,
        "top_5_accuracy": 0.833031510322347
    },
    "convnext_base": {
        "top_1_accuracy": 0.7064469395146686,
        "top_5_accuracy": 0.8656283955088736
    },
    "convnext_large": {
        "top_1_accuracy": 0.7336110105034408,
        "top_5_accuracy": 0.8737776168055053
    },
    "convnext_xlarge": {
        "top_1_accuracy": 0.7524447663889895,
        "top_5_accuracy": 0.885729808040565
    },
    "convnextv2_base": {
        "top_1_accuracy": 0.7098877218399131,
        "top_5_accuracy": 0.86526620789569
    },
    "convnextv2_large": {
        "top_1_accuracy": 0.723650851140891,
        "top_5_accuracy": 0.8703368344802608
    },
    "average": {
        "top_1_accuracy": 0.6984529414808299,
        "top_5_accuracy": 0.8537279453614115
    }
}