{
    "ssl_resnet50": {
        "top_1_accuracy": 0.5216367915987687,
        "top_5_accuracy": 0.7352887923230128
    },
    "convnext_small": {
        "top_1_accuracy": 0.5596596052869817,
        "top_5_accuracy": 0.8321564367191744
    },
    "convnext_base": {
        "top_1_accuracy": 0.6840485243527069,
        "top_5_accuracy": 0.8578671012131088
    },
    "convnext_large": {
        "top_1_accuracy": 0.6730038022813688,
        "top_5_accuracy": 0.8634799927575593
    },
    "convnext_xlarge": {
        "top_1_accuracy": 0.6958174904942965,
        "top_5_accuracy": 0.8795944233206591
    },
    "convnextv2_base": {
        "top_1_accuracy": 0.6824189751946406,
        "top_5_accuracy": 0.8453738910012675
    },
    "convnextv2_large": {
        "top_1_accuracy": 0.6959985515118595,
        "top_5_accuracy": 0.8526163317037841
    },
    "average": {
        "top_1_accuracy": 0.6446548201029462,
        "top_5_accuracy": 0.838053852719795
    }
}