,top_1_accuracy,top_5_accuracy
ssl_resnet50,0.5216367915987687,0.7352887923230128
convnext_small,0.5596596052869817,0.8321564367191744
convnext_base,0.6840485243527069,0.8578671012131088
convnext_large,0.6730038022813688,0.8634799927575593
convnext_xlarge,0.6958174904942965,0.8795944233206591
convnextv2_base,0.6824189751946406,0.8453738910012675
convnextv2_large,0.6959985515118595,0.8526163317037841
average,0.6446548201029462,0.838053852719795
