,top_1_accuracy,top_5_accuracy
ssl_resnet50,0.5173850054328142,0.7048170952553423
convnext_small,0.5626584570807679,0.7437522636725824
convnext_base,0.6273089460340456,0.791923216226005
convnext_large,0.6609923940601231,0.8140166606302065
convnext_xlarge,0.6812749003984063,0.831039478449837
convnextv2_base,0.6099239406012315,0.7691053965954364
convnextv2_large,0.6417964505613908,0.7931908728721477
average,0.6144771563098256,0.7782635691002225
