{
    "ssl_resnet50": {
        "top_1_accuracy": 0.5173850054328142,
        "top_5_accuracy": 0.7048170952553423
    },
    "convnext_small": {
        "top_1_accuracy": 0.5626584570807679,
        "top_5_accuracy": 0.7437522636725824
    },
    "convnext_base": {
        "top_1_accuracy": 0.6273089460340456,
        "top_5_accuracy": 0.791923216226005
    },
    "convnext_large": {
        "top_1_accuracy": 0.6609923940601231,
        "top_5_accuracy": 0.8140166606302065
    },
    "convnext_xlarge": {
        "top_1_accuracy": 0.6812749003984063,
        "top_5_accuracy": 0.831039478449837
    },
    "convnextv2_base": {
        "top_1_accuracy": 0.6099239406012315,
        "top_5_accuracy": 0.7691053965954364
    },
    "convnextv2_large": {
        "top_1_accuracy": 0.6417964505613908,
        "top_5_accuracy": 0.7931908728721477
    },
    "average": {
        "top_1_accuracy": 0.6144771563098256,
        "top_5_accuracy": 0.7782635691002225
    }
}