{
    "vit_small_patch16_224": {
        "top_1_accuracy": 0.4340818544005795,
        "top_5_accuracy": 0.6157189424121695
    },
    "vit_small_patch32_224": {
        "top_1_accuracy": 0.2716407098877218,
        "top_5_accuracy": 0.4429554509235784
    },
    "vit_base_patch16_224": {
        "top_1_accuracy": 0.5746106483158276,
        "top_5_accuracy": 0.7790655559579862
    },
    "vit_base_patch32_224": {
        "top_1_accuracy": 0.3721477725461789,
        "top_5_accuracy": 0.5445490764215863
    },
    "vit_large_patch16_224": {
        "top_1_accuracy": 0.5452734516479536,
        "top_5_accuracy": 0.6937703730532416
    },
    "vit_large_patch32_384": {
        "top_1_accuracy": 0.3944223107569721,
        "top_5_accuracy": 0.5572256428830134
    },
    "beit_base_patch16_224": {
        "top_1_accuracy": 0.507787033683448,
        "top_5_accuracy": 0.6908728721477726
    },
    "beit_large_patch16_224": {
        "top_1_accuracy": 0.5914523723288664,
        "top_5_accuracy": 0.7620427381383557
    },
    "beitv2_base_patch16_224": {
        "top_1_accuracy": 0.5735240854762768,
        "top_5_accuracy": 0.7448388265121333
    },
    "beitv2_large_patch16_224": {
        "top_1_accuracy": 0.5816733067729084,
        "top_5_accuracy": 0.8020644693951466
    },
    "beit3_base_patch16_224": {
        "top_1_accuracy": 0.5548714233973198,
        "top_5_accuracy": 0.7323433538572981
    },
    "beit3_large_patch16_224": {
        "top_1_accuracy": 0.5871061209706628,
        "top_5_accuracy": 0.8069540021731256
    },
    "deit_small_patch16_224": {
        "top_1_accuracy": 0.4353495110467222,
        "top_5_accuracy": 0.6235059760956175
    },
    "deit_base_patch16_224": {
        "top_1_accuracy": 0.47790655559579864,
        "top_5_accuracy": 0.6733067729083665
    },
    "deit3_small_patch16_224": {
        "top_1_accuracy": 0.5501629844259326,
        "top_5_accuracy": 0.7167692864904021
    },
    "deit3_medium_patch16_224": {
        "top_1_accuracy": 0.5483520463600144,
        "top_5_accuracy": 0.7053603766751178
    },
    "deit3_base_patch16_224": {
        "top_1_accuracy": 0.5809489315465411,
        "top_5_accuracy": 0.7359652299891344
    },
    "deit3_large_patch16_224": {
        "top_1_accuracy": 0.5885548714233974,
        "top_5_accuracy": 0.7571532053603767
    },
    "average": {
        "top_1_accuracy": 0.5094369994768402,
        "top_5_accuracy": 0.6880256750774678
    }
}