{
    "resnet34": {
        "top_1_accuracy": 0.0,
        "top_5_accuracy": 0.0
    },
    "resnet50": {
        "top_1_accuracy": 0.027777777777777776,
        "top_5_accuracy": 0.25
    },
    "resnet101": {
        "top_1_accuracy": 0.16666666666666666,
        "top_5_accuracy": 0.4166666666666667
    },
    "inception_v3": {
        "top_1_accuracy": 0.0,
        "top_5_accuracy": 0.1111111111111111
    },
    "inception_v4": {
        "top_1_accuracy": 0.027777777777777776,
        "top_5_accuracy": 0.19444444444444445
    },
    "efficientnetv2_rw_s": {
        "top_1_accuracy": 0.3888888888888889,
        "top_5_accuracy": 0.8333333333333334
    },
    "efficientnetv2_rw_m": {
        "top_1_accuracy": 0.6111111111111112,
        "top_5_accuracy": 0.75
    },
    "efficientnet_b2": {
        "top_1_accuracy": 0.027777777777777776,
        "top_5_accuracy": 0.3611111111111111
    },
    "efficientnet_b3": {
        "top_1_accuracy": 0.3611111111111111,
        "top_5_accuracy": 0.7222222222222222
    },
    "efficientnet_b4": {
        "top_1_accuracy": 0.3611111111111111,
        "top_5_accuracy": 0.7222222222222222
    },
    "average": {
        "top_1_accuracy": 0.19722222222222224,
        "top_5_accuracy": 0.43611111111111117
    }
}