,top_1_accuracy,top_5_accuracy
ssl_resnet50,0.1388888888888889,0.2222222222222222
convnext_small,0.7222222222222222,0.9166666666666666
convnext_base,0.75,0.8333333333333334
convnext_large,0.7777777777777778,0.8611111111111112
convnext_xlarge,0.8333333333333334,0.9722222222222222
convnextv2_base,0.8333333333333334,0.9722222222222222
convnextv2_large,0.8333333333333334,0.9166666666666666
average,0.6984126984126984,0.8134920634920635
