{
    "vit_small_patch16_224": {
        "top_1_accuracy": 0.4444444444444444,
        "top_5_accuracy": 0.6666666666666666
    },
    "vit_small_patch32_224": {
        "top_1_accuracy": 0.16666666666666666,
        "top_5_accuracy": 0.3888888888888889
    },
    "vit_base_patch16_224": {
        "top_1_accuracy": 0.8888888888888888,
        "top_5_accuracy": 1.0
    },
    "vit_base_patch32_224": {
        "top_1_accuracy": 0.3888888888888889,
        "top_5_accuracy": 0.6111111111111112
    },
    "vit_large_patch16_224": {
        "top_1_accuracy": 0.6388888888888888,
        "top_5_accuracy": 0.9722222222222222
    },
    "vit_large_patch32_384": {
        "top_1_accuracy": 0.8333333333333334,
        "top_5_accuracy": 1.0
    },
    "beit_base_patch16_224": {
        "top_1_accuracy": 0.3333333333333333,
        "top_5_accuracy": 0.6944444444444444
    },
    "beit_large_patch16_224": {
        "top_1_accuracy": 0.6666666666666666,
        "top_5_accuracy": 1.0
    },
    "beitv2_base_patch16_224": {
        "top_1_accuracy": 0.8611111111111112,
        "top_5_accuracy": 1.0
    },
    "beitv2_large_patch16_224": {
        "top_1_accuracy": 0.9166666666666666,
        "top_5_accuracy": 1.0
    },
    "beit3_base_patch16_224": {
        "top_1_accuracy": 0.8888888888888888,
        "top_5_accuracy": 1.0
    },
    "beit3_large_patch16_224": {
        "top_1_accuracy": 0.6666666666666666,
        "top_5_accuracy": 1.0
    },
    "deit_small_patch16_224": {
        "top_1_accuracy": 0.0,
        "top_5_accuracy": 0.05555555555555555
    },
    "deit_base_patch16_224": {
        "top_1_accuracy": 0.08333333333333333,
        "top_5_accuracy": 0.6388888888888888
    },
    "deit3_small_patch16_224": {
        "top_1_accuracy": 0.08333333333333333,
        "top_5_accuracy": 0.4166666666666667
    },
    "deit3_medium_patch16_224": {
        "top_1_accuracy": 0.4722222222222222,
        "top_5_accuracy": 0.9166666666666666
    },
    "deit3_base_patch16_224": {
        "top_1_accuracy": 0.4722222222222222,
        "top_5_accuracy": 0.8333333333333334
    },
    "deit3_large_patch16_224": {
        "top_1_accuracy": 0.7777777777777778,
        "top_5_accuracy": 0.8888888888888888
    },
    "average": {
        "top_1_accuracy": 0.5324074074074073,
        "top_5_accuracy": 0.7824074074074074
    }
}