,top_1_accuracy,top_5_accuracy
ssl_resnet50,0.4706521739130435,0.6742753623188406
convnext_small,0.5746376811594203,0.783695652173913
convnext_base,0.6619565217391304,0.8088768115942029
convnext_large,0.6621376811594203,0.8150362318840579
convnext_xlarge,0.6664855072463768,0.8315217391304348
convnextv2_base,0.621195652173913,0.7721014492753623
convnextv2_large,0.6559782608695652,0.8123188405797102
average,0.6161490683229813,0.7854037267080745
