{
    "resnet34": {
        "top_1_accuracy": 0.5371511417180138,
        "top_5_accuracy": 0.7220007249003262
    },
    "resnet50": {
        "top_1_accuracy": 0.5884378397970279,
        "top_5_accuracy": 0.7600579920260964
    },
    "resnet101": {
        "top_1_accuracy": 0.6156216020297209,
        "top_5_accuracy": 0.781261326567597
    },
    "inception_v3": {
        "top_1_accuracy": 0.5619789778905401,
        "top_5_accuracy": 0.7413918086263139
    },
    "inception_v4": {
        "top_1_accuracy": 0.6038419717288873,
        "top_5_accuracy": 0.7789054005074302
    },
    "efficientnetv2_rw_s": {
        "top_1_accuracy": 0.6364624864081189,
        "top_5_accuracy": 0.8124320405944183
    },
    "efficientnetv2_rw_m": {
        "top_1_accuracy": 0.681406306632838,
        "top_5_accuracy": 0.8428778542950345
    },
    "efficientnet_b2": {
        "top_1_accuracy": 0.5585357013410656,
        "top_5_accuracy": 0.7531714389271476
    },
    "efficientnet_b3": {
        "top_1_accuracy": 0.6303008336353751,
        "top_5_accuracy": 0.8113446901051106
    },
    "efficientnet_b4": {
        "top_1_accuracy": 0.66056542225444,
        "top_5_accuracy": 0.8349039507067778
    },
    "average": {
        "top_1_accuracy": 0.6074302283436028,
        "top_5_accuracy": 0.7838347227256253
    }
}