,top_1_accuracy,top_5_accuracy
ssl_resnet50,0.5728524827836172,0.7765494744472635
convnext_small,0.7011598405219283,0.8599130119608553
convnext_base,0.7379485320768394,0.8825661471547662
convnext_large,0.7569771656397245,0.8974266038419717
convnext_xlarge,0.7656759695541863,0.9030445813700616
convnextv2_base,0.7267125770206596,0.8783979702790866
convnextv2_large,0.7415730337078652,0.8907212758245742
average,0.7146999430435458,0.8698027235540827
