{
    "ssl_resnet50": {
        "top_1_accuracy": 0.3055555555555556,
        "top_5_accuracy": 0.6666666666666666
    },
    "convnext_small": {
        "top_1_accuracy": 0.0,
        "top_5_accuracy": 0.8055555555555556
    },
    "convnext_base": {
        "top_1_accuracy": 0.027777777777777776,
        "top_5_accuracy": 0.6666666666666666
    },
    "convnext_large": {
        "top_1_accuracy": 0.027777777777777776,
        "top_5_accuracy": 0.6666666666666666
    },
    "convnext_xlarge": {
        "top_1_accuracy": 0.05555555555555555,
        "top_5_accuracy": 0.6666666666666666
    },
    "convnextv2_base": {
        "top_1_accuracy": 0.05555555555555555,
        "top_5_accuracy": 0.6944444444444444
    },
    "convnextv2_large": {
        "top_1_accuracy": 0.027777777777777776,
        "top_5_accuracy": 0.6666666666666666
    },
    "average": {
        "top_1_accuracy": 0.07142857142857144,
        "top_5_accuracy": 0.6904761904761905
    }
}