,top_1_accuracy,top_5_accuracy
ssl_resnet50,0.3055555555555556,0.6666666666666666
convnext_small,0.0,0.8055555555555556
convnext_base,0.027777777777777776,0.6666666666666666
convnext_large,0.027777777777777776,0.6666666666666666
convnext_xlarge,0.05555555555555555,0.6666666666666666
convnextv2_base,0.05555555555555555,0.6944444444444444
convnextv2_large,0.027777777777777776,0.6666666666666666
average,0.07142857142857144,0.6904761904761905
