,top_1_accuracy,top_5_accuracy
resnet34,0.8775510204081632,1.0
resnet50,0.9183673469387755,0.9795918367346939
resnet101,0.9183673469387755,0.9795918367346939
inception_v3,0.6326530612244898,1.0
inception_v4,0.6530612244897959,0.9591836734693877
efficientnetv2_rw_s,1.0,1.0
efficientnetv2_rw_m,1.0,1.0
efficientnet_b2,0.7142857142857143,1.0
efficientnet_b3,0.8163265306122449,1.0
efficientnet_b4,0.8571428571428571,1.0
average,0.8387755102040817,0.9918367346938777
