{
    "resnet34": {
        "top_1_accuracy": 0.8775510204081632,
        "top_5_accuracy": 1.0
    },
    "resnet50": {
        "top_1_accuracy": 0.9183673469387755,
        "top_5_accuracy": 0.9795918367346939
    },
    "resnet101": {
        "top_1_accuracy": 0.9183673469387755,
        "top_5_accuracy": 0.9795918367346939
    },
    "inception_v3": {
        "top_1_accuracy": 0.6326530612244898,
        "top_5_accuracy": 1.0
    },
    "inception_v4": {
        "top_1_accuracy": 0.6530612244897959,
        "top_5_accuracy": 0.9591836734693877
    },
    "efficientnetv2_rw_s": {
        "top_1_accuracy": 1.0,
        "top_5_accuracy": 1.0
    },
    "efficientnetv2_rw_m": {
        "top_1_accuracy": 1.0,
        "top_5_accuracy": 1.0
    },
    "efficientnet_b2": {
        "top_1_accuracy": 0.7142857142857143,
        "top_5_accuracy": 1.0
    },
    "efficientnet_b3": {
        "top_1_accuracy": 0.8163265306122449,
        "top_5_accuracy": 1.0
    },
    "efficientnet_b4": {
        "top_1_accuracy": 0.8571428571428571,
        "top_5_accuracy": 1.0
    },
    "average": {
        "top_1_accuracy": 0.8387755102040817,
        "top_5_accuracy": 0.9918367346938777
    }
}