,top_1_accuracy,top_5_accuracy
ssl_resnet50,0.5503258508327299,0.7523533671252716
convnext_small,0.6354091238233165,0.8102824040550326
convnext_base,0.6687183200579291,0.8249456915278783
convnext_large,0.6819333816075308,0.8390658942795076
convnext_xlarge,0.7013034033309197,0.8482983345401882
convnextv2_base,0.6536929761042722,0.8233164373642288
convnextv2_large,0.6801230992034757,0.834902244750181
average,0.6530723078514534,0.8190234819488982
