,top_1_accuracy,top_5_accuracy
ssl_resnet50,0.5712991483964487,0.7793078456242073
convnext_small,0.6878057619133902,0.8554085885124116
convnext_base,0.7345533611161442,0.8831310019931147
convnext_large,0.75212900887842,0.8891103460771879
convnext_xlarge,0.7794890378691792,0.9086791085341548
convnextv2_base,0.7128102917195144,0.865555354230839
convnextv2_large,0.7486863562239536,0.886936039137525
average,0.7123961380167214,0.8668754691584916
