,top_1_accuracy,top_5_accuracy
ssl_resnet50,0.5183843506611121,0.7116464408621627
convnext_small,0.6031516029704763,0.7583771055968122
convnext_base,0.6402825575076979,0.7926100344140554
convnext_large,0.6882811084948379,0.8288353559137838
convnext_xlarge,0.7065748958522007,0.8471291432711465
convnextv2_base,0.6439050896576707,0.7891686288715812
convnextv2_large,0.6703495743524723,0.8065567831914509
average,0.6387041684994955,0.7906176417315705
