,top_1_accuracy,top_5_accuracy
ssl_resnet50,0.5419985517740767,0.752172338884866
convnext_small,0.6900796524257784,0.8421433743664012
convnext_base,0.7380521361332368,0.88848660391021
convnext_large,0.7505430847212166,0.8924692251991311
convnext_xlarge,0.7628530050687907,0.8975380159304851
convnextv2_base,0.7000362056480811,0.8629616220130341
convnextv2_large,0.7423968139029689,0.8852280955829109
average,0.7037084928105928,0.8601427536981483
