,top_1_accuracy,top_5_accuracy
ssl_resnet50,0.5644460535843592,0.7545257060101376
convnext_small,0.664011585807386,0.8649529326574946
convnext_base,0.7072773352643013,0.8689355539464156
convnext_large,0.722302679217958,0.8837798696596669
convnext_xlarge,0.7297248370745837,0.8902968863142651
convnextv2_base,0.7119840695148443,0.8691165821868212
convnextv2_large,0.7103548153511948,0.8683924692251991
average,0.6871573394020896,0.8571428571428573
