{
    "resnet34": {
        "top_1_accuracy": 0.40307692307692305,
        "top_5_accuracy": 0.6318552036199095
    },
    "resnet50": {
        "top_1_accuracy": 0.49665158371040724,
        "top_5_accuracy": 0.7154751131221719
    },
    "resnet101": {
        "top_1_accuracy": 0.4942986425339366,
        "top_5_accuracy": 0.705158371040724
    },
    "inception_v3": {
        "top_1_accuracy": 0.45122171945701356,
        "top_5_accuracy": 0.6628054298642534
    },
    "inception_v4": {
        "top_1_accuracy": 0.5198190045248868,
        "top_5_accuracy": 0.7084162895927602
    },
    "efficientnetv2_rw_s": {
        "top_1_accuracy": 0.5286877828054298,
        "top_5_accuracy": 0.7514932126696833
    },
    "efficientnetv2_rw_m": {
        "top_1_accuracy": 0.5835294117647059,
        "top_5_accuracy": 0.7782805429864253
    },
    "efficientnet_b2": {
        "top_1_accuracy": 0.4157466063348416,
        "top_5_accuracy": 0.631131221719457
    },
    "efficientnet_b3": {
        "top_1_accuracy": 0.4988235294117647,
        "top_5_accuracy": 0.7438914027149321
    },
    "efficientnet_b4": {
        "top_1_accuracy": 0.5647058823529412,
        "top_5_accuracy": 0.7676018099547511
    },
    "average": {
        "top_1_accuracy": 0.495656108597285,
        "top_5_accuracy": 0.7096108597285068
    }
}