{
    "ssl_resnet50": {
        "top_1_accuracy": 0.40615384615384614,
        "top_5_accuracy": 0.7102262443438914
    },
    "convnext_small": {
        "top_1_accuracy": 0.5800904977375566,
        "top_5_accuracy": 0.8255203619909502
    },
    "convnext_base": {
        "top_1_accuracy": 0.6653393665158371,
        "top_5_accuracy": 0.851764705882353
    },
    "convnext_large": {
        "top_1_accuracy": 0.6633484162895927,
        "top_5_accuracy": 0.8521266968325791
    },
    "convnext_xlarge": {
        "top_1_accuracy": 0.7042533936651584,
        "top_5_accuracy": 0.8685972850678733
    },
    "convnextv2_base": {
        "top_1_accuracy": 0.6119457013574661,
        "top_5_accuracy": 0.8361990950226245
    },
    "convnextv2_large": {
        "top_1_accuracy": 0.6381900452488688,
        "top_5_accuracy": 0.8485067873303167
    },
    "average": {
        "top_1_accuracy": 0.6099030381383322,
        "top_5_accuracy": 0.8275630252100841
    }
}