,top_1_accuracy,top_5_accuracy
ssl_resnet50,0.40615384615384614,0.7102262443438914
convnext_small,0.5800904977375566,0.8255203619909502
convnext_base,0.6653393665158371,0.851764705882353
convnext_large,0.6633484162895927,0.8521266968325791
convnext_xlarge,0.7042533936651584,0.8685972850678733
convnextv2_base,0.6119457013574661,0.8361990950226245
convnextv2_large,0.6381900452488688,0.8485067873303167
average,0.6099030381383322,0.8275630252100841
