{
    "resnet34": {
        "top_1_accuracy": 0.9183673469387755,
        "top_5_accuracy": 1.0
    },
    "resnet50": {
        "top_1_accuracy": 0.8979591836734694,
        "top_5_accuracy": 1.0
    },
    "resnet101": {
        "top_1_accuracy": 1.0,
        "top_5_accuracy": 1.0
    },
    "inception_v3": {
        "top_1_accuracy": 0.7346938775510204,
        "top_5_accuracy": 1.0
    },
    "inception_v4": {
        "top_1_accuracy": 0.40816326530612246,
        "top_5_accuracy": 0.9591836734693877
    },
    "efficientnetv2_rw_s": {
        "top_1_accuracy": 1.0,
        "top_5_accuracy": 1.0
    },
    "efficientnetv2_rw_m": {
        "top_1_accuracy": 1.0,
        "top_5_accuracy": 1.0
    },
    "efficientnet_b2": {
        "top_1_accuracy": 0.8979591836734694,
        "top_5_accuracy": 1.0
    },
    "efficientnet_b3": {
        "top_1_accuracy": 1.0,
        "top_5_accuracy": 1.0
    },
    "efficientnet_b4": {
        "top_1_accuracy": 0.8367346938775511,
        "top_5_accuracy": 1.0
    },
    "average": {
        "top_1_accuracy": 0.8693877551020408,
        "top_5_accuracy": 0.9959183673469388
    }
}