{
    "resnet34": {
        "top_1_accuracy": 0.5386565272496832,
        "top_5_accuracy": 0.7202607278652906
    },
    "resnet50": {
        "top_1_accuracy": 0.5956907477820025,
        "top_5_accuracy": 0.7673365924316494
    },
    "resnet101": {
        "top_1_accuracy": 0.6221256563461887,
        "top_5_accuracy": 0.7908745247148289
    },
    "inception_v3": {
        "top_1_accuracy": 0.5679884120948759,
        "top_5_accuracy": 0.748325185587543
    },
    "inception_v4": {
        "top_1_accuracy": 0.6221256563461887,
        "top_5_accuracy": 0.7914177077675176
    },
    "efficientnetv2_rw_s": {
        "top_1_accuracy": 0.62592793771501,
        "top_5_accuracy": 0.8066268332428028
    },
    "efficientnetv2_rw_m": {
        "top_1_accuracy": 0.6840485243527069,
        "top_5_accuracy": 0.8502625384754662
    },
    "efficientnet_b2": {
        "top_1_accuracy": 0.5719717544812601,
        "top_5_accuracy": 0.7716820568531595
    },
    "efficientnet_b3": {
        "top_1_accuracy": 0.6291870360311425,
        "top_5_accuracy": 0.8145935180155712
    },
    "efficientnet_b4": {
        "top_1_accuracy": 0.6520007242440703,
        "top_5_accuracy": 0.8294405214557306
    },
    "average": {
        "top_1_accuracy": 0.6109722976643128,
        "top_5_accuracy": 0.7890820206409559
    }
}