,top_1_accuracy,top_5_accuracy
ssl_resnet50,0.5911642223429295,0.7915987687850806
convnext_small,0.665942422596415,0.8455549520188304
convnext_base,0.7079485786710121,0.8696360673546986
convnext_large,0.7262357414448669,0.8833967046894804
convnext_xlarge,0.7521274669563643,0.8910012674271229
convnextv2_base,0.7119319210573963,0.8629368097048705
convnextv2_large,0.7296759007785624,0.8765163860220895
average,0.6978608934067924,0.8600915651431675
