,top_1_accuracy,top_5_accuracy
ssl_resnet50,0.46875566020648435,0.6640101430900199
convnext_small,0.5884803477630864,0.7652599166817605
convnext_base,0.6689005614924832,0.8320956348487593
convnext_large,0.6909980076073176,0.8411519652236914
convnext_xlarge,0.6995109581597536,0.8634305379460243
convnextv2_base,0.6437239630501721,0.8134395942763992
convnextv2_large,0.6785002716899112,0.8400652055786995
average,0.6341242528527441,0.802778999663622
