,top_1_accuracy,top_5_accuracy
ssl_resnet50,0.5268875611080934,0.7322107550244432
convnext_small,0.6429476733659243,0.8115154807170016
convnext_base,0.6916530870903494,0.8527973927213471
convnext_large,0.7079485786710121,0.8690928843020098
convnext_xlarge,0.741806988955278,0.8808618504435995
convnextv2_base,0.6876697447039652,0.8406663045446315
convnextv2_large,0.7003440159333696,0.8531595147564729
average,0.6713225214039988,0.8343291689299294
