{
    "ssl_resnet50": {
        "top_1_accuracy": 0.5268875611080934,
        "top_5_accuracy": 0.7322107550244432
    },
    "convnext_small": {
        "top_1_accuracy": 0.6429476733659243,
        "top_5_accuracy": 0.8115154807170016
    },
    "convnext_base": {
        "top_1_accuracy": 0.6916530870903494,
        "top_5_accuracy": 0.8527973927213471
    },
    "convnext_large": {
        "top_1_accuracy": 0.7079485786710121,
        "top_5_accuracy": 0.8690928843020098
    },
    "convnext_xlarge": {
        "top_1_accuracy": 0.741806988955278,
        "top_5_accuracy": 0.8808618504435995
    },
    "convnextv2_base": {
        "top_1_accuracy": 0.6876697447039652,
        "top_5_accuracy": 0.8406663045446315
    },
    "convnextv2_large": {
        "top_1_accuracy": 0.7003440159333696,
        "top_5_accuracy": 0.8531595147564729
    },
    "average": {
        "top_1_accuracy": 0.6713225214039988,
        "top_5_accuracy": 0.8343291689299294
    }
}