,top_1_accuracy,top_5_accuracy
ssl_resnet50,0.4204524886877828,0.6329411764705882
convnext_small,0.6282352941176471,0.7788235294117647
convnext_base,0.6541176470588236,0.8010859728506787
convnext_large,0.6890497737556561,0.8249773755656109
convnext_xlarge,0.7000904977375566,0.8293212669683258
convnextv2_base,0.6579185520361991,0.7972850678733032
convnextv2_large,0.6756561085972851,0.8027149321266969
average,0.6322171945701358,0.7810213316095668
