,top_1_accuracy,top_5_accuracy
resnet34,0.25,0.5
resnet50,0.0,0.4166666666666667
resnet101,0.0,0.5555555555555556
inception_v3,0.1388888888888889,0.2777777777777778
inception_v4,0.1388888888888889,0.4722222222222222
efficientnetv2_rw_s,0.08333333333333333,0.6388888888888888
efficientnetv2_rw_m,0.08333333333333333,0.7777777777777778
efficientnet_b2,0.0,0.25
efficientnet_b3,0.08333333333333333,0.5
efficientnet_b4,0.0,0.6944444444444444
average,0.07777777777777778,0.5083333333333334
