,top_1_accuracy,top_5_accuracy
ssl_resnet50,0.08333333333333333,0.6944444444444444
convnext_small,0.05555555555555555,1.0
convnext_base,0.9166666666666666,1.0
convnext_large,0.5277777777777778,0.8888888888888888
convnext_xlarge,0.0,1.0
convnextv2_base,0.3611111111111111,0.9444444444444444
convnextv2_large,0.3055555555555556,1.0
average,0.32142857142857145,0.9325396825396827
