{
    "ssl_resnet50": {
        "top_1_accuracy": 0.08333333333333333,
        "top_5_accuracy": 0.6944444444444444
    },
    "convnext_small": {
        "top_1_accuracy": 0.05555555555555555,
        "top_5_accuracy": 1.0
    },
    "convnext_base": {
        "top_1_accuracy": 0.9166666666666666,
        "top_5_accuracy": 1.0
    },
    "convnext_large": {
        "top_1_accuracy": 0.5277777777777778,
        "top_5_accuracy": 0.8888888888888888
    },
    "convnext_xlarge": {
        "top_1_accuracy": 0.0,
        "top_5_accuracy": 1.0
    },
    "convnextv2_base": {
        "top_1_accuracy": 0.3611111111111111,
        "top_5_accuracy": 0.9444444444444444
    },
    "convnextv2_large": {
        "top_1_accuracy": 0.3055555555555556,
        "top_5_accuracy": 1.0
    },
    "average": {
        "top_1_accuracy": 0.32142857142857145,
        "top_5_accuracy": 0.9325396825396827
    }
}