,top_1_accuracy,top_5_accuracy
ssl_resnet50,0.5717127871224453,0.7775366250678242
convnext_small,0.6706456863809007,0.8417435340929643
convnext_base,0.7209260264062217,0.8770121179236752
convnext_large,0.7478748417435341,0.8945559775727979
convnext_xlarge,0.7659612949900525,0.9007053716766142
convnextv2_base,0.723096400795804,0.8710435883523241
convnextv2_large,0.7578223910291192,0.8945559775727979
average,0.7082913469240111,0.8653075988941427
