,top_1_accuracy,top_5_accuracy
ssl_resnet50,0.4947482796088374,0.7423035132198479
convnext_small,0.631836291198841,0.8132922854038392
convnext_base,0.6847156827236508,0.8361101050344079
convnext_large,0.7039116262223832,0.8576602680188338
convnext_xlarge,0.718761318362912,0.8708801159000362
convnextv2_base,0.6647953639985512,0.8361101050344079
convnextv2_large,0.6995653748641797,0.8455269829771822
average,0.6569048481399078,0.8288404822269363
