,top_1_accuracy,top_5_accuracy
ssl_resnet50,0.5564603691639523,0.7522620340209917
convnext_small,0.6608758595729279,0.8107129931234166
convnext_base,0.7256605139341296,0.8691639522258415
convnext_large,0.7327180600796236,0.8789359391965255
convnext_xlarge,0.753528773072747,0.8861744480636988
convnextv2_base,0.6916395222584147,0.8351429605501267
convnextv2_large,0.7057546145494028,0.8525153818313428
average,0.6895196732330283,0.8407011012874205
