{
    "resnet34": {
        "top_1_accuracy": 0.4431962312013046,
        "top_5_accuracy": 0.6220329769885848
    },
    "resnet50": {
        "top_1_accuracy": 0.47726037325602466,
        "top_5_accuracy": 0.6548287733285015
    },
    "resnet101": {
        "top_1_accuracy": 0.542670773690886,
        "top_5_accuracy": 0.7126290994745424
    },
    "inception_v3": {
        "top_1_accuracy": 0.4988222504076826,
        "top_5_accuracy": 0.6689617684363109
    },
    "inception_v4": {
        "top_1_accuracy": 0.5412212357311107,
        "top_5_accuracy": 0.7001268345714804
    },
    "efficientnetv2_rw_s": {
        "top_1_accuracy": 0.5365102373618409,
        "top_5_accuracy": 0.7068309476354412
    },
    "efficientnetv2_rw_m": {
        "top_1_accuracy": 0.5914114875883312,
        "top_5_accuracy": 0.7637253125566226
    },
    "efficientnet_b2": {
        "top_1_accuracy": 0.46820076100742886,
        "top_5_accuracy": 0.6488494292444283
    },
    "efficientnet_b3": {
        "top_1_accuracy": 0.5707555716615329,
        "top_5_accuracy": 0.747780394999094
    },
    "efficientnet_b4": {
        "top_1_accuracy": 0.5767349157456061,
        "top_5_accuracy": 0.7403515129552455
    },
    "average": {
        "top_1_accuracy": 0.5246783837651747,
        "top_5_accuracy": 0.6966117050190251
    }
}