,top_1_accuracy,top_5_accuracy
ssl_resnet50,0.48233375611523827,0.6811016488494293
convnext_small,0.6285558978075738,0.7934408407320167
convnext_base,0.6597209639427433,0.8197137162529444
convnext_large,0.6818264178293169,0.8307664431962312
convnext_xlarge,0.7080992933502446,0.8557709730023555
convnextv2_base,0.6649755390469287,0.8200761007428882
convnextv2_large,0.6818264178293169,0.8215256387026635
average,0.6439054694173375,0.8031993373540756
