{
    "ssl_resnet50": {
        "top_1_accuracy": 0.48233375611523827,
        "top_5_accuracy": 0.6811016488494293
    },
    "convnext_small": {
        "top_1_accuracy": 0.6285558978075738,
        "top_5_accuracy": 0.7934408407320167
    },
    "convnext_base": {
        "top_1_accuracy": 0.6597209639427433,
        "top_5_accuracy": 0.8197137162529444
    },
    "convnext_large": {
        "top_1_accuracy": 0.6818264178293169,
        "top_5_accuracy": 0.8307664431962312
    },
    "convnext_xlarge": {
        "top_1_accuracy": 0.7080992933502446,
        "top_5_accuracy": 0.8557709730023555
    },
    "convnextv2_base": {
        "top_1_accuracy": 0.6649755390469287,
        "top_5_accuracy": 0.8200761007428882
    },
    "convnextv2_large": {
        "top_1_accuracy": 0.6818264178293169,
        "top_5_accuracy": 0.8215256387026635
    },
    "average": {
        "top_1_accuracy": 0.6439054694173375,
        "top_5_accuracy": 0.8031993373540756
    }
}