{
    "resnet34": {
        "top_1_accuracy": 0.0,
        "top_5_accuracy": 0.08333333333333333
    },
    "resnet50": {
        "top_1_accuracy": 0.2777777777777778,
        "top_5_accuracy": 1.0
    },
    "resnet101": {
        "top_1_accuracy": 0.3611111111111111,
        "top_5_accuracy": 0.8888888888888888
    },
    "inception_v3": {
        "top_1_accuracy": 0.05555555555555555,
        "top_5_accuracy": 0.5833333333333334
    },
    "inception_v4": {
        "top_1_accuracy": 0.16666666666666666,
        "top_5_accuracy": 0.7777777777777778
    },
    "efficientnetv2_rw_s": {
        "top_1_accuracy": 0.3055555555555556,
        "top_5_accuracy": 0.9722222222222222
    },
    "efficientnetv2_rw_m": {
        "top_1_accuracy": 0.6111111111111112,
        "top_5_accuracy": 1.0
    },
    "efficientnet_b2": {
        "top_1_accuracy": 0.08333333333333333,
        "top_5_accuracy": 0.8333333333333334
    },
    "efficientnet_b3": {
        "top_1_accuracy": 0.05555555555555555,
        "top_5_accuracy": 0.7777777777777778
    },
    "efficientnet_b4": {
        "top_1_accuracy": 0.5,
        "top_5_accuracy": 0.8611111111111112
    },
    "average": {
        "top_1_accuracy": 0.2416666666666667,
        "top_5_accuracy": 0.7777777777777779
    }
}