,top_1_accuracy,top_5_accuracy
ssl_resnet50,0.5555555555555556,0.9444444444444444
convnext_small,0.8611111111111112,0.9722222222222222
convnext_base,0.8333333333333334,0.9722222222222222
convnext_large,0.9166666666666666,0.9444444444444444
convnext_xlarge,0.9166666666666666,0.9722222222222222
convnextv2_base,0.5555555555555556,0.8333333333333334
convnextv2_large,0.8333333333333334,0.9166666666666666
average,0.7817460317460316,0.9365079365079365
