,top_1_accuracy,top_5_accuracy
ssl_resnet50,0.02040816326530612,0.061224489795918366
convnext_small,0.7142857142857143,0.8367346938775511
convnext_base,0.04081632653061224,0.7959183673469388
convnext_large,0.6326530612244898,0.8367346938775511
convnext_xlarge,0.7551020408163265,0.9591836734693877
convnextv2_base,0.9591836734693877,1.0
convnextv2_large,0.8775510204081632,0.9387755102040817
average,0.5714285714285714,0.7755102040816327
