{
    "ssl_resnet50": {
        "top_1_accuracy": 0.02040816326530612,
        "top_5_accuracy": 0.061224489795918366
    },
    "convnext_small": {
        "top_1_accuracy": 0.7142857142857143,
        "top_5_accuracy": 0.8367346938775511
    },
    "convnext_base": {
        "top_1_accuracy": 0.04081632653061224,
        "top_5_accuracy": 0.7959183673469388
    },
    "convnext_large": {
        "top_1_accuracy": 0.6326530612244898,
        "top_5_accuracy": 0.8367346938775511
    },
    "convnext_xlarge": {
        "top_1_accuracy": 0.7551020408163265,
        "top_5_accuracy": 0.9591836734693877
    },
    "convnextv2_base": {
        "top_1_accuracy": 0.9591836734693877,
        "top_5_accuracy": 1.0
    },
    "convnextv2_large": {
        "top_1_accuracy": 0.8775510204081632,
        "top_5_accuracy": 0.9387755102040817
    },
    "average": {
        "top_1_accuracy": 0.5714285714285714,
        "top_5_accuracy": 0.7755102040816327
    }
}