,top_1_accuracy,top_5_accuracy
ssl_resnet50,0.49410911727388074,0.6902301975711438
convnext_small,0.664310313576219,0.8163857168751133
convnext_base,0.7302882001087547,0.8789197027369947
convnext_large,0.7310132318288926,0.8700380641653073
convnext_xlarge,0.7583831792640928,0.8939641109298532
convnextv2_base,0.7253942359978249,0.8660503897045496
convnextv2_large,0.7464201558818199,0.8720319013956861
average,0.6928454905616407,0.8410885833398069
