{
    "ssl_resnet50": {
        "top_1_accuracy": 0.4606334841628959,
        "top_5_accuracy": 0.662262443438914
    },
    "convnext_small": {
        "top_1_accuracy": 0.5987330316742081,
        "top_5_accuracy": 0.786606334841629
    },
    "convnext_base": {
        "top_1_accuracy": 0.6512217194570136,
        "top_5_accuracy": 0.814841628959276
    },
    "convnext_large": {
        "top_1_accuracy": 0.6901357466063348,
        "top_5_accuracy": 0.8409049773755656
    },
    "convnext_xlarge": {
        "top_1_accuracy": 0.7026244343891402,
        "top_5_accuracy": 0.8499547511312218
    },
    "convnextv2_base": {
        "top_1_accuracy": 0.6333031674208145,
        "top_5_accuracy": 0.7972850678733032
    },
    "convnextv2_large": {
        "top_1_accuracy": 0.6461538461538462,
        "top_5_accuracy": 0.8012669683257918
    },
    "average": {
        "top_1_accuracy": 0.6261150614091792,
        "top_5_accuracy": 0.7933031674208145
    }
}