,top_1_accuracy,top_5_accuracy
ssl_resnet50,0.4606334841628959,0.662262443438914
convnext_small,0.5987330316742081,0.786606334841629
convnext_base,0.6512217194570136,0.814841628959276
convnext_large,0.6901357466063348,0.8409049773755656
convnext_xlarge,0.7026244343891402,0.8499547511312218
convnextv2_base,0.6333031674208145,0.7972850678733032
convnextv2_large,0.6461538461538462,0.8012669683257918
average,0.6261150614091792,0.7933031674208145
