{
    "resnet34": {
        "top_1_accuracy": 0.4804560260586319,
        "top_5_accuracy": 0.6467607672819399
    },
    "resnet50": {
        "top_1_accuracy": 0.5423452768729642,
        "top_5_accuracy": 0.7061165399927615
    },
    "resnet101": {
        "top_1_accuracy": 0.5322113644589215,
        "top_5_accuracy": 0.6916395222584147
    },
    "inception_v3": {
        "top_1_accuracy": 0.5217155266015201,
        "top_5_accuracy": 0.7072023163228375
    },
    "inception_v4": {
        "top_1_accuracy": 0.49131378935939196,
        "top_5_accuracy": 0.7135360115816142
    },
    "efficientnetv2_rw_s": {
        "top_1_accuracy": 0.5068765834238147,
        "top_5_accuracy": 0.7034020991675715
    },
    "efficientnetv2_rw_m": {
        "top_1_accuracy": 0.579080709373869,
        "top_5_accuracy": 0.7633007600434311
    },
    "efficientnet_b2": {
        "top_1_accuracy": 0.4431777053926891,
        "top_5_accuracy": 0.6286644951140065
    },
    "efficientnet_b3": {
        "top_1_accuracy": 0.5152008686210641,
        "top_5_accuracy": 0.7236699239956569
    },
    "efficientnet_b4": {
        "top_1_accuracy": 0.5591748099891423,
        "top_5_accuracy": 0.7466521896489323
    },
    "average": {
        "top_1_accuracy": 0.5171552660152009,
        "top_5_accuracy": 0.7030944625407166
    }
}