,top_1_accuracy,top_5_accuracy
ssl_resnet50,0.5262395946435034,0.7176981541802389
convnext_small,0.6047774158523345,0.7752442996742671
convnext_base,0.6232356134636265,0.8018458197611292
convnext_large,0.671733622873688,0.8155989866087586
convnext_xlarge,0.6791530944625407,0.8210278682591386
convnextv2_base,0.6520086862106406,0.8089033659066233
convnextv2_large,0.6769815418023887,0.8170466883821933
average,0.6334470813298175,0.7939093118246213
