{
    "ssl_resnet50": {
        "top_1_accuracy": 0.5262395946435034,
        "top_5_accuracy": 0.7176981541802389
    },
    "convnext_small": {
        "top_1_accuracy": 0.6047774158523345,
        "top_5_accuracy": 0.7752442996742671
    },
    "convnext_base": {
        "top_1_accuracy": 0.6232356134636265,
        "top_5_accuracy": 0.8018458197611292
    },
    "convnext_large": {
        "top_1_accuracy": 0.671733622873688,
        "top_5_accuracy": 0.8155989866087586
    },
    "convnext_xlarge": {
        "top_1_accuracy": 0.6791530944625407,
        "top_5_accuracy": 0.8210278682591386
    },
    "convnextv2_base": {
        "top_1_accuracy": 0.6520086862106406,
        "top_5_accuracy": 0.8089033659066233
    },
    "convnextv2_large": {
        "top_1_accuracy": 0.6769815418023887,
        "top_5_accuracy": 0.8170466883821933
    },
    "average": {
        "top_1_accuracy": 0.6334470813298175,
        "top_5_accuracy": 0.7939093118246213
    }
}