{
    "resnet34": {
        "top_1_accuracy": 0.46375498368974266,
        "top_5_accuracy": 0.6703515766582095
    },
    "resnet50": {
        "top_1_accuracy": 0.5396882928597317,
        "top_5_accuracy": 0.734505255527365
    },
    "resnet101": {
        "top_1_accuracy": 0.517035157665821,
        "top_5_accuracy": 0.7691192461036608
    },
    "inception_v3": {
        "top_1_accuracy": 0.5067053280173976,
        "top_5_accuracy": 0.7326930047118522
    },
    "inception_v4": {
        "top_1_accuracy": 0.5637912287060529,
        "top_5_accuracy": 0.7687567959405581
    },
    "efficientnetv2_rw_s": {
        "top_1_accuracy": 0.47517216382747374,
        "top_5_accuracy": 0.742116708952519
    },
    "efficientnetv2_rw_m": {
        "top_1_accuracy": 0.5331641899238855,
        "top_5_accuracy": 0.7676694454512505
    },
    "efficientnet_b2": {
        "top_1_accuracy": 0.41337441101848493,
        "top_5_accuracy": 0.6511417180137731
    },
    "efficientnet_b3": {
        "top_1_accuracy": 0.501268575570859,
        "top_5_accuracy": 0.74084813338166
    },
    "efficientnet_b4": {
        "top_1_accuracy": 0.5463936208771294,
        "top_5_accuracy": 0.7859731786879304
    },
    "average": {
        "top_1_accuracy": 0.5060347952156579,
        "top_5_accuracy": 0.736317506342878
    }
}