,top_1_accuracy,top_5_accuracy
ssl_resnet50,0.5449438202247191,0.757883291047481
convnext_small,0.6632837984777094,0.8358100761145343
convnext_base,0.6433490395070678,0.8539325842696629
convnext_large,0.690286335628851,0.8646248640811889
convnext_xlarge,0.69155491119971,0.875498368974266
convnextv2_base,0.6665458499456325,0.8557448350851757
convnextv2_large,0.6823124320405944,0.8600942370424066
average,0.6546108838606121,0.8433697509449594
