{
    "resnet34": {
        "top_1_accuracy": 0.0,
        "top_5_accuracy": 0.5277777777777778
    },
    "resnet50": {
        "top_1_accuracy": 0.0,
        "top_5_accuracy": 0.8055555555555556
    },
    "resnet101": {
        "top_1_accuracy": 0.0,
        "top_5_accuracy": 0.4722222222222222
    },
    "inception_v3": {
        "top_1_accuracy": 0.0,
        "top_5_accuracy": 0.3333333333333333
    },
    "inception_v4": {
        "top_1_accuracy": 0.08333333333333333,
        "top_5_accuracy": 0.4444444444444444
    },
    "efficientnetv2_rw_s": {
        "top_1_accuracy": 0.027777777777777776,
        "top_5_accuracy": 0.75
    },
    "efficientnetv2_rw_m": {
        "top_1_accuracy": 0.16666666666666666,
        "top_5_accuracy": 0.8055555555555556
    },
    "efficientnet_b2": {
        "top_1_accuracy": 0.0,
        "top_5_accuracy": 0.8611111111111112
    },
    "efficientnet_b3": {
        "top_1_accuracy": 0.2222222222222222,
        "top_5_accuracy": 0.7222222222222222
    },
    "efficientnet_b4": {
        "top_1_accuracy": 0.2777777777777778,
        "top_5_accuracy": 0.7222222222222222
    },
    "average": {
        "top_1_accuracy": 0.07777777777777778,
        "top_5_accuracy": 0.6444444444444445
    }
}