,top_1_accuracy,top_5_accuracy
ssl_resnet50,0.0,0.3611111111111111
convnext_small,0.3611111111111111,0.8888888888888888
convnext_base,0.16666666666666666,0.8888888888888888
convnext_large,0.5555555555555556,0.6944444444444444
convnext_xlarge,0.3611111111111111,0.8611111111111112
convnextv2_base,0.16666666666666666,0.7222222222222222
convnextv2_large,0.4444444444444444,0.8055555555555556
average,0.29365079365079366,0.7460317460317459
