{
    "ssl_resnet50": {
        "top_1_accuracy": 0.0,
        "top_5_accuracy": 0.3611111111111111
    },
    "convnext_small": {
        "top_1_accuracy": 0.3611111111111111,
        "top_5_accuracy": 0.8888888888888888
    },
    "convnext_base": {
        "top_1_accuracy": 0.16666666666666666,
        "top_5_accuracy": 0.8888888888888888
    },
    "convnext_large": {
        "top_1_accuracy": 0.5555555555555556,
        "top_5_accuracy": 0.6944444444444444
    },
    "convnext_xlarge": {
        "top_1_accuracy": 0.3611111111111111,
        "top_5_accuracy": 0.8611111111111112
    },
    "convnextv2_base": {
        "top_1_accuracy": 0.16666666666666666,
        "top_5_accuracy": 0.7222222222222222
    },
    "convnextv2_large": {
        "top_1_accuracy": 0.4444444444444444,
        "top_5_accuracy": 0.8055555555555556
    },
    "average": {
        "top_1_accuracy": 0.29365079365079366,
        "top_5_accuracy": 0.7460317460317459
    }
}