{
    "vit_small_patch16_224": {
        "top_1_accuracy": 0.08333333333333333,
        "top_5_accuracy": 0.75
    },
    "vit_small_patch32_224": {
        "top_1_accuracy": 0.027777777777777776,
        "top_5_accuracy": 0.2777777777777778
    },
    "vit_base_patch16_224": {
        "top_1_accuracy": 0.0,
        "top_5_accuracy": 0.8611111111111112
    },
    "vit_base_patch32_224": {
        "top_1_accuracy": 0.0,
        "top_5_accuracy": 0.6111111111111112
    },
    "vit_large_patch16_224": {
        "top_1_accuracy": 0.0,
        "top_5_accuracy": 0.6388888888888888
    },
    "vit_large_patch32_384": {
        "top_1_accuracy": 0.4444444444444444,
        "top_5_accuracy": 0.75
    },
    "beit_base_patch16_224": {
        "top_1_accuracy": 0.08333333333333333,
        "top_5_accuracy": 0.8888888888888888
    },
    "beit_large_patch16_224": {
        "top_1_accuracy": 0.0,
        "top_5_accuracy": 0.7777777777777778
    },
    "beitv2_base_patch16_224": {
        "top_1_accuracy": 0.1388888888888889,
        "top_5_accuracy": 0.8888888888888888
    },
    "beitv2_large_patch16_224": {
        "top_1_accuracy": 0.3055555555555556,
        "top_5_accuracy": 0.8888888888888888
    },
    "beit3_base_patch16_224": {
        "top_1_accuracy": 0.0,
        "top_5_accuracy": 0.5833333333333334
    },
    "beit3_large_patch16_224": {
        "top_1_accuracy": 0.0,
        "top_5_accuracy": 0.8611111111111112
    },
    "deit_small_patch16_224": {
        "top_1_accuracy": 0.3055555555555556,
        "top_5_accuracy": 0.9722222222222222
    },
    "deit_base_patch16_224": {
        "top_1_accuracy": 0.05555555555555555,
        "top_5_accuracy": 0.6666666666666666
    },
    "deit3_small_patch16_224": {
        "top_1_accuracy": 0.05555555555555555,
        "top_5_accuracy": 0.6944444444444444
    },
    "deit3_medium_patch16_224": {
        "top_1_accuracy": 0.027777777777777776,
        "top_5_accuracy": 0.6944444444444444
    },
    "deit3_base_patch16_224": {
        "top_1_accuracy": 0.16666666666666666,
        "top_5_accuracy": 0.8333333333333334
    },
    "deit3_large_patch16_224": {
        "top_1_accuracy": 0.1388888888888889,
        "top_5_accuracy": 0.9444444444444444
    },
    "average": {
        "top_1_accuracy": 0.10185185185185186,
        "top_5_accuracy": 0.7546296296296297
    }
}