,top_1_accuracy,top_5_accuracy
ssl_resnet50,0.5390469287914478,0.7519478166334481
convnext_small,0.6841819170139518,0.8409132089146585
convnext_base,0.6834571480340641,0.8702663526001088
convnext_large,0.6968653741619859,0.8648305852509512
convnext_xlarge,0.7338285921362566,0.8818626562783113
convnextv2_base,0.698677296611705,0.8497916289182823
convnextv2_large,0.7021199492661714,0.8608443558615692
average,0.6768824580022261,0.8457795149224756
