,top_1_accuracy,top_5_accuracy
ssl_resnet50,0.4460144927536232,0.6519927536231884
convnext_small,0.6224637681159421,0.788768115942029
convnext_base,0.6797101449275362,0.8291666666666667
convnext_large,0.7094202898550724,0.8442028985507246
convnext_xlarge,0.7092391304347826,0.8371376811594203
convnextv2_base,0.6673913043478261,0.8097826086956522
convnextv2_large,0.6922101449275362,0.8277173913043478
average,0.6466356107660456,0.7983954451345756
