{
    "vit_small_patch16_224": {
        "top_1_accuracy": 0.3996376811594203,
        "top_5_accuracy": 0.5978260869565217
    },
    "vit_small_patch32_224": {
        "top_1_accuracy": 0.26068840579710145,
        "top_5_accuracy": 0.43623188405797103
    },
    "vit_base_patch16_224": {
        "top_1_accuracy": 0.618840579710145,
        "top_5_accuracy": 0.7913043478260869
    },
    "vit_base_patch32_224": {
        "top_1_accuracy": 0.3806159420289855,
        "top_5_accuracy": 0.5614130434782608
    },
    "vit_large_patch16_224": {
        "top_1_accuracy": 0.5958333333333333,
        "top_5_accuracy": 0.7530797101449276
    },
    "vit_large_patch32_384": {
        "top_1_accuracy": 0.41431159420289854,
        "top_5_accuracy": 0.5849637681159421
    },
    "beit_base_patch16_224": {
        "top_1_accuracy": 0.558695652173913,
        "top_5_accuracy": 0.7282608695652174
    },
    "beit_large_patch16_224": {
        "top_1_accuracy": 0.6684782608695652,
        "top_5_accuracy": 0.8346014492753623
    },
    "beitv2_base_patch16_224": {
        "top_1_accuracy": 0.6469202898550724,
        "top_5_accuracy": 0.8001811594202899
    },
    "beitv2_large_patch16_224": {
        "top_1_accuracy": 0.7179347826086957,
        "top_5_accuracy": 0.863768115942029
    },
    "beit3_base_patch16_224": {
        "top_1_accuracy": 0.5976449275362319,
        "top_5_accuracy": 0.7713768115942029
    },
    "beit3_large_patch16_224": {
        "top_1_accuracy": 0.6561594202898551,
        "top_5_accuracy": 0.85
    },
    "deit_small_patch16_224": {
        "top_1_accuracy": 0.4514492753623188,
        "top_5_accuracy": 0.6358695652173914
    },
    "deit_base_patch16_224": {
        "top_1_accuracy": 0.4891304347826087,
        "top_5_accuracy": 0.6748188405797102
    },
    "deit3_small_patch16_224": {
        "top_1_accuracy": 0.5358695652173913,
        "top_5_accuracy": 0.696195652173913
    },
    "deit3_medium_patch16_224": {
        "top_1_accuracy": 0.538768115942029,
        "top_5_accuracy": 0.731159420289855
    },
    "deit3_base_patch16_224": {
        "top_1_accuracy": 0.5585144927536232,
        "top_5_accuracy": 0.7407608695652174
    },
    "deit3_large_patch16_224": {
        "top_1_accuracy": 0.6242753623188406,
        "top_5_accuracy": 0.7851449275362319
    },
    "average": {
        "top_1_accuracy": 0.5396537842190017,
        "top_5_accuracy": 0.7131642512077295
    }
}