,top_1_accuracy,top_5_accuracy
ssl_resnet50,0.43794165609711905,0.6059068671860844
convnext_small,0.5481065410400435,0.6780213806849067
convnext_base,0.6169595941293713,0.7559340460228302
convnext_large,0.658271425982968,0.7892734190976626
convnext_xlarge,0.6740351512955246,0.7965211088965393
convnextv2_base,0.6365283565863381,0.7673491574560609
convnextv2_large,0.6387026635260011,0.7729661170501902
average,0.6015064840939094,0.7379960137706105
