,top_1_accuracy,top_5_accuracy
ssl_resnet50,0.5384197172888728,0.724356650960493
convnext_small,0.640993113446901,0.8126132656759696
convnext_base,0.6857557085900688,0.8481333816600217
convnext_large,0.7156578470460312,0.8631750634287786
convnext_xlarge,0.7339615802827111,0.8760420442189198
convnextv2_base,0.6861181587531714,0.8403407031533164
convnextv2_large,0.7013410656034795,0.8488582819862269
average,0.6717495987158909,0.8305027701548181
