{
    "ssl_resnet50": {
        "top_1_accuracy": 0.5384197172888728,
        "top_5_accuracy": 0.724356650960493
    },
    "convnext_small": {
        "top_1_accuracy": 0.640993113446901,
        "top_5_accuracy": 0.8126132656759696
    },
    "convnext_base": {
        "top_1_accuracy": 0.6857557085900688,
        "top_5_accuracy": 0.8481333816600217
    },
    "convnext_large": {
        "top_1_accuracy": 0.7156578470460312,
        "top_5_accuracy": 0.8631750634287786
    },
    "convnext_xlarge": {
        "top_1_accuracy": 0.7339615802827111,
        "top_5_accuracy": 0.8760420442189198
    },
    "convnextv2_base": {
        "top_1_accuracy": 0.6861181587531714,
        "top_5_accuracy": 0.8403407031533164
    },
    "convnextv2_large": {
        "top_1_accuracy": 0.7013410656034795,
        "top_5_accuracy": 0.8488582819862269
    },
    "average": {
        "top_1_accuracy": 0.6717495987158909,
        "top_5_accuracy": 0.8305027701548181
    }
}