{
    "ssl_resnet50": {
        "top_1_accuracy": 0.4866968325791855,
        "top_5_accuracy": 0.6676923076923077
    },
    "convnext_small": {
        "top_1_accuracy": 0.5561990950226244,
        "top_5_accuracy": 0.7221719457013575
    },
    "convnext_base": {
        "top_1_accuracy": 0.6219004524886877,
        "top_5_accuracy": 0.7809954751131222
    },
    "convnext_large": {
        "top_1_accuracy": 0.6660633484162896,
        "top_5_accuracy": 0.8092307692307692
    },
    "convnext_xlarge": {
        "top_1_accuracy": 0.6941176470588235,
        "top_5_accuracy": 0.8273303167420815
    },
    "convnextv2_base": {
        "top_1_accuracy": 0.6246153846153846,
        "top_5_accuracy": 0.773393665158371
    },
    "convnextv2_large": {
        "top_1_accuracy": 0.6515837104072398,
        "top_5_accuracy": 0.7849773755656109
    },
    "average": {
        "top_1_accuracy": 0.614453781512605,
        "top_5_accuracy": 0.7665416936005173
    }
}