,top_1_accuracy,top_5_accuracy
ssl_resnet50,0.4866968325791855,0.6676923076923077
convnext_small,0.5561990950226244,0.7221719457013575
convnext_base,0.6219004524886877,0.7809954751131222
convnext_large,0.6660633484162896,0.8092307692307692
convnext_xlarge,0.6941176470588235,0.8273303167420815
convnextv2_base,0.6246153846153846,0.773393665158371
convnextv2_large,0.6515837104072398,0.7849773755656109
average,0.614453781512605,0.7665416936005173
