{
    "resnet34": {
        "top_1_accuracy": 0.48578156131135664,
        "top_5_accuracy": 0.6772323854374207
    },
    "resnet50": {
        "top_1_accuracy": 0.5667451548632494,
        "top_5_accuracy": 0.7373664191269698
    },
    "resnet101": {
        "top_1_accuracy": 0.594276399203043,
        "top_5_accuracy": 0.7654410432892592
    },
    "inception_v3": {
        "top_1_accuracy": 0.5499003803658757,
        "top_5_accuracy": 0.7283100887520376
    },
    "inception_v4": {
        "top_1_accuracy": 0.5948197790255388,
        "top_5_accuracy": 0.7596449918493027
    },
    "efficientnetv2_rw_s": {
        "top_1_accuracy": 0.5890237275855823,
        "top_5_accuracy": 0.771599347944213
    },
    "efficientnetv2_rw_m": {
        "top_1_accuracy": 0.6631045100525267,
        "top_5_accuracy": 0.8224959246513313
    },
    "efficientnet_b2": {
        "top_1_accuracy": 0.5004528165187466,
        "top_5_accuracy": 0.7040391233472197
    },
    "efficientnet_b3": {
        "top_1_accuracy": 0.5859445752581054,
        "top_5_accuracy": 0.769606955261728
    },
    "efficientnet_b4": {
        "top_1_accuracy": 0.6131135663829016,
        "top_5_accuracy": 0.783734830646622
    },
    "average": {
        "top_1_accuracy": 0.5743162470566927,
        "top_5_accuracy": 0.7519471110306103
    }
}