,top_1_accuracy,top_5_accuracy
ssl_resnet50,0.5729034595182032,0.7639920304292701
convnext_small,0.6743343597174425,0.8371671798587212
convnext_base,0.7053070095997102,0.8641550443760189
convnext_large,0.7360985328744792,0.8685020829559862
convnext_xlarge,0.7547545734468394,0.8920485419308096
convnextv2_base,0.6944394131497917,0.8456801304111574
convnextv2_large,0.7178047455171165,0.8547364607860894
average,0.6936631562605119,0.8466116386782933
