,top_1_accuracy,top_5_accuracy
ssl_resnet50,0.46504889532777977,0.7189424121695038
convnext_small,0.5758783049619703,0.7957261861644331
convnext_base,0.6070264396957624,0.8129300977906556
convnext_large,0.6137269105396596,0.8263310394784499
convnext_xlarge,0.6392611372691054,0.8312205722564289
convnextv2_base,0.6023180007243752,0.8156465048895328
convnextv2_large,0.6443317638536762,0.8294096341905107
average,0.5925130646246183,0.804315206705645
