{
    "ssl_resnet50": {
        "top_1_accuracy": 0.3412759415833974,
        "top_5_accuracy": 0.5261337432744043
    },
    "convnext_small": {
        "top_1_accuracy": 0.4348578016910069,
        "top_5_accuracy": 0.6260568793235972
    },
    "convnext_base": {
        "top_1_accuracy": 0.49769408147578786,
        "top_5_accuracy": 0.6829362029208301
    },
    "convnext_large": {
        "top_1_accuracy": 0.5171022290545734,
        "top_5_accuracy": 0.7050345887778632
    },
    "convnext_xlarge": {
        "top_1_accuracy": 0.5459262106072252,
        "top_5_accuracy": 0.7305918524212145
    },
    "convnextv2_base": {
        "top_1_accuracy": 0.4928900845503459,
        "top_5_accuracy": 0.6756341275941583
    },
    "convnextv2_large": {
        "top_1_accuracy": 0.5180630284396618,
        "top_5_accuracy": 0.7002305918524212
    }
}