,top_1_accuracy,top_5_accuracy
ssl_resnet50,0.5640050697084917,0.7758464602571067
convnext_small,0.6641318124207858,0.8350534130001811
convnext_base,0.7122940430925222,0.8710845554952019
convnext_large,0.7389100126742713,0.8799565453557849
convnext_xlarge,0.7472388194821655,0.884120948759732
convnextv2_base,0.6887561108093427,0.8531595147564729
convnextv2_large,0.7164584464964693,0.8696360673546986
average,0.6902563306691497,0.8526939292827398
