{
    "resnet34": {
        "top_1_accuracy": 0.5147564729313778,
        "top_5_accuracy": 0.6824189751946406
    },
    "resnet50": {
        "top_1_accuracy": 0.5938801376063734,
        "top_5_accuracy": 0.7432554770957813
    },
    "resnet101": {
        "top_1_accuracy": 0.5810248053594061,
        "top_5_accuracy": 0.7383668296215825
    },
    "inception_v3": {
        "top_1_accuracy": 0.5529603476371537,
        "top_5_accuracy": 0.7358319753757017
    },
    "inception_v4": {
        "top_1_accuracy": 0.5544088357776571,
        "top_5_accuracy": 0.719355422777476
    },
    "efficientnetv2_rw_s": {
        "top_1_accuracy": 0.5650914358138692,
        "top_5_accuracy": 0.7240630092341119
    },
    "efficientnetv2_rw_m": {
        "top_1_accuracy": 0.6016657613615789,
        "top_5_accuracy": 0.7637153720803911
    },
    "efficientnet_b2": {
        "top_1_accuracy": 0.5171102661596958,
        "top_5_accuracy": 0.7070432735831975
    },
    "efficientnet_b3": {
        "top_1_accuracy": 0.5763172189027702,
        "top_5_accuracy": 0.750497917798298
    },
    "efficientnet_b4": {
        "top_1_accuracy": 0.5949665037117509,
        "top_5_accuracy": 0.7559297483251856
    },
    "average": {
        "top_1_accuracy": 0.5652181785261633,
        "top_5_accuracy": 0.7320478001086366
    }
}