,top_1_accuracy,top_5_accuracy
ssl_resnet50,0.516567083107007,0.6990765888104291
convnext_small,0.5743255477095781,0.8294405214557306
convnext_base,0.6232120224515661,0.8632989317399964
convnext_large,0.6253847546623212,0.8694550063371356
convnext_xlarge,0.6203150461705594,0.8821292775665399
convnextv2_base,0.5803005612891544,0.8432011587905124
convnextv2_large,0.6512764801738186,0.866558030056129
average,0.5987687850805722,0.8361656449652104
