{
    "ssl_resnet50": {
        "top_1_accuracy": 0.4049601737871108,
        "top_5_accuracy": 0.5738595220854453
    },
    "convnext_small": {
        "top_1_accuracy": 0.5195510499637943,
        "top_5_accuracy": 0.694243301955105
    },
    "convnext_base": {
        "top_1_accuracy": 0.5811006517016655,
        "top_5_accuracy": 0.7557929036929761
    },
    "convnext_large": {
        "top_1_accuracy": 0.6363142650253439,
        "top_5_accuracy": 0.7958001448225923
    },
    "convnext_xlarge": {
        "top_1_accuracy": 0.6652787834902245,
        "top_5_accuracy": 0.8196958725561188
    },
    "convnextv2_base": {
        "top_1_accuracy": 0.5963070238957278,
        "top_5_accuracy": 0.7632150615496017
    },
    "convnextv2_large": {
        "top_1_accuracy": 0.6343229543808834,
        "top_5_accuracy": 0.7878349022447502
    },
    "average": {
        "top_1_accuracy": 0.5768335574635357,
        "top_5_accuracy": 0.7414916727009413
    }
}