,top_1_accuracy,top_5_accuracy
ssl_resnet50,0.4049601737871108,0.5738595220854453
convnext_small,0.5195510499637943,0.694243301955105
convnext_base,0.5811006517016655,0.7557929036929761
convnext_large,0.6363142650253439,0.7958001448225923
convnext_xlarge,0.6652787834902245,0.8196958725561188
convnextv2_base,0.5963070238957278,0.7632150615496017
convnextv2_large,0.6343229543808834,0.7878349022447502
average,0.5768335574635357,0.7414916727009413
