{
    "vit_small_patch16_224": {
        "top_1_accuracy": 0.3559015206372194,
        "top_5_accuracy": 0.52697320782042
    },
    "vit_small_patch32_224": {
        "top_1_accuracy": 0.22103548153511948,
        "top_5_accuracy": 0.36296162201303406
    },
    "vit_base_patch16_224": {
        "top_1_accuracy": 0.4940260680666184,
        "top_5_accuracy": 0.7476466328747284
    },
    "vit_base_patch32_224": {
        "top_1_accuracy": 0.3158942795076032,
        "top_5_accuracy": 0.46379435191889934
    },
    "vit_large_patch16_224": {
        "top_1_accuracy": 0.5181028240405503,
        "top_5_accuracy": 0.6716147719044171
    },
    "vit_large_patch32_384": {
        "top_1_accuracy": 0.3752715423606083,
        "top_5_accuracy": 0.532404055032585
    },
    "beit_base_patch16_224": {
        "top_1_accuracy": 0.47990586531498913,
        "top_5_accuracy": 0.6527878349022448
    },
    "beit_large_patch16_224": {
        "top_1_accuracy": 0.5682476466328747,
        "top_5_accuracy": 0.7320782041998551
    },
    "beitv2_base_patch16_224": {
        "top_1_accuracy": 0.5521361332367849,
        "top_5_accuracy": 0.7221216509775525
    },
    "beitv2_large_patch16_224": {
        "top_1_accuracy": 0.6412020275162925,
        "top_5_accuracy": 0.7891020999275887
    },
    "beit3_base_patch16_224": {
        "top_1_accuracy": 0.47338884866039105,
        "top_5_accuracy": 0.7063721940622737
    },
    "beit3_large_patch16_224": {
        "top_1_accuracy": 0.5456191165821869,
        "top_5_accuracy": 0.7901882693700217
    },
    "deit_small_patch16_224": {
        "top_1_accuracy": 0.38251267197682837,
        "top_5_accuracy": 0.5479724837074583
    },
    "deit_base_patch16_224": {
        "top_1_accuracy": 0.4389934829833454,
        "top_5_accuracy": 0.6084359160028965
    },
    "deit3_small_patch16_224": {
        "top_1_accuracy": 0.498913830557567,
        "top_5_accuracy": 0.6585807385952208
    },
    "deit3_medium_patch16_224": {
        "top_1_accuracy": 0.5085083272990587,
        "top_5_accuracy": 0.6737871107892831
    },
    "deit3_base_patch16_224": {
        "top_1_accuracy": 0.5143012309920347,
        "top_5_accuracy": 0.6842867487328023
    },
    "deit3_large_patch16_224": {
        "top_1_accuracy": 0.587074583635047,
        "top_5_accuracy": 0.7512671976828386
    },
    "average": {
        "top_1_accuracy": 0.47061308230750654,
        "top_5_accuracy": 0.6456875050285622
    }
}