{
    "resnet34": {
        "top_1_accuracy": 0.5431159420289855,
        "top_5_accuracy": 0.7206521739130435
    },
    "resnet50": {
        "top_1_accuracy": 0.6,
        "top_5_accuracy": 0.7628623188405798
    },
    "resnet101": {
        "top_1_accuracy": 0.6130434782608696,
        "top_5_accuracy": 0.7764492753623189
    },
    "inception_v3": {
        "top_1_accuracy": 0.5704710144927536,
        "top_5_accuracy": 0.7606884057971014
    },
    "inception_v4": {
        "top_1_accuracy": 0.6298913043478261,
        "top_5_accuracy": 0.7927536231884058
    },
    "efficientnetv2_rw_s": {
        "top_1_accuracy": 0.6481884057971015,
        "top_5_accuracy": 0.8150362318840579
    },
    "efficientnetv2_rw_m": {
        "top_1_accuracy": 0.688768115942029,
        "top_5_accuracy": 0.8431159420289855
    },
    "efficientnet_b2": {
        "top_1_accuracy": 0.5806159420289855,
        "top_5_accuracy": 0.7652173913043478
    },
    "efficientnet_b3": {
        "top_1_accuracy": 0.6407608695652174,
        "top_5_accuracy": 0.8079710144927537
    },
    "efficientnet_b4": {
        "top_1_accuracy": 0.6615942028985508,
        "top_5_accuracy": 0.8264492753623188
    },
    "average": {
        "top_1_accuracy": 0.6176449275362319,
        "top_5_accuracy": 0.7871195652173915
    }
}