{
    "ssl_resnet50": {
        "top_1_accuracy": 0.5989130434782609,
        "top_5_accuracy": 0.7951086956521739
    },
    "convnext_small": {
        "top_1_accuracy": 0.6782608695652174,
        "top_5_accuracy": 0.8375
    },
    "convnext_base": {
        "top_1_accuracy": 0.7184782608695652,
        "top_5_accuracy": 0.8644927536231884
    },
    "convnext_large": {
        "top_1_accuracy": 0.738768115942029,
        "top_5_accuracy": 0.8880434782608696
    },
    "convnext_xlarge": {
        "top_1_accuracy": 0.7572463768115942,
        "top_5_accuracy": 0.8891304347826087
    },
    "convnextv2_base": {
        "top_1_accuracy": 0.7106884057971015,
        "top_5_accuracy": 0.856159420289855
    },
    "convnextv2_large": {
        "top_1_accuracy": 0.7335144927536232,
        "top_5_accuracy": 0.8697463768115942
    },
    "average": {
        "top_1_accuracy": 0.7051242236024845,
        "top_5_accuracy": 0.8571687370600415
    }
}