,top_1_accuracy,top_5_accuracy
ssl_resnet50,0.5989130434782609,0.7951086956521739
convnext_small,0.6782608695652174,0.8375
convnext_base,0.7184782608695652,0.8644927536231884
convnext_large,0.738768115942029,0.8880434782608696
convnext_xlarge,0.7572463768115942,0.8891304347826087
convnextv2_base,0.7106884057971015,0.856159420289855
convnextv2_large,0.7335144927536232,0.8697463768115942
average,0.7051242236024845,0.8571687370600415
