{
    "resnet34": {
        "top_1_accuracy": 0.48832156436719176,
        "top_5_accuracy": 0.6847727684229585
    },
    "resnet50": {
        "top_1_accuracy": 0.5574868730762267,
        "top_5_accuracy": 0.7314865109541916
    },
    "resnet101": {
        "top_1_accuracy": 0.5989498460981351,
        "top_5_accuracy": 0.7573782364656889
    },
    "inception_v3": {
        "top_1_accuracy": 0.5553141408654717,
        "top_5_accuracy": 0.7358319753757017
    },
    "inception_v4": {
        "top_1_accuracy": 0.6009415172913272,
        "top_5_accuracy": 0.7715009958355966
    },
    "efficientnetv2_rw_s": {
        "top_1_accuracy": 0.5936990765888104,
        "top_5_accuracy": 0.7820025348542459
    },
    "efficientnetv2_rw_m": {
        "top_1_accuracy": 0.6695636429476733,
        "top_5_accuracy": 0.8388556943690023
    },
    "efficientnet_b2": {
        "top_1_accuracy": 0.5372080391091798,
        "top_5_accuracy": 0.73945319572696
    },
    "efficientnet_b3": {
        "top_1_accuracy": 0.6148832156436719,
        "top_5_accuracy": 0.7990222705051603
    },
    "efficientnet_b4": {
        "top_1_accuracy": 0.648198442875249,
        "top_5_accuracy": 0.8214738366829621
    },
    "average": {
        "top_1_accuracy": 0.5864566358862937,
        "top_5_accuracy": 0.7661778019192468
    }
}