,top_1_accuracy,top_5_accuracy
ssl_resnet50,0.5714285714285714,0.7870722433460076
convnext_small,0.6856780735107731,0.8531595147564729
convnext_base,0.732934999094695,0.8832156436719174
convnext_large,0.7604562737642585,0.8915444504798117
convnext_xlarge,0.7671555314140865,0.8996921962701431
convnextv2_base,0.721709216005794,0.8709034944776389
convnextv2_large,0.7526706500090531,0.8899149013217454
average,0.7131476164610332,0.8679289206176766
