,top_1_accuracy,top_5_accuracy
ssl_resnet50,0.3895422471503528,0.6347023701827392
convnext_small,0.44798263072191064,0.7723900850370906
convnext_base,0.5411615704722272,0.7975393522706713
convnext_large,0.6515288583318256,0.835353718111091
convnext_xlarge,0.6339786502623485,0.8393341776732405
convnextv2_base,0.5451420300343767,0.7881309933055908
convnextv2_large,0.6213135516555093,0.8179844400217116
average,0.5472356483755073,0.7836335909431621
