,top_1_accuracy,top_5_accuracy
ssl_resnet50,0.5009961963412425,0.7047636297772143
convnext_small,0.5613113566382901,0.7516754211193625
convnext_base,0.6241622894403188,0.783734830646622
convnext_large,0.6239811628328201,0.8109038217714182
convnext_xlarge,0.6890056149248325,0.8282919760912878
convnextv2_base,0.5879369679405905,0.7775765259916682
convnextv2_large,0.6277848215902916,0.7956891867415323
average,0.6021683442440552,0.7789479131627294
