{
    "ssl_resnet50": {
        "top_1_accuracy": 0.5009961963412425,
        "top_5_accuracy": 0.7047636297772143
    },
    "convnext_small": {
        "top_1_accuracy": 0.5613113566382901,
        "top_5_accuracy": 0.7516754211193625
    },
    "convnext_base": {
        "top_1_accuracy": 0.6241622894403188,
        "top_5_accuracy": 0.783734830646622
    },
    "convnext_large": {
        "top_1_accuracy": 0.6239811628328201,
        "top_5_accuracy": 0.8109038217714182
    },
    "convnext_xlarge": {
        "top_1_accuracy": 0.6890056149248325,
        "top_5_accuracy": 0.8282919760912878
    },
    "convnextv2_base": {
        "top_1_accuracy": 0.5879369679405905,
        "top_5_accuracy": 0.7775765259916682
    },
    "convnextv2_large": {
        "top_1_accuracy": 0.6277848215902916,
        "top_5_accuracy": 0.7956891867415323
    },
    "average": {
        "top_1_accuracy": 0.6021683442440552,
        "top_5_accuracy": 0.7789479131627294
    }
}