,top_1_accuracy,top_5_accuracy
ssl_resnet50,0.533140166606302,0.7339731981166244
convnext_small,0.6282144150670047,0.8136544730170229
convnext_base,0.6653386454183267,0.8362911988409997
convnext_large,0.6877942774357118,0.8480622962694676
convnext_xlarge,0.6966678739587107,0.8601955813111192
convnextv2_base,0.6517566099239406,0.82035494386092
convnextv2_large,0.6657008330315103,0.8375588554871424
average,0.6469446887773581,0.8214415067004709
