{
    "resnet34": {
        "top_1_accuracy": 0.4629461859032433,
        "top_5_accuracy": 0.6269251676028266
    },
    "resnet50": {
        "top_1_accuracy": 0.49990940387751404,
        "top_5_accuracy": 0.6493930059793441
    },
    "resnet101": {
        "top_1_accuracy": 0.5682188802319261,
        "top_5_accuracy": 0.7206015582533067
    },
    "inception_v3": {
        "top_1_accuracy": 0.4890378691791991,
        "top_5_accuracy": 0.6591773872078275
    },
    "inception_v4": {
        "top_1_accuracy": 0.5678564957419823,
        "top_5_accuracy": 0.7265809023373799
    },
    "efficientnetv2_rw_s": {
        "top_1_accuracy": 0.5796339916651567,
        "top_5_accuracy": 0.7490487407138975
    },
    "efficientnetv2_rw_m": {
        "top_1_accuracy": 0.6399710092408045,
        "top_5_accuracy": 0.8035876064504439
    },
    "efficientnet_b2": {
        "top_1_accuracy": 0.48976263815908677,
        "top_5_accuracy": 0.6756658815002717
    },
    "efficientnet_b3": {
        "top_1_accuracy": 0.5798151839101287,
        "top_5_accuracy": 0.7575647762275775
    },
    "efficientnet_b4": {
        "top_1_accuracy": 0.6104366733103823,
        "top_5_accuracy": 0.7838376517485052
    },
    "average": {
        "top_1_accuracy": 0.5487588331219424,
        "top_5_accuracy": 0.7152382678021381
    }
}