,top_1_accuracy,top_5_accuracy
ssl_resnet50,0.5272694328682732,0.7175212900887842
convnext_small,0.6352600108715347,0.7970646856314549
convnext_base,0.6653379235368726,0.8229751766624388
convnext_large,0.7079181011052726,0.8432687080992933
convnext_xlarge,0.7202391737633629,0.8593948179017938
convnextv2_base,0.6849066859938394,0.8282297517666244
convnextv2_large,0.7003080268164522,0.8387389019749955
average,0.6630341935650869,0.8153133331607693
