{
    "ssl_resnet50": {
        "top_1_accuracy": 0.537124230351322,
        "top_5_accuracy": 0.7410358565737052
    },
    "convnext_small": {
        "top_1_accuracy": 0.6432452010141253,
        "top_5_accuracy": 0.8140166606302065
    },
    "convnext_base": {
        "top_1_accuracy": 0.6870699022093444,
        "top_5_accuracy": 0.8478812024628758
    },
    "convnext_large": {
        "top_1_accuracy": 0.7102499094530967,
        "top_5_accuracy": 0.8692502716407099
    },
    "convnext_xlarge": {
        "top_1_accuracy": 0.7272727272727273,
        "top_5_accuracy": 0.8777616805505252
    },
    "convnextv2_base": {
        "top_1_accuracy": 0.695400217312568,
        "top_5_accuracy": 0.8531329228540384
    },
    "convnextv2_large": {
        "top_1_accuracy": 0.7116986599058313,
        "top_5_accuracy": 0.8582035494386092
    },
    "average": {
        "top_1_accuracy": 0.6731515496455736,
        "top_5_accuracy": 0.8373260205929528
    }
}