,top_1_accuracy,top_5_accuracy
ssl_resnet50,0.537124230351322,0.7410358565737052
convnext_small,0.6432452010141253,0.8140166606302065
convnext_base,0.6870699022093444,0.8478812024628758
convnext_large,0.7102499094530967,0.8692502716407099
convnext_xlarge,0.7272727272727273,0.8777616805505252
convnextv2_base,0.695400217312568,0.8531329228540384
convnextv2_large,0.7116986599058313,0.8582035494386092
average,0.6731515496455736,0.8373260205929528
