,top_1_accuracy,top_5_accuracy
ssl_resnet50,0.28227412638059024,0.5138511678435633
convnext_small,0.5140322288611262,0.6999818938982437
convnext_base,0.603476371537208,0.7791055585732392
convnext_large,0.5136701068260003,0.7812782907839942
convnext_xlarge,0.645844649646931,0.8069889552779287
convnextv2_base,0.5386565272496832,0.7838131450298751
convnextv2_large,0.5935180155712475,0.7957631721890277
average,0.5273531465818266,0.737254597656553
