,top_1_accuracy,top_5_accuracy
ssl_resnet50,0.5489947473283825,0.7350117732294874
convnext_small,0.6585763448650607,0.8139829740988951
convnext_base,0.69733743886977,0.8538308277485963
convnext_large,0.7263176960695527,0.8632494113385256
convnext_xlarge,0.728672341967035,0.8652418040210107
convnextv2_base,0.6766890056149248,0.8344502807462416
convnextv2_large,0.723057417134577,0.8625249049085311
average,0.6799492845499004,0.8326131394416125
