,top_1_accuracy,top_5_accuracy
ssl_resnet50,0.540021731256791,0.7292647591452373
convnext_small,0.6781963056863455,0.8299529156102862
convnext_base,0.6975733429916697,0.8478812024628758
convnext_large,0.7370517928286853,0.8732343353857298
convnext_xlarge,0.7323433538572981,0.868163708801159
convnextv2_base,0.690510684534589,0.845708076783774
convnextv2_large,0.7093444404201377,0.8495110467222021
average,0.6835773787965023,0.8348165778444663
