{
    "resnet34": {
        "top_1_accuracy": 0.4260365743255477,
        "top_5_accuracy": 0.594604381676625
    },
    "resnet50": {
        "top_1_accuracy": 0.49230490675357597,
        "top_5_accuracy": 0.6405938801376063
    },
    "resnet101": {
        "top_1_accuracy": 0.5178345102299475,
        "top_5_accuracy": 0.6672098497193554
    },
    "inception_v3": {
        "top_1_accuracy": 0.5111352525801195,
        "top_5_accuracy": 0.688212927756654
    },
    "inception_v4": {
        "top_1_accuracy": 0.5420966865833786,
        "top_5_accuracy": 0.7086728227412638
    },
    "efficientnetv2_rw_s": {
        "top_1_accuracy": 0.5268875611080934,
        "top_5_accuracy": 0.7012493210211841
    },
    "efficientnetv2_rw_m": {
        "top_1_accuracy": 0.5764982799203332,
        "top_5_accuracy": 0.7512221618685497
    },
    "efficientnet_b2": {
        "top_1_accuracy": 0.4868730762266884,
        "top_5_accuracy": 0.6813326090892631
    },
    "efficientnet_b3": {
        "top_1_accuracy": 0.5594785442694188,
        "top_5_accuracy": 0.737099402498642
    },
    "efficientnet_b4": {
        "top_1_accuracy": 0.5850081477457904,
        "top_5_accuracy": 0.7494115516929205
    },
    "average": {
        "top_1_accuracy": 0.5224153539742894,
        "top_5_accuracy": 0.6919608908202063
    }
}