,top_1_accuracy,top_5_accuracy
ssl_resnet50,0.5258011950027159,0.7251493753394894
convnext_small,0.5525982256020279,0.7792866195908021
convnext_base,0.648198442875249,0.8113344196994388
convnext_large,0.6442151004888648,0.8312511316313598
convnext_xlarge,0.7092160057939526,0.85297845373891
convnextv2_base,0.6407749411551693,0.8068078942603657
convnextv2_large,0.6663045446315409,0.8158609451385117
average,0.6267297793642171,0.803238405628411
