,top_1_accuracy,top_5_accuracy
ssl_resnet50,0.49782608695652175,0.7056159420289855
convnext_small,0.6192028985507246,0.7710144927536232
convnext_base,0.6855072463768116,0.8376811594202899
convnext_large,0.7067028985507247,0.8476449275362319
convnext_xlarge,0.7054347826086956,0.8414855072463768
convnextv2_base,0.6809782608695653,0.832427536231884
convnextv2_large,0.6990942028985507,0.8391304347826087
average,0.6563923395445135,0.8107142857142857
