{
    "ssl_resnet50": {
        "top_1_accuracy": 0.49782608695652175,
        "top_5_accuracy": 0.7056159420289855
    },
    "convnext_small": {
        "top_1_accuracy": 0.6192028985507246,
        "top_5_accuracy": 0.7710144927536232
    },
    "convnext_base": {
        "top_1_accuracy": 0.6855072463768116,
        "top_5_accuracy": 0.8376811594202899
    },
    "convnext_large": {
        "top_1_accuracy": 0.7067028985507247,
        "top_5_accuracy": 0.8476449275362319
    },
    "convnext_xlarge": {
        "top_1_accuracy": 0.7054347826086956,
        "top_5_accuracy": 0.8414855072463768
    },
    "convnextv2_base": {
        "top_1_accuracy": 0.6809782608695653,
        "top_5_accuracy": 0.832427536231884
    },
    "convnextv2_large": {
        "top_1_accuracy": 0.6990942028985507,
        "top_5_accuracy": 0.8391304347826087
    },
    "average": {
        "top_1_accuracy": 0.6563923395445135,
        "top_5_accuracy": 0.8107142857142857
    }
}