{
    "vit_small_patch16_224": {
        "top_1_accuracy": 0.453804347826087,
        "top_5_accuracy": 0.6403985507246377
    },
    "vit_small_patch32_224": {
        "top_1_accuracy": 0.34094202898550724,
        "top_5_accuracy": 0.5461956521739131
    },
    "vit_base_patch16_224": {
        "top_1_accuracy": 0.619927536231884,
        "top_5_accuracy": 0.7856884057971014
    },
    "vit_base_patch32_224": {
        "top_1_accuracy": 0.4126811594202899,
        "top_5_accuracy": 0.6054347826086957
    },
    "vit_large_patch16_224": {
        "top_1_accuracy": 0.5771739130434783,
        "top_5_accuracy": 0.7380434782608696
    },
    "vit_large_patch32_384": {
        "top_1_accuracy": 0.5121376811594203,
        "top_5_accuracy": 0.6911231884057971
    },
    "beit_base_patch16_224": {
        "top_1_accuracy": 0.6052536231884058,
        "top_5_accuracy": 0.7684782608695652
    },
    "beit_large_patch16_224": {
        "top_1_accuracy": 0.6554347826086957,
        "top_5_accuracy": 0.8079710144927537
    },
    "beitv2_base_patch16_224": {
        "top_1_accuracy": 0.6409420289855072,
        "top_5_accuracy": 0.8003623188405797
    },
    "beitv2_large_patch16_224": {
        "top_1_accuracy": 0.686231884057971,
        "top_5_accuracy": 0.836231884057971
    },
    "beit3_base_patch16_224": {
        "top_1_accuracy": 0.6077898550724637,
        "top_5_accuracy": 0.7726449275362319
    },
    "beit3_large_patch16_224": {
        "top_1_accuracy": 0.6702898550724637,
        "top_5_accuracy": 0.8318840579710145
    },
    "deit_small_patch16_224": {
        "top_1_accuracy": 0.5077898550724638,
        "top_5_accuracy": 0.6981884057971014
    },
    "deit_base_patch16_224": {
        "top_1_accuracy": 0.4983695652173913,
        "top_5_accuracy": 0.6768115942028986
    },
    "deit3_small_patch16_224": {
        "top_1_accuracy": 0.5927536231884057,
        "top_5_accuracy": 0.7530797101449276
    },
    "deit3_medium_patch16_224": {
        "top_1_accuracy": 0.6007246376811595,
        "top_5_accuracy": 0.769927536231884
    },
    "deit3_base_patch16_224": {
        "top_1_accuracy": 0.6253623188405797,
        "top_5_accuracy": 0.7809782608695652
    },
    "deit3_large_patch16_224": {
        "top_1_accuracy": 0.6048913043478261,
        "top_5_accuracy": 0.7385869565217391
    },
    "average": {
        "top_1_accuracy": 0.5673611111111111,
        "top_5_accuracy": 0.7356682769726249
    }
}