,top_1_accuracy,top_5_accuracy
resnet34,1.0,1.0
resnet50,1.0,1.0
resnet101,1.0,1.0
inception_v3,0.8888888888888888,1.0
inception_v4,0.9722222222222222,1.0
efficientnetv2_rw_s,1.0,1.0
efficientnetv2_rw_m,1.0,1.0
efficientnet_b2,0.8611111111111112,1.0
efficientnet_b3,0.9722222222222222,1.0
efficientnet_b4,1.0,1.0
average,0.9694444444444444,1.0
