,top_1_accuracy,top_5_accuracy
ssl_resnet50,0.05,0.2940217391304348
convnext_small,0.20326086956521738,0.6965579710144928
convnext_base,0.3068840579710145,0.75
convnext_large,0.35706521739130437,0.7844202898550725
convnext_xlarge,0.41884057971014493,0.8054347826086956
convnextv2_base,0.3972826086956522,0.7355072463768116
convnextv2_large,0.3673913043478261,0.775
average,0.30010351966873705,0.6915631469979298
