{
    "resnet34": {
        "top_1_accuracy": 0.41435562805872755,
        "top_5_accuracy": 0.5892695305419612
    },
    "resnet50": {
        "top_1_accuracy": 0.5009969186151895,
        "top_5_accuracy": 0.6461845205727751
    },
    "resnet101": {
        "top_1_accuracy": 0.5254667391698387,
        "top_5_accuracy": 0.6824361065796629
    },
    "inception_v3": {
        "top_1_accuracy": 0.43157513141199927,
        "top_5_accuracy": 0.5927134312126155
    },
    "inception_v4": {
        "top_1_accuracy": 0.4812398042414356,
        "top_5_accuracy": 0.6412905564618452
    },
    "efficientnetv2_rw_s": {
        "top_1_accuracy": 0.5160413268080478,
        "top_5_accuracy": 0.6884176182707994
    },
    "efficientnetv2_rw_m": {
        "top_1_accuracy": 0.5936197208627877,
        "top_5_accuracy": 0.7600145006344028
    },
    "efficientnet_b2": {
        "top_1_accuracy": 0.352184158056915,
        "top_5_accuracy": 0.5343483777415262
    },
    "efficientnet_b3": {
        "top_1_accuracy": 0.47525829255029906,
        "top_5_accuracy": 0.661047670835599
    },
    "efficientnet_b4": {
        "top_1_accuracy": 0.4906652166032264,
        "top_5_accuracy": 0.6648540873663222
    },
    "average": {
        "top_1_accuracy": 0.4781402936378466,
        "top_5_accuracy": 0.6460576400217508
    }
}