,top_1_accuracy,top_5_accuracy
ssl_resnet50,0.469458038789197,0.6608664129055646
convnext_small,0.5834692767808591,0.7524016675729563
convnext_base,0.6445531992024651,0.8085916258836324
convnext_large,0.6728294362878376,0.8152981692949066
convnext_xlarge,0.6730106942178721,0.8196483596157332
convnextv2_base,0.6233460213884358,0.7924596701105673
convnextv2_large,0.6837049120899039,0.8296175457676274
average,0.6214816541080815,0.7826976358787127
