{
    "ssl_resnet50": {
        "top_1_accuracy": 0.5685848715164676,
        "top_5_accuracy": 0.7710821570756424
    },
    "convnext_small": {
        "top_1_accuracy": 0.6807817589576547,
        "top_5_accuracy": 0.8472674629026421
    },
    "convnext_base": {
        "top_1_accuracy": 0.7207745204487875,
        "top_5_accuracy": 0.8650018096272168
    },
    "convnext_large": {
        "top_1_accuracy": 0.7424900470503076,
        "top_5_accuracy": 0.8794788273615635
    },
    "convnext_xlarge": {
        "top_1_accuracy": 0.752985884907709,
        "top_5_accuracy": 0.8814694173000361
    },
    "convnextv2_base": {
        "top_1_accuracy": 0.7081071299312341,
        "top_5_accuracy": 0.8532392327180601
    },
    "convnextv2_large": {
        "top_1_accuracy": 0.7278320665942816,
        "top_5_accuracy": 0.8668114368440102
    },
    "average": {
        "top_1_accuracy": 0.7002223256294917,
        "top_5_accuracy": 0.852050049118453
    }
}