,top_1_accuracy,top_5_accuracy
resnet34,0.8611111111111112,0.9722222222222222
resnet50,0.8888888888888888,1.0
resnet101,0.9166666666666666,1.0
inception_v3,0.5833333333333334,1.0
inception_v4,0.6111111111111112,0.9166666666666666
efficientnetv2_rw_s,1.0,1.0
efficientnetv2_rw_m,1.0,1.0
efficientnet_b2,0.6666666666666666,1.0
efficientnet_b3,0.8333333333333334,1.0
efficientnet_b4,0.8333333333333334,1.0
average,0.8194444444444444,0.9888888888888889
