,top_1_accuracy,top_5_accuracy
ssl_resnet50,0.8333333333333334,0.9166666666666666
convnext_small,1.0,1.0
convnext_base,0.8333333333333334,1.0
convnext_large,1.0,1.0
convnext_xlarge,1.0,1.0
convnextv2_base,1.0,1.0
convnextv2_large,1.0,1.0
average,0.9523809523809524,0.988095238095238
