,top_1_accuracy,top_5_accuracy
ssl_resnet50,0.5826244343891402,0.7757466063348416
convnext_small,0.6935746606334842,0.8495927601809955
convnext_base,0.7324886877828054,0.8751131221719457
convnext_large,0.7330316742081447,0.87710407239819
convnext_xlarge,0.755656108597285,0.887420814479638
convnextv2_base,0.6977375565610859,0.8468778280542987
convnextv2_large,0.7120361990950226,0.8528506787330317
average,0.7010213316095669,0.8521008403361344
