{
    "ssl_resnet50": {
        "top_1_accuracy": 0.5826244343891402,
        "top_5_accuracy": 0.7757466063348416
    },
    "convnext_small": {
        "top_1_accuracy": 0.6935746606334842,
        "top_5_accuracy": 0.8495927601809955
    },
    "convnext_base": {
        "top_1_accuracy": 0.7324886877828054,
        "top_5_accuracy": 0.8751131221719457
    },
    "convnext_large": {
        "top_1_accuracy": 0.7330316742081447,
        "top_5_accuracy": 0.87710407239819
    },
    "convnext_xlarge": {
        "top_1_accuracy": 0.755656108597285,
        "top_5_accuracy": 0.887420814479638
    },
    "convnextv2_base": {
        "top_1_accuracy": 0.6977375565610859,
        "top_5_accuracy": 0.8468778280542987
    },
    "convnextv2_large": {
        "top_1_accuracy": 0.7120361990950226,
        "top_5_accuracy": 0.8528506787330317
    },
    "average": {
        "top_1_accuracy": 0.7010213316095669,
        "top_5_accuracy": 0.8521008403361344
    }
}