,top_1_accuracy,top_5_accuracy
ssl_resnet50,0.4385646973541138,0.64226168901776
convnext_small,0.5329829648423342,0.7006161652772743
convnext_base,0.616346502355926,0.7903225806451613
convnext_large,0.6457049655672346,0.8129757158390721
convnext_xlarge,0.6667270750271838,0.8225806451612904
convnextv2_base,0.6183399782529903,0.788872779992751
convnextv2_large,0.6478796665458499,0.8080826386371874
average,0.5952208357065191,0.7665303163672138
