,top_1_accuracy,top_5_accuracy
ssl_resnet50,0.5508873596522998,0.7319811662441145
convnext_small,0.6725823976819992,0.8384643245201014
convnext_base,0.7298080405650127,0.8792104310032597
convnext_large,0.7475552336110105,0.8891705903658095
convnext_xlarge,0.7529880478087649,0.8931546541108294
convnextv2_base,0.7042738138355669,0.8567547989858747
convnextv2_large,0.734335385729808,0.8754074610648316
average,0.6989186112692087,0.8520204894706886
