,top_1_accuracy,top_5_accuracy
ssl_resnet50,0.5708853883758827,0.7711388738004707
convnext_small,0.6172370088719898,0.8270867282274127
convnext_base,0.6987144667753032,0.8537026978091616
convnext_large,0.7084917617237009,0.8689118232844468
convnext_xlarge,0.7323918160420062,0.8772406300923411
convnextv2_base,0.683686402317581,0.8535216367915988
convnextv2_large,0.7052326634075684,0.8585913452833605
average,0.6738056439305761,0.8443133907555419
