{
    "vit_small_patch16_224": {
        "top_1_accuracy": 0.49628824913996017,
        "top_5_accuracy": 0.7061379684953829
    },
    "vit_small_patch32_224": {
        "top_1_accuracy": 0.31884845192829986,
        "top_5_accuracy": 0.529965598406663
    },
    "vit_base_patch16_224": {
        "top_1_accuracy": 0.6284627919608908,
        "top_5_accuracy": 0.821654897700525
    },
    "vit_base_patch32_224": {
        "top_1_accuracy": 0.43798660148470037,
        "top_5_accuracy": 0.6279196089082021
    },
    "vit_large_patch16_224": {
        "top_1_accuracy": 0.6022089444142676,
        "top_5_accuracy": 0.7894260365743255
    },
    "vit_large_patch32_384": {
        "top_1_accuracy": 0.4684048524352707,
        "top_5_accuracy": 0.6568893717182691
    },
    "beit_base_patch16_224": {
        "top_1_accuracy": 0.6103566902045989,
        "top_5_accuracy": 0.7890639145391997
    },
    "beit_large_patch16_224": {
        "top_1_accuracy": 0.6588810429114612,
        "top_5_accuracy": 0.835234474017744
    },
    "beitv2_base_patch16_224": {
        "top_1_accuracy": 0.6661234836139779,
        "top_5_accuracy": 0.833061741806989
    },
    "beitv2_large_patch16_224": {
        "top_1_accuracy": 0.6510954191562557,
        "top_5_accuracy": 0.8573239181604201
    },
    "beit3_base_patch16_224": {
        "top_1_accuracy": 0.6230309614340033,
        "top_5_accuracy": 0.8198442875248959
    },
    "beit3_large_patch16_224": {
        "top_1_accuracy": 0.6002172732210755,
        "top_5_accuracy": 0.8600398334238638
    },
    "deit_small_patch16_224": {
        "top_1_accuracy": 0.4995473474560927,
        "top_5_accuracy": 0.7028788701792504
    },
    "deit_base_patch16_224": {
        "top_1_accuracy": 0.547890639145392,
        "top_5_accuracy": 0.7427122940430925
    },
    "deit3_small_patch16_224": {
        "top_1_accuracy": 0.5542277747600941,
        "top_5_accuracy": 0.7311243889190657
    },
    "deit3_medium_patch16_224": {
        "top_1_accuracy": 0.5842839036755386,
        "top_5_accuracy": 0.7704146297302191
    },
    "deit3_base_patch16_224": {
        "top_1_accuracy": 0.6270143038203875,
        "top_5_accuracy": 0.8109722976643129
    },
    "deit3_large_patch16_224": {
        "top_1_accuracy": 0.6232120224515661,
        "top_5_accuracy": 0.8225602027883396
    },
    "average": {
        "top_1_accuracy": 0.5665600418452129,
        "top_5_accuracy": 0.7615124630333755
    }
}