{
    "resnet34": {
        "top_1_accuracy": 0.05555555555555555,
        "top_5_accuracy": 0.6944444444444444
    },
    "resnet50": {
        "top_1_accuracy": 0.16666666666666666,
        "top_5_accuracy": 0.5
    },
    "resnet101": {
        "top_1_accuracy": 0.05555555555555555,
        "top_5_accuracy": 0.4444444444444444
    },
    "inception_v3": {
        "top_1_accuracy": 0.3333333333333333,
        "top_5_accuracy": 0.6666666666666666
    },
    "inception_v4": {
        "top_1_accuracy": 0.25,
        "top_5_accuracy": 0.5277777777777778
    },
    "efficientnetv2_rw_s": {
        "top_1_accuracy": 0.0,
        "top_5_accuracy": 0.19444444444444445
    },
    "efficientnetv2_rw_m": {
        "top_1_accuracy": 0.0,
        "top_5_accuracy": 0.25
    },
    "efficientnet_b2": {
        "top_1_accuracy": 0.2222222222222222,
        "top_5_accuracy": 0.6388888888888888
    },
    "efficientnet_b3": {
        "top_1_accuracy": 0.1388888888888889,
        "top_5_accuracy": 0.4722222222222222
    },
    "efficientnet_b4": {
        "top_1_accuracy": 0.16666666666666666,
        "top_5_accuracy": 0.4166666666666667
    },
    "average": {
        "top_1_accuracy": 0.1388888888888889,
        "top_5_accuracy": 0.4805555555555555
    }
}