{
    "ssl_resnet50": {
        "top_1_accuracy": 0.027777777777777776,
        "top_5_accuracy": 0.6666666666666666
    },
    "convnext_small": {
        "top_1_accuracy": 0.3055555555555556,
        "top_5_accuracy": 0.8888888888888888
    },
    "convnext_base": {
        "top_1_accuracy": 0.5555555555555556,
        "top_5_accuracy": 0.8888888888888888
    },
    "convnext_large": {
        "top_1_accuracy": 0.2777777777777778,
        "top_5_accuracy": 0.9444444444444444
    },
    "convnext_xlarge": {
        "top_1_accuracy": 0.6666666666666666,
        "top_5_accuracy": 0.9444444444444444
    },
    "convnextv2_base": {
        "top_1_accuracy": 0.3888888888888889,
        "top_5_accuracy": 0.8888888888888888
    },
    "convnextv2_large": {
        "top_1_accuracy": 0.6388888888888888,
        "top_5_accuracy": 1.0
    },
    "average": {
        "top_1_accuracy": 0.4087301587301587,
        "top_5_accuracy": 0.8888888888888887
    }
}