,top_1_accuracy,top_5_accuracy
ssl_resnet50,0.027777777777777776,0.6666666666666666
convnext_small,0.3055555555555556,0.8888888888888888
convnext_base,0.5555555555555556,0.8888888888888888
convnext_large,0.2777777777777778,0.9444444444444444
convnext_xlarge,0.6666666666666666,0.9444444444444444
convnextv2_base,0.3888888888888889,0.8888888888888888
convnextv2_large,0.6388888888888888,1.0
average,0.4087301587301587,0.8888888888888887
