,top_1_accuracy,top_5_accuracy
ssl_resnet50,0.5827142598296793,0.7758651929697409
convnext_small,0.6762094582351875,0.848342090958507
convnext_base,0.7202391737633629,0.8684544301503896
convnext_large,0.7381772060155826,0.8842181554629461
convnext_xlarge,0.7421634354049647,0.8838557709730024
convnextv2_base,0.7153469831491213,0.8713535060699402
convnextv2_large,0.7166153288639246,0.8688168146403334
average,0.6987808350374032,0.85727228017498
