,top_1_accuracy,top_5_accuracy
ssl_resnet50,0.4968325791855204,0.6901357466063348
convnext_small,0.5457013574660633,0.7107692307692308
convnext_base,0.5835294117647059,0.746787330316742
convnext_large,0.6280542986425339,0.7869683257918552
convnext_xlarge,0.6561085972850679,0.7983710407239819
convnextv2_base,0.5971040723981901,0.7545701357466064
convnextv2_large,0.6025339366515837,0.7621719457013575
average,0.5871234647705236,0.7499676793794441
