,top_1_accuracy,top_5_accuracy
ssl_resnet50,0.6242983885569436,0.8265435451747238
convnext_small,0.7246061922868007,0.8795944233206591
convnext_base,0.7629911280101395,0.9053050878145935
convnext_large,0.7724063009234112,0.9127285895346732
convnext_xlarge,0.7881586094513852,0.9210573963425674
convnextv2_base,0.7485062466051059,0.8964330979540105
convnextv2_large,0.7662502263262719,0.9049429657794676
average,0.7410310131657225,0.8923721579886708
