{
    "ssl_resnet50": {
        "top_1_accuracy": 0.6242983885569436,
        "top_5_accuracy": 0.8265435451747238
    },
    "convnext_small": {
        "top_1_accuracy": 0.7246061922868007,
        "top_5_accuracy": 0.8795944233206591
    },
    "convnext_base": {
        "top_1_accuracy": 0.7629911280101395,
        "top_5_accuracy": 0.9053050878145935
    },
    "convnext_large": {
        "top_1_accuracy": 0.7724063009234112,
        "top_5_accuracy": 0.9127285895346732
    },
    "convnext_xlarge": {
        "top_1_accuracy": 0.7881586094513852,
        "top_5_accuracy": 0.9210573963425674
    },
    "convnextv2_base": {
        "top_1_accuracy": 0.7485062466051059,
        "top_5_accuracy": 0.8964330979540105
    },
    "convnextv2_large": {
        "top_1_accuracy": 0.7662502263262719,
        "top_5_accuracy": 0.9049429657794676
    },
    "average": {
        "top_1_accuracy": 0.7410310131657225,
        "top_5_accuracy": 0.8923721579886708
    }
}