,top_1_accuracy,top_5_accuracy
ssl_resnet50,0.4280797101449275,0.6235507246376811
convnext_small,0.597463768115942,0.7648550724637682
convnext_base,0.6271739130434782,0.7889492753623188
convnext_large,0.6483695652173913,0.7940217391304348
convnext_xlarge,0.6501811594202899,0.8088768115942029
convnextv2_base,0.6224637681159421,0.7740942028985507
convnextv2_large,0.668659420289855,0.8067028985507246
average,0.6060559006211179,0.7658643892339546
