{
    "resnet34": {
        "top_1_accuracy": 0.16666666666666666,
        "top_5_accuracy": 1.0
    },
    "resnet50": {
        "top_1_accuracy": 0.4722222222222222,
        "top_5_accuracy": 0.9444444444444444
    },
    "resnet101": {
        "top_1_accuracy": 0.5277777777777778,
        "top_5_accuracy": 1.0
    },
    "inception_v3": {
        "top_1_accuracy": 0.027777777777777776,
        "top_5_accuracy": 0.8333333333333334
    },
    "inception_v4": {
        "top_1_accuracy": 0.16666666666666666,
        "top_5_accuracy": 1.0
    },
    "efficientnetv2_rw_s": {
        "top_1_accuracy": 0.8333333333333334,
        "top_5_accuracy": 1.0
    },
    "efficientnetv2_rw_m": {
        "top_1_accuracy": 1.0,
        "top_5_accuracy": 1.0
    },
    "efficientnet_b2": {
        "top_1_accuracy": 0.0,
        "top_5_accuracy": 0.9444444444444444
    },
    "efficientnet_b3": {
        "top_1_accuracy": 0.08333333333333333,
        "top_5_accuracy": 1.0
    },
    "efficientnet_b4": {
        "top_1_accuracy": 0.16666666666666666,
        "top_5_accuracy": 1.0
    },
    "average": {
        "top_1_accuracy": 0.34444444444444444,
        "top_5_accuracy": 0.9722222222222221
    }
}