,top_1_accuracy,top_5_accuracy
resnet34,0.16666666666666666,1.0
resnet50,0.4722222222222222,0.9444444444444444
resnet101,0.5277777777777778,1.0
inception_v3,0.027777777777777776,0.8333333333333334
inception_v4,0.16666666666666666,1.0
efficientnetv2_rw_s,0.8333333333333334,1.0
efficientnetv2_rw_m,1.0,1.0
efficientnet_b2,0.0,0.9444444444444444
efficientnet_b3,0.08333333333333333,1.0
efficientnet_b4,0.16666666666666666,1.0
average,0.34444444444444444,0.9722222222222221
