,top_1_accuracy,top_5_accuracy
ssl_resnet50,0.9166666666666666,1.0
convnext_small,0.8333333333333334,1.0
convnext_base,0.3888888888888889,1.0
convnext_large,0.9722222222222222,1.0
convnext_xlarge,0.5277777777777778,1.0
convnextv2_base,0.7222222222222222,1.0
convnextv2_large,0.4722222222222222,1.0
average,0.6904761904761905,1.0
