{
    "resnet34": {
        "top_1_accuracy": 0.0,
        "top_5_accuracy": 0.5510204081632653
    },
    "resnet50": {
        "top_1_accuracy": 0.0,
        "top_5_accuracy": 0.6326530612244898
    },
    "resnet101": {
        "top_1_accuracy": 0.0,
        "top_5_accuracy": 0.46938775510204084
    },
    "inception_v3": {
        "top_1_accuracy": 0.04081632653061224,
        "top_5_accuracy": 0.3673469387755102
    },
    "inception_v4": {
        "top_1_accuracy": 0.02040816326530612,
        "top_5_accuracy": 0.4897959183673469
    },
    "efficientnetv2_rw_s": {
        "top_1_accuracy": 0.061224489795918366,
        "top_5_accuracy": 0.673469387755102
    },
    "efficientnetv2_rw_m": {
        "top_1_accuracy": 0.10204081632653061,
        "top_5_accuracy": 0.8367346938775511
    },
    "efficientnet_b2": {
        "top_1_accuracy": 0.10204081632653061,
        "top_5_accuracy": 0.8571428571428571
    },
    "efficientnet_b3": {
        "top_1_accuracy": 0.3469387755102041,
        "top_5_accuracy": 0.7755102040816326
    },
    "efficientnet_b4": {
        "top_1_accuracy": 0.2653061224489796,
        "top_5_accuracy": 0.7755102040816326
    },
    "average": {
        "top_1_accuracy": 0.09387755102040815,
        "top_5_accuracy": 0.6428571428571427
    }
}