{
    "ssl_resnet50": {
        "top_1_accuracy": 0.02040816326530612,
        "top_5_accuracy": 0.40816326530612246
    },
    "convnext_small": {
        "top_1_accuracy": 0.40816326530612246,
        "top_5_accuracy": 0.8367346938775511
    },
    "convnext_base": {
        "top_1_accuracy": 0.24489795918367346,
        "top_5_accuracy": 0.9183673469387755
    },
    "convnext_large": {
        "top_1_accuracy": 0.42857142857142855,
        "top_5_accuracy": 0.7346938775510204
    },
    "convnext_xlarge": {
        "top_1_accuracy": 0.3469387755102041,
        "top_5_accuracy": 0.8775510204081632
    },
    "convnextv2_base": {
        "top_1_accuracy": 0.16326530612244897,
        "top_5_accuracy": 0.8163265306122449
    },
    "convnextv2_large": {
        "top_1_accuracy": 0.42857142857142855,
        "top_5_accuracy": 0.8163265306122449
    },
    "average": {
        "top_1_accuracy": 0.2915451895043732,
        "top_5_accuracy": 0.772594752186589
    }
}