,top_1_accuracy,top_5_accuracy
ssl_resnet50,0.02040816326530612,0.40816326530612246
convnext_small,0.40816326530612246,0.8367346938775511
convnext_base,0.24489795918367346,0.9183673469387755
convnext_large,0.42857142857142855,0.7346938775510204
convnext_xlarge,0.3469387755102041,0.8775510204081632
convnextv2_base,0.16326530612244897,0.8163265306122449
convnextv2_large,0.42857142857142855,0.8163265306122449
average,0.2915451895043732,0.772594752186589
