{
    "resnet34": {
        "top_1_accuracy": 0.4812330009066183,
        "top_5_accuracy": 0.6618313689936537
    },
    "resnet50": {
        "top_1_accuracy": 0.5298277425203989,
        "top_5_accuracy": 0.6966455122393472
    },
    "resnet101": {
        "top_1_accuracy": 0.570988213961922,
        "top_5_accuracy": 0.7214868540344515
    },
    "inception_v3": {
        "top_1_accuracy": 0.5401631912964642,
        "top_5_accuracy": 0.7307343608340888
    },
    "inception_v4": {
        "top_1_accuracy": 0.5559383499546691,
        "top_5_accuracy": 0.7450589301903898
    },
    "efficientnetv2_rw_s": {
        "top_1_accuracy": 0.5766092475067996,
        "top_5_accuracy": 0.7543064369900272
    },
    "efficientnetv2_rw_m": {
        "top_1_accuracy": 0.643155031731641,
        "top_5_accuracy": 0.8105167724388033
    },
    "efficientnet_b2": {
        "top_1_accuracy": 0.5093381686310063,
        "top_5_accuracy": 0.7156844968268359
    },
    "efficientnet_b3": {
        "top_1_accuracy": 0.5778785131459655,
        "top_5_accuracy": 0.7682683590208522
    },
    "efficientnet_b4": {
        "top_1_accuracy": 0.614868540344515,
        "top_5_accuracy": 0.7934723481414324
    },
    "average": {
        "top_1_accuracy": 0.56,
        "top_5_accuracy": 0.7398005439709883
    }
}