,top_1_accuracy,top_5_accuracy
ssl_resnet50,0.5468721668177697,0.7628286491387126
convnext_small,0.643336355394379,0.8121486854034452
convnext_base,0.6941069809610154,0.8587488667271079
convnext_large,0.7187669990933817,0.871078875793291
convnext_xlarge,0.727833182230281,0.8776065276518585
convnextv2_base,0.6948322756119674,0.8504079782411604
convnextv2_large,0.7124206708975521,0.8601994560290118
average,0.6768812330009066,0.841859862712084
