{
    "ssl_resnet50": {
        "top_1_accuracy": 0.6026082231479805,
        "top_5_accuracy": 0.8022097446114834
    },
    "convnext_small": {
        "top_1_accuracy": 0.7053070095997102,
        "top_5_accuracy": 0.8652418040210107
    },
    "convnext_base": {
        "top_1_accuracy": 0.7330193805470023,
        "top_5_accuracy": 0.8800941858358993
    },
    "convnext_large": {
        "top_1_accuracy": 0.7437058503894222,
        "top_5_accuracy": 0.8875203767433436
    },
    "convnext_xlarge": {
        "top_1_accuracy": 0.7576525991668176,
        "top_5_accuracy": 0.8980257199782649
    },
    "convnextv2_base": {
        "top_1_accuracy": 0.7263176960695527,
        "top_5_accuracy": 0.8730302481434523
    },
    "convnextv2_large": {
        "top_1_accuracy": 0.7341061401919942,
        "top_5_accuracy": 0.8786451729759102
    },
    "average": {
        "top_1_accuracy": 0.7146738427303543,
        "top_5_accuracy": 0.8692524646156234
    }
}