,top_1_accuracy,top_5_accuracy
ssl_resnet50,0.4364360738862731,0.6164433176385368
convnext_small,0.519558131111916,0.7267294458529518
convnext_base,0.5977906555595799,0.7560666425208258
convnext_large,0.646504889532778,0.8007968127490039
convnext_xlarge,0.6363636363636364,0.8123868163708801
convnextv2_base,0.6343716044911264,0.784136182542557
convnextv2_large,0.6533864541832669,0.8002535313292285
average,0.589201635018368,0.7566875355719977
