{
    "resnet34": {
        "top_1_accuracy": 0.559015206372194,
        "top_5_accuracy": 0.7452932657494569
    },
    "resnet50": {
        "top_1_accuracy": 0.5955829109341058,
        "top_5_accuracy": 0.7576031860970311
    },
    "resnet101": {
        "top_1_accuracy": 0.6154960173787111,
        "top_5_accuracy": 0.7796886314265026
    },
    "inception_v3": {
        "top_1_accuracy": 0.6048153511947864,
        "top_5_accuracy": 0.7892831281679942
    },
    "inception_v4": {
        "top_1_accuracy": 0.6526068066618392,
        "top_5_accuracy": 0.8124547429398986
    },
    "efficientnetv2_rw_s": {
        "top_1_accuracy": 0.6138667632150615,
        "top_5_accuracy": 0.7927226647356987
    },
    "efficientnetv2_rw_m": {
        "top_1_accuracy": 0.6743301955104997,
        "top_5_accuracy": 0.8406951484431572
    },
    "efficientnet_b2": {
        "top_1_accuracy": 0.5472483707458363,
        "top_5_accuracy": 0.7376900796524257
    },
    "efficientnet_b3": {
        "top_1_accuracy": 0.610789283128168,
        "top_5_accuracy": 0.7932657494569153
    },
    "efficientnet_b4": {
        "top_1_accuracy": 0.6479000724112962,
        "top_5_accuracy": 0.8151701665459812
    },
    "average": {
        "top_1_accuracy": 0.6121650977552499,
        "top_5_accuracy": 0.786386676321506
    }
}