,top_1_accuracy,top_5_accuracy
ssl_resnet50,0.5935916002896452,0.7947139753801593
convnext_small,0.693881245474294,0.8625995655322231
convnext_base,0.7257422157856626,0.8850470673425054
convnext_large,0.7380521361332368,0.888124547429399
convnext_xlarge,0.7581462708182476,0.9000724112961622
convnextv2_base,0.7264663287472846,0.8855901520637219
convnextv2_large,0.750724112961622,0.8913830557566981
average,0.7123719871728562,0.8725043964001242
