,top_1_accuracy,top_5_accuracy
ssl_resnet50,0.490316742081448,0.6704072398190045
convnext_small,0.6398190045248868,0.796923076923077
convnext_base,0.6838009049773756,0.8307692307692308
convnext_large,0.6953846153846154,0.834027149321267
convnext_xlarge,0.7055203619909503,0.8421719457013574
convnextv2_base,0.6707692307692308,0.8211764705882353
convnextv2_large,0.685972850678733,0.831131221719457
average,0.6530833872010343,0.8038009049773757
