{
    "ssl_resnet50": {
        "top_1_accuracy": 0.490316742081448,
        "top_5_accuracy": 0.6704072398190045
    },
    "convnext_small": {
        "top_1_accuracy": 0.6398190045248868,
        "top_5_accuracy": 0.796923076923077
    },
    "convnext_base": {
        "top_1_accuracy": 0.6838009049773756,
        "top_5_accuracy": 0.8307692307692308
    },
    "convnext_large": {
        "top_1_accuracy": 0.6953846153846154,
        "top_5_accuracy": 0.834027149321267
    },
    "convnext_xlarge": {
        "top_1_accuracy": 0.7055203619909503,
        "top_5_accuracy": 0.8421719457013574
    },
    "convnextv2_base": {
        "top_1_accuracy": 0.6707692307692308,
        "top_5_accuracy": 0.8211764705882353
    },
    "convnextv2_large": {
        "top_1_accuracy": 0.685972850678733,
        "top_5_accuracy": 0.831131221719457
    },
    "average": {
        "top_1_accuracy": 0.6530833872010343,
        "top_5_accuracy": 0.8038009049773757
    }
}