{
    "vit_small_patch16_224": {
        "top_1_accuracy": 0.46497737556561086,
        "top_5_accuracy": 0.6483257918552037
    },
    "vit_small_patch32_224": {
        "top_1_accuracy": 0.299185520361991,
        "top_5_accuracy": 0.4818099547511312
    },
    "vit_base_patch16_224": {
        "top_1_accuracy": 0.6155656108597285,
        "top_5_accuracy": 0.7916742081447964
    },
    "vit_base_patch32_224": {
        "top_1_accuracy": 0.3871493212669683,
        "top_5_accuracy": 0.5552941176470588
    },
    "vit_large_patch16_224": {
        "top_1_accuracy": 0.5990950226244344,
        "top_5_accuracy": 0.7592760180995475
    },
    "vit_large_patch32_384": {
        "top_1_accuracy": 0.47294117647058825,
        "top_5_accuracy": 0.6521266968325792
    },
    "beit_base_patch16_224": {
        "top_1_accuracy": 0.5795475113122172,
        "top_5_accuracy": 0.7462443438914027
    },
    "beit_large_patch16_224": {
        "top_1_accuracy": 0.6590045248868778,
        "top_5_accuracy": 0.8001809954751131
    },
    "beitv2_base_patch16_224": {
        "top_1_accuracy": 0.6403619909502263,
        "top_5_accuracy": 0.8
    },
    "beitv2_large_patch16_224": {
        "top_1_accuracy": 0.7053393665158371,
        "top_5_accuracy": 0.8559276018099548
    },
    "beit3_base_patch16_224": {
        "top_1_accuracy": 0.6124886877828054,
        "top_5_accuracy": 0.7916742081447964
    },
    "beit3_large_patch16_224": {
        "top_1_accuracy": 0.6649773755656109,
        "top_5_accuracy": 0.8342081447963801
    },
    "deit_small_patch16_224": {
        "top_1_accuracy": 0.4001809954751131,
        "top_5_accuracy": 0.5992760180995476
    },
    "deit_base_patch16_224": {
        "top_1_accuracy": 0.4515837104072398,
        "top_5_accuracy": 0.6490497737556561
    },
    "deit3_small_patch16_224": {
        "top_1_accuracy": 0.5397285067873303,
        "top_5_accuracy": 0.7122171945701358
    },
    "deit3_medium_patch16_224": {
        "top_1_accuracy": 0.5471493212669684,
        "top_5_accuracy": 0.7415384615384616
    },
    "deit3_base_patch16_224": {
        "top_1_accuracy": 0.5998190045248869,
        "top_5_accuracy": 0.7596380090497737
    },
    "deit3_large_patch16_224": {
        "top_1_accuracy": 0.6059728506787331,
        "top_5_accuracy": 0.764524886877828
    },
    "average": {
        "top_1_accuracy": 0.5469482151835092,
        "top_5_accuracy": 0.7190548014077426
    }
}