{
    "resnet34": {
        "top_1_accuracy": 0.1836734693877551,
        "top_5_accuracy": 1.0
    },
    "resnet50": {
        "top_1_accuracy": 0.3877551020408163,
        "top_5_accuracy": 0.9795918367346939
    },
    "resnet101": {
        "top_1_accuracy": 0.24489795918367346,
        "top_5_accuracy": 1.0
    },
    "inception_v3": {
        "top_1_accuracy": 0.9795918367346939,
        "top_5_accuracy": 1.0
    },
    "inception_v4": {
        "top_1_accuracy": 0.6326530612244898,
        "top_5_accuracy": 1.0
    },
    "efficientnetv2_rw_s": {
        "top_1_accuracy": 0.7142857142857143,
        "top_5_accuracy": 1.0
    },
    "efficientnetv2_rw_m": {
        "top_1_accuracy": 0.5102040816326531,
        "top_5_accuracy": 1.0
    },
    "efficientnet_b2": {
        "top_1_accuracy": 0.4489795918367347,
        "top_5_accuracy": 0.8979591836734694
    },
    "efficientnet_b3": {
        "top_1_accuracy": 0.7346938775510204,
        "top_5_accuracy": 0.9795918367346939
    },
    "efficientnet_b4": {
        "top_1_accuracy": 0.9795918367346939,
        "top_5_accuracy": 1.0
    },
    "average": {
        "top_1_accuracy": 0.5816326530612245,
        "top_5_accuracy": 0.9857142857142858
    }
}