{
    "ssl_resnet50": {
        "top_1_accuracy": 0.7755102040816326,
        "top_5_accuracy": 0.9795918367346939
    },
    "convnext_small": {
        "top_1_accuracy": 0.4897959183673469,
        "top_5_accuracy": 1.0
    },
    "convnext_base": {
        "top_1_accuracy": 0.2653061224489796,
        "top_5_accuracy": 1.0
    },
    "convnext_large": {
        "top_1_accuracy": 0.12244897959183673,
        "top_5_accuracy": 0.9795918367346939
    },
    "convnext_xlarge": {
        "top_1_accuracy": 0.5102040816326531,
        "top_5_accuracy": 1.0
    },
    "convnextv2_base": {
        "top_1_accuracy": 0.5714285714285714,
        "top_5_accuracy": 1.0
    },
    "convnextv2_large": {
        "top_1_accuracy": 1.0,
        "top_5_accuracy": 1.0
    },
    "average": {
        "top_1_accuracy": 0.5335276967930029,
        "top_5_accuracy": 0.9941690962099126
    }
}