,top_1_accuracy,top_5_accuracy
ssl_resnet50,0.7755102040816326,0.9795918367346939
convnext_small,0.4897959183673469,1.0
convnext_base,0.2653061224489796,1.0
convnext_large,0.12244897959183673,0.9795918367346939
convnext_xlarge,0.5102040816326531,1.0
convnextv2_base,0.5714285714285714,1.0
convnextv2_large,1.0,1.0
average,0.5335276967930029,0.9941690962099126
