{
    "vit_small_patch16_224": {
        "top_1_accuracy": 0.46938775510204084,
        "top_5_accuracy": 1.0
    },
    "vit_small_patch32_224": {
        "top_1_accuracy": 0.9387755102040817,
        "top_5_accuracy": 1.0
    },
    "vit_base_patch16_224": {
        "top_1_accuracy": 0.2857142857142857,
        "top_5_accuracy": 1.0
    },
    "vit_base_patch32_224": {
        "top_1_accuracy": 0.3469387755102041,
        "top_5_accuracy": 0.8979591836734694
    },
    "vit_large_patch16_224": {
        "top_1_accuracy": 1.0,
        "top_5_accuracy": 1.0
    },
    "vit_large_patch32_384": {
        "top_1_accuracy": 0.9795918367346939,
        "top_5_accuracy": 1.0
    },
    "beit_base_patch16_224": {
        "top_1_accuracy": 0.7959183673469388,
        "top_5_accuracy": 1.0
    },
    "beit_large_patch16_224": {
        "top_1_accuracy": 0.5510204081632653,
        "top_5_accuracy": 1.0
    },
    "beitv2_base_patch16_224": {
        "top_1_accuracy": 0.6122448979591837,
        "top_5_accuracy": 1.0
    },
    "beitv2_large_patch16_224": {
        "top_1_accuracy": 0.2857142857142857,
        "top_5_accuracy": 1.0
    },
    "beit3_base_patch16_224": {
        "top_1_accuracy": 0.8571428571428571,
        "top_5_accuracy": 1.0
    },
    "beit3_large_patch16_224": {
        "top_1_accuracy": 0.6530612244897959,
        "top_5_accuracy": 1.0
    },
    "deit_small_patch16_224": {
        "top_1_accuracy": 0.1836734693877551,
        "top_5_accuracy": 1.0
    },
    "deit_base_patch16_224": {
        "top_1_accuracy": 0.5306122448979592,
        "top_5_accuracy": 1.0
    },
    "deit3_small_patch16_224": {
        "top_1_accuracy": 0.3877551020408163,
        "top_5_accuracy": 1.0
    },
    "deit3_medium_patch16_224": {
        "top_1_accuracy": 0.6122448979591837,
        "top_5_accuracy": 1.0
    },
    "deit3_base_patch16_224": {
        "top_1_accuracy": 0.24489795918367346,
        "top_5_accuracy": 1.0
    },
    "deit3_large_patch16_224": {
        "top_1_accuracy": 1.0,
        "top_5_accuracy": 1.0
    },
    "average": {
        "top_1_accuracy": 0.5963718820861676,
        "top_5_accuracy": 0.9943310657596373
    }
}