,top_1_accuracy,top_5_accuracy
ssl_resnet50,0.9722222222222222,1.0
convnext_small,0.9722222222222222,1.0
convnext_base,0.9722222222222222,1.0
convnext_large,0.9444444444444444,1.0
convnext_xlarge,0.9166666666666666,1.0
convnextv2_base,0.9444444444444444,1.0
convnextv2_large,0.9166666666666666,1.0
average,0.9484126984126985,1.0
