,top_1_accuracy,top_5_accuracy
ssl_resnet50,0.5314254664010143,0.7324760007245065
convnext_small,0.6319507335627603,0.8157942401738816
convnext_base,0.6842963231298678,0.8393406991487049
convnext_large,0.723057417134577,0.8625249049085311
convnext_xlarge,0.7310269878645173,0.8668719434884985
convnextv2_base,0.6808549175873936,0.8393406991487049
convnextv2_large,0.7007788444122441,0.8576344865060678
average,0.6690558128703392,0.8305689962998422
