,top_1_accuracy,top_5_accuracy
ssl_resnet50,0.6323129867777576,0.8243071907263178
convnext_small,0.7174424923021192,0.8625249049085311
convnext_base,0.7485962687918856,0.8909617822858178
convnext_large,0.7694258286542293,0.898931353015758
convnext_xlarge,0.7833725774316247,0.9094366962506792
convnextv2_base,0.7540300670168448,0.8877015033508422
convnextv2_large,0.7676145625792429,0.8951276942582865
average,0.7389706833648149,0.8812844463994617
