{
    "vit_small_patch16_224": {
        "top_1_accuracy": 0.5779750045281652,
        "top_5_accuracy": 0.7659844231117551
    },
    "vit_small_patch32_224": {
        "top_1_accuracy": 0.40862162651693534,
        "top_5_accuracy": 0.6214453903278392
    },
    "vit_base_patch16_224": {
        "top_1_accuracy": 0.7275855823220431,
        "top_5_accuracy": 0.8737547545734469
    },
    "vit_base_patch32_224": {
        "top_1_accuracy": 0.5272595544285456,
        "top_5_accuracy": 0.7226951639195798
    },
    "vit_large_patch16_224": {
        "top_1_accuracy": 0.7062126426372034,
        "top_5_accuracy": 0.8552798406085854
    },
    "vit_large_patch32_384": {
        "top_1_accuracy": 0.5176598442311175,
        "top_5_accuracy": 0.7158123528346314
    },
    "beit_base_patch16_224": {
        "top_1_accuracy": 0.6821228038398841,
        "top_5_accuracy": 0.8465857634486506
    },
    "beit_large_patch16_224": {
        "top_1_accuracy": 0.7484151421843869,
        "top_5_accuracy": 0.88534685745336
    },
    "beitv2_base_patch16_224": {
        "top_1_accuracy": 0.7442492302119181,
        "top_5_accuracy": 0.886795870313349
    },
    "beitv2_large_patch16_224": {
        "top_1_accuracy": 0.7705125882992212,
        "top_5_accuracy": 0.8965767071182756
    },
    "beit3_base_patch16_224": {
        "top_1_accuracy": 0.6819416772323854,
        "top_5_accuracy": 0.8364426734287267
    },
    "beit3_large_patch16_224": {
        "top_1_accuracy": 0.7636297772142728,
        "top_5_accuracy": 0.8790074261909074
    },
    "deit_small_patch16_224": {
        "top_1_accuracy": 0.603332729577975,
        "top_5_accuracy": 0.7819235645716356
    },
    "deit_base_patch16_224": {
        "top_1_accuracy": 0.6335808730302481,
        "top_5_accuracy": 0.7902553885165731
    },
    "deit3_small_patch16_224": {
        "top_1_accuracy": 0.666002535772505,
        "top_5_accuracy": 0.8186922658938598
    },
    "deit3_medium_patch16_224": {
        "top_1_accuracy": 0.7015033508422387,
        "top_5_accuracy": 0.8547364607860894
    },
    "deit3_base_patch16_224": {
        "top_1_accuracy": 0.7058503894222061,
        "top_5_accuracy": 0.8547364607860894
    },
    "deit3_large_patch16_224": {
        "top_1_accuracy": 0.7313892410795145,
        "top_5_accuracy": 0.861075892048542
    },
    "average": {
        "top_1_accuracy": 0.6609913662983758,
        "top_5_accuracy": 0.819285958662883
    }
}