{
    "resnet34": {
        "top_1_accuracy": 0.5923578413618255,
        "top_5_accuracy": 0.7620427381383557
    },
    "resnet50": {
        "top_1_accuracy": 0.6198840999637812,
        "top_5_accuracy": 0.7781600869250271
    },
    "resnet101": {
        "top_1_accuracy": 0.6374501992031872,
        "top_5_accuracy": 0.803694313654473
    },
    "inception_v3": {
        "top_1_accuracy": 0.6120970662803332,
        "top_5_accuracy": 0.7904744657732705
    },
    "inception_v4": {
        "top_1_accuracy": 0.6519377037305324,
        "top_5_accuracy": 0.8143788482433901
    },
    "efficientnetv2_rw_s": {
        "top_1_accuracy": 0.6398044186888808,
        "top_5_accuracy": 0.8196305686345527
    },
    "efficientnetv2_rw_m": {
        "top_1_accuracy": 0.6774719304599782,
        "top_5_accuracy": 0.8487866714958349
    },
    "efficientnet_b2": {
        "top_1_accuracy": 0.5880115900036219,
        "top_5_accuracy": 0.7801521187975371
    },
    "efficientnet_b3": {
        "top_1_accuracy": 0.654291923216226,
        "top_5_accuracy": 0.8214415067004709
    },
    "efficientnet_b4": {
        "top_1_accuracy": 0.6705903658094893,
        "top_5_accuracy": 0.8314016660630207
    },
    "average": {
        "top_1_accuracy": 0.6343897138717856,
        "top_5_accuracy": 0.8050162984425933
    }
}