,top_1_accuracy,top_5_accuracy
ssl_resnet50,0.596704092720029,0.7930097790655559
convnext_small,0.7100688156465049,0.8658094893154654
convnext_base,0.736327417602318,0.8866352770735241
convnext_large,0.7549800796812749,0.8931546541108294
convnext_xlarge,0.763672582397682,0.9031148134733792
convnextv2_base,0.7421224194132561,0.8895327779789931
convnextv2_large,0.7462875769648678,0.8913437160449112
average,0.7214518549179904,0.8746572152946656
