{
    "ssl_resnet50": {
        "top_1_accuracy": 0.567258883248731,
        "top_5_accuracy": 0.757070340826686
    },
    "convnext_small": {
        "top_1_accuracy": 0.6600797679477882,
        "top_5_accuracy": 0.8174401740391588
    },
    "convnext_base": {
        "top_1_accuracy": 0.712291515591008,
        "top_5_accuracy": 0.8649383611312546
    },
    "convnext_large": {
        "top_1_accuracy": 0.7394851341551849,
        "top_5_accuracy": 0.8781725888324873
    },
    "convnext_xlarge": {
        "top_1_accuracy": 0.7360406091370558,
        "top_5_accuracy": 0.8779912980420594
    },
    "convnextv2_base": {
        "top_1_accuracy": 0.7108411892675852,
        "top_5_accuracy": 0.8633067440174039
    },
    "convnextv2_large": {
        "top_1_accuracy": 0.7218999274836838,
        "top_5_accuracy": 0.8736403190717912
    },
    "average": {
        "top_1_accuracy": 0.6925567181187197,
        "top_5_accuracy": 0.8475085465658345
    }
}