,top_1_accuracy,top_5_accuracy
ssl_resnet50,0.567258883248731,0.757070340826686
convnext_small,0.6600797679477882,0.8174401740391588
convnext_base,0.712291515591008,0.8649383611312546
convnext_large,0.7394851341551849,0.8781725888324873
convnext_xlarge,0.7360406091370558,0.8779912980420594
convnextv2_base,0.7108411892675852,0.8633067440174039
convnextv2_large,0.7218999274836838,0.8736403190717912
average,0.6925567181187197,0.8475085465658345
