{
    "vit_small_patch16_224": {
        "top_1_accuracy": 0.478788977519942,
        "top_5_accuracy": 0.6711385061638869
    },
    "vit_small_patch32_224": {
        "top_1_accuracy": 0.2717548948513416,
        "top_5_accuracy": 0.43364757070340826
    },
    "vit_base_patch16_224": {
        "top_1_accuracy": 0.6484771573604061,
        "top_5_accuracy": 0.8181653372008701
    },
    "vit_base_patch32_224": {
        "top_1_accuracy": 0.3729151559100798,
        "top_5_accuracy": 0.543691080493111
    },
    "vit_large_patch16_224": {
        "top_1_accuracy": 0.6138506163886874,
        "top_5_accuracy": 0.7721174764321972
    },
    "vit_large_patch32_384": {
        "top_1_accuracy": 0.46519216823785353,
        "top_5_accuracy": 0.6535532994923858
    },
    "beit_base_patch16_224": {
        "top_1_accuracy": 0.6334300217548948,
        "top_5_accuracy": 0.8011240029006527
    },
    "beit_large_patch16_224": {
        "top_1_accuracy": 0.6809282088469906,
        "top_5_accuracy": 0.831399564902103
    },
    "beitv2_base_patch16_224": {
        "top_1_accuracy": 0.6744017403915881,
        "top_5_accuracy": 0.8377447425670775
    },
    "beitv2_large_patch16_224": {
        "top_1_accuracy": 0.7331399564902102,
        "top_5_accuracy": 0.8770848440899203
    },
    "beit3_base_patch16_224": {
        "top_1_accuracy": 0.6145757795503989,
        "top_5_accuracy": 0.8063814358230602
    },
    "beit3_large_patch16_224": {
        "top_1_accuracy": 0.6330674401740392,
        "top_5_accuracy": 0.8594996374184192
    },
    "deit_small_patch16_224": {
        "top_1_accuracy": 0.4865844815083394,
        "top_5_accuracy": 0.6914430746918057
    },
    "deit_base_patch16_224": {
        "top_1_accuracy": 0.5030819434372734,
        "top_5_accuracy": 0.7260696156635243
    },
    "deit3_small_patch16_224": {
        "top_1_accuracy": 0.6058738216098623,
        "top_5_accuracy": 0.7576142131979695
    },
    "deit3_medium_patch16_224": {
        "top_1_accuracy": 0.588469905728789,
        "top_5_accuracy": 0.7652284263959391
    },
    "deit3_base_patch16_224": {
        "top_1_accuracy": 0.6156635242929659,
        "top_5_accuracy": 0.7962291515591008
    },
    "deit3_large_patch16_224": {
        "top_1_accuracy": 0.6464829586656998,
        "top_5_accuracy": 0.8054749818709209
    },
    "average": {
        "top_1_accuracy": 0.5703710418177423,
        "top_5_accuracy": 0.7470892756425752
    }
}