,top_1_accuracy,top_5_accuracy
ssl_resnet50,0.6221940622737147,0.8225923244026068
convnext_small,0.7090876176683563,0.8707458363504706
convnext_base,0.7367849384503983,0.889210716871832
convnext_large,0.7557929036929761,0.9000724112961622
convnext_xlarge,0.7700941346850109,0.9017016654598118
convnextv2_base,0.7366039102099927,0.8899348298334541
convnextv2_large,0.7552498189717596,0.8953656770456191
average,0.7265439122788869,0.8813747801799937
