{
    "vit_small_patch16_224": {
        "top_1_accuracy": 0.5702389572773353,
        "top_5_accuracy": 0.7720854453294714
    },
    "vit_small_patch32_224": {
        "top_1_accuracy": 0.3727371469949312,
        "top_5_accuracy": 0.5765749456915279
    },
    "vit_base_patch16_224": {
        "top_1_accuracy": 0.7081824764663287,
        "top_5_accuracy": 0.8647719044170891
    },
    "vit_base_patch32_224": {
        "top_1_accuracy": 0.4842505430847212,
        "top_5_accuracy": 0.6772266473569877
    },
    "vit_large_patch16_224": {
        "top_1_accuracy": 0.6685372918175235,
        "top_5_accuracy": 0.8282041998551775
    },
    "vit_large_patch32_384": {
        "top_1_accuracy": 0.5211803041274439,
        "top_5_accuracy": 0.7060101375814627
    },
    "beit_base_patch16_224": {
        "top_1_accuracy": 0.6784938450398262,
        "top_5_accuracy": 0.8455829109341058
    },
    "beit_large_patch16_224": {
        "top_1_accuracy": 0.7318971759594497,
        "top_5_accuracy": 0.8830557566980449
    },
    "beitv2_base_patch16_224": {
        "top_1_accuracy": 0.7170528602461984,
        "top_5_accuracy": 0.8694786386676322
    },
    "beitv2_large_patch16_224": {
        "top_1_accuracy": 0.7572411296162201,
        "top_5_accuracy": 0.8899348298334541
    },
    "beit3_base_patch16_224": {
        "top_1_accuracy": 0.6866401158580738,
        "top_5_accuracy": 0.8482983345401882
    },
    "beit3_large_patch16_224": {
        "top_1_accuracy": 0.7300868935553947,
        "top_5_accuracy": 0.8801593048515568
    },
    "deit_small_patch16_224": {
        "top_1_accuracy": 0.5751267197682839,
        "top_5_accuracy": 0.7711803041274439
    },
    "deit_base_patch16_224": {
        "top_1_accuracy": 0.6243664011585808,
        "top_5_accuracy": 0.803584359160029
    },
    "deit3_small_patch16_224": {
        "top_1_accuracy": 0.6466328747284577,
        "top_5_accuracy": 0.8115496017378712
    },
    "deit3_medium_patch16_224": {
        "top_1_accuracy": 0.6725199131064447,
        "top_5_accuracy": 0.8347212165097755
    },
    "deit3_base_patch16_224": {
        "top_1_accuracy": 0.6746922519913107,
        "top_5_accuracy": 0.8408761766835626
    },
    "deit3_large_patch16_224": {
        "top_1_accuracy": 0.7018464880521361,
        "top_5_accuracy": 0.8493845039826213
    },
    "average": {
        "top_1_accuracy": 0.6400957438249254,
        "top_5_accuracy": 0.8084821787754444
    }
}