,top_1_accuracy,top_5_accuracy
ssl_resnet50,0.5811006517016655,0.8012309920347574
convnext_small,0.666183924692252,0.8506517016654598
convnext_base,0.723388848660391,0.8906589427950761
convnext_large,0.7461984069514844,0.8993482983345402
convnext_xlarge,0.75362056480811,0.9000724112961622
convnextv2_base,0.7168718320057929,0.8801593048515568
convnextv2_large,0.7440260680666184,0.8855901520637219
average,0.7044843281266162,0.8725302575773249
