{
    "ssl_resnet50": {
        "top_1_accuracy": 0.5716615328863924,
        "top_5_accuracy": 0.7874614966479435
    },
    "convnext_small": {
        "top_1_accuracy": 0.6974089508969016,
        "top_5_accuracy": 0.8561333574922994
    },
    "convnext_base": {
        "top_1_accuracy": 0.7298423627468744,
        "top_5_accuracy": 0.8865736546475811
    },
    "convnext_large": {
        "top_1_accuracy": 0.7483239717340098,
        "top_5_accuracy": 0.8925529987316543
    },
    "convnext_xlarge": {
        "top_1_accuracy": 0.7668055807211451,
        "top_5_accuracy": 0.9075919550643232
    },
    "convnextv2_base": {
        "top_1_accuracy": 0.7269432868273238,
        "top_5_accuracy": 0.8786011958688168
    },
    "convnextv2_large": {
        "top_1_accuracy": 0.7528537778583076,
        "top_5_accuracy": 0.8885667693422722
    },
    "average": {
        "top_1_accuracy": 0.7134056376672792,
        "top_5_accuracy": 0.8710687753992701
    }
}