,top_1_accuracy,top_5_accuracy
ssl_resnet50,0.5716615328863924,0.7874614966479435
convnext_small,0.6974089508969016,0.8561333574922994
convnext_base,0.7298423627468744,0.8865736546475811
convnext_large,0.7483239717340098,0.8925529987316543
convnext_xlarge,0.7668055807211451,0.9075919550643232
convnextv2_base,0.7269432868273238,0.8786011958688168
convnextv2_large,0.7528537778583076,0.8885667693422722
average,0.7134056376672792,0.8710687753992701
