{
    "ssl_resnet50": {
        "top_1_accuracy": 0.9444444444444444,
        "top_5_accuracy": 1.0
    },
    "convnext_small": {
        "top_1_accuracy": 0.7777777777777778,
        "top_5_accuracy": 1.0
    },
    "convnext_base": {
        "top_1_accuracy": 0.9444444444444444,
        "top_5_accuracy": 1.0
    },
    "convnext_large": {
        "top_1_accuracy": 0.6944444444444444,
        "top_5_accuracy": 1.0
    },
    "convnext_xlarge": {
        "top_1_accuracy": 0.9722222222222222,
        "top_5_accuracy": 1.0
    },
    "convnextv2_base": {
        "top_1_accuracy": 0.9722222222222222,
        "top_5_accuracy": 1.0
    },
    "convnextv2_large": {
        "top_1_accuracy": 0.9444444444444444,
        "top_5_accuracy": 1.0
    },
    "average": {
        "top_1_accuracy": 0.892857142857143,
        "top_5_accuracy": 1.0
    }
}