,top_1_accuracy,top_5_accuracy
ssl_resnet50,0.9444444444444444,1.0
convnext_small,0.7777777777777778,1.0
convnext_base,0.9444444444444444,1.0
convnext_large,0.6944444444444444,1.0
convnext_xlarge,0.9722222222222222,1.0
convnextv2_base,0.9722222222222222,1.0
convnextv2_large,0.9444444444444444,1.0
average,0.892857142857143,1.0
