,top_1_accuracy,top_5_accuracy
ssl_resnet50,0.4867705690467561,0.6614715476621964
convnext_small,0.590431315694092,0.7535338890902501
convnext_base,0.6174338528452338,0.7839797027908663
convnext_large,0.6609278724175426,0.8156940920623414
convnext_xlarge,0.6855744835085176,0.8392533526640087
convnextv2_base,0.6437114896701703,0.8055454874954694
convnextv2_large,0.6583907212758245,0.7984777093149692
average,0.6204629006368767,0.7797079687257289
