{
    "ssl_resnet50": {
        "top_1_accuracy": 0.5687092095721538,
        "top_5_accuracy": 0.7728426395939086
    },
    "convnext_small": {
        "top_1_accuracy": 0.6548223350253807,
        "top_5_accuracy": 0.8332124728063814
    },
    "convnext_base": {
        "top_1_accuracy": 0.7336838288614939,
        "top_5_accuracy": 0.8872371283538796
    },
    "convnext_large": {
        "top_1_accuracy": 0.7364031907179115,
        "top_5_accuracy": 0.887962291515591
    },
    "convnext_xlarge": {
        "top_1_accuracy": 0.7550761421319797,
        "top_5_accuracy": 0.8990210297316896
    },
    "convnextv2_base": {
        "top_1_accuracy": 0.7151921682378535,
        "top_5_accuracy": 0.871464829586657
    },
    "convnextv2_large": {
        "top_1_accuracy": 0.7443799854967368,
        "top_5_accuracy": 0.8899564902102973
    },
    "average": {
        "top_1_accuracy": 0.7011809800062156,
        "top_5_accuracy": 0.8630995545426291
    }
}