,top_1_accuracy,top_5_accuracy
ssl_resnet50,0.5687092095721538,0.7728426395939086
convnext_small,0.6548223350253807,0.8332124728063814
convnext_base,0.7336838288614939,0.8872371283538796
convnext_large,0.7364031907179115,0.887962291515591
convnext_xlarge,0.7550761421319797,0.8990210297316896
convnextv2_base,0.7151921682378535,0.871464829586657
convnextv2_large,0.7443799854967368,0.8899564902102973
average,0.7011809800062156,0.8630995545426291
