{
    "resnet34": {
        "top_1_accuracy": 0.3611111111111111,
        "top_5_accuracy": 0.6944444444444444
    },
    "resnet50": {
        "top_1_accuracy": 0.5833333333333334,
        "top_5_accuracy": 1.0
    },
    "resnet101": {
        "top_1_accuracy": 0.3888888888888889,
        "top_5_accuracy": 0.7222222222222222
    },
    "inception_v3": {
        "top_1_accuracy": 0.3611111111111111,
        "top_5_accuracy": 0.6666666666666666
    },
    "inception_v4": {
        "top_1_accuracy": 0.4722222222222222,
        "top_5_accuracy": 1.0
    },
    "efficientnetv2_rw_s": {
        "top_1_accuracy": 0.7222222222222222,
        "top_5_accuracy": 1.0
    },
    "efficientnetv2_rw_m": {
        "top_1_accuracy": 0.6666666666666666,
        "top_5_accuracy": 1.0
    },
    "efficientnet_b2": {
        "top_1_accuracy": 0.25,
        "top_5_accuracy": 0.6666666666666666
    },
    "efficientnet_b3": {
        "top_1_accuracy": 0.4444444444444444,
        "top_5_accuracy": 0.6666666666666666
    },
    "efficientnet_b4": {
        "top_1_accuracy": 0.6388888888888888,
        "top_5_accuracy": 1.0
    },
    "average": {
        "top_1_accuracy": 0.48888888888888893,
        "top_5_accuracy": 0.8416666666666668
    }
}