,top_1_accuracy,top_5_accuracy
ssl_resnet50,0.3333333333333333,1.0
convnext_small,0.6666666666666666,1.0
convnext_base,0.6388888888888888,1.0
convnext_large,0.6666666666666666,1.0
convnext_xlarge,0.6666666666666666,1.0
convnextv2_base,0.6666666666666666,1.0
convnextv2_large,0.6666666666666666,1.0
average,0.615079365079365,1.0
