,top_1_accuracy,top_5_accuracy
ssl_resnet50,0.4597285067873303,0.6369230769230769
convnext_small,0.6057918552036199,0.7974660633484163
convnext_base,0.6432579185520362,0.8343891402714932
convnext_large,0.7160180995475113,0.853393665158371
convnext_xlarge,0.6939366515837104,0.865158371040724
convnextv2_base,0.6284162895927602,0.8255203619909502
convnextv2_large,0.6745701357466063,0.8419909502262444
average,0.6316742081447962,0.8078345184227537
