,top_1_accuracy,top_5_accuracy
ssl_resnet50,0.6069552617279478,0.7982249592465133
convnext_small,0.7091106683571816,0.8643361709835174
convnext_base,0.7516754211193625,0.8963955805107771
convnext_large,0.7601883716717985,0.8996558594457525
convnext_xlarge,0.7757652599166818,0.9041840246332187
convnextv2_base,0.7368230393044738,0.8835355913783735
convnextv2_large,0.7558413330918312,0.8884260097808369
average,0.7280513364556109,0.8763940279969983
