,top_1_accuracy,top_5_accuracy
ssl_resnet50,0.4887762490948588,0.6871832005792904
convnext_small,0.5809196234612599,0.7465604634322954
convnext_base,0.6585807385952208,0.8157132512671977
convnext_large,0.664011585807386,0.8193338160753078
convnext_xlarge,0.7031136857349747,0.8410572049239682
convnextv2_base,0.6439174511223751,0.7977914554670529
convnextv2_large,0.6730629978276611,0.8126357711803042
average,0.6303403330919624,0.7886107375607737
