{
    "resnet34": {
        "top_1_accuracy": 0.0,
        "top_5_accuracy": 0.0
    },
    "resnet50": {
        "top_1_accuracy": 0.0,
        "top_5_accuracy": 0.0
    },
    "resnet101": {
        "top_1_accuracy": 0.0,
        "top_5_accuracy": 0.027777777777777776
    },
    "inception_v3": {
        "top_1_accuracy": 0.0,
        "top_5_accuracy": 0.08333333333333333
    },
    "inception_v4": {
        "top_1_accuracy": 0.0,
        "top_5_accuracy": 0.08333333333333333
    },
    "efficientnetv2_rw_s": {
        "top_1_accuracy": 0.0,
        "top_5_accuracy": 0.0
    },
    "efficientnetv2_rw_m": {
        "top_1_accuracy": 0.0,
        "top_5_accuracy": 0.05555555555555555
    },
    "efficientnet_b2": {
        "top_1_accuracy": 0.0,
        "top_5_accuracy": 0.027777777777777776
    },
    "efficientnet_b3": {
        "top_1_accuracy": 0.0,
        "top_5_accuracy": 0.0
    },
    "efficientnet_b4": {
        "top_1_accuracy": 0.0,
        "top_5_accuracy": 0.027777777777777776
    },
    "average": {
        "top_1_accuracy": 0.0,
        "top_5_accuracy": 0.030555555555555558
    }
}