,top_1_accuracy,top_5_accuracy
resnet34,0.0,0.0
resnet50,0.0,0.0
resnet101,0.0,0.027777777777777776
inception_v3,0.0,0.08333333333333333
inception_v4,0.0,0.08333333333333333
efficientnetv2_rw_s,0.0,0.0
efficientnetv2_rw_m,0.0,0.05555555555555555
efficientnet_b2,0.0,0.027777777777777776
efficientnet_b3,0.0,0.0
efficientnet_b4,0.0,0.027777777777777776
average,0.0,0.030555555555555558
