,top_1_accuracy,top_5_accuracy
ssl_resnet50,0.0,0.0
convnext_small,0.5833333333333334,1.0
convnext_base,0.1388888888888889,0.8333333333333334
convnext_large,0.0,0.7777777777777778
convnext_xlarge,0.05555555555555555,0.9166666666666666
convnextv2_base,0.027777777777777776,0.9166666666666666
convnextv2_large,0.5833333333333334,0.8888888888888888
average,0.19841269841269843,0.761904761904762
