{
    "ssl_resnet50": {
        "top_1_accuracy": 0.0,
        "top_5_accuracy": 0.0
    },
    "convnext_small": {
        "top_1_accuracy": 0.5833333333333334,
        "top_5_accuracy": 1.0
    },
    "convnext_base": {
        "top_1_accuracy": 0.1388888888888889,
        "top_5_accuracy": 0.8333333333333334
    },
    "convnext_large": {
        "top_1_accuracy": 0.0,
        "top_5_accuracy": 0.7777777777777778
    },
    "convnext_xlarge": {
        "top_1_accuracy": 0.05555555555555555,
        "top_5_accuracy": 0.9166666666666666
    },
    "convnextv2_base": {
        "top_1_accuracy": 0.027777777777777776,
        "top_5_accuracy": 0.9166666666666666
    },
    "convnextv2_large": {
        "top_1_accuracy": 0.5833333333333334,
        "top_5_accuracy": 0.8888888888888888
    },
    "average": {
        "top_1_accuracy": 0.19841269841269843,
        "top_5_accuracy": 0.761904761904762
    }
}