,top_1_accuracy,top_5_accuracy
ssl_resnet50,0.499184339314845,0.7007431575131412
convnext_small,0.635852818560812,0.8015225666122893
convnext_base,0.6867862969004894,0.8421243429400036
convnext_large,0.7065434112742432,0.8560812035526554
convnext_xlarge,0.7290193945985137,0.8693130324451694
convnextv2_base,0.6788109479789741,0.8283487402573863
convnextv2_large,0.6971179989124524,0.8361428312488671
average,0.6619021725057614,0.8191822677956445
