,top_1_accuracy,top_5_accuracy
ssl_resnet50,0.47449348769898697,0.6403762662807525
convnext_small,0.625,0.784370477568741
convnext_base,0.6617221418234442,0.8100578871201157
convnext_large,0.7009768451519537,0.8382778581765558
convnext_xlarge,0.7311866859623734,0.8616136034732272
convnextv2_base,0.6950072358900145,0.8261577424023154
convnextv2_large,0.7185238784370478,0.8451519536903039
average,0.6581300392805458,0.8008579698160017
