{
    "ssl_resnet50": {
        "top_1_accuracy": 0.47449348769898697,
        "top_5_accuracy": 0.6403762662807525
    },
    "convnext_small": {
        "top_1_accuracy": 0.625,
        "top_5_accuracy": 0.784370477568741
    },
    "convnext_base": {
        "top_1_accuracy": 0.6617221418234442,
        "top_5_accuracy": 0.8100578871201157
    },
    "convnext_large": {
        "top_1_accuracy": 0.7009768451519537,
        "top_5_accuracy": 0.8382778581765558
    },
    "convnext_xlarge": {
        "top_1_accuracy": 0.7311866859623734,
        "top_5_accuracy": 0.8616136034732272
    },
    "convnextv2_base": {
        "top_1_accuracy": 0.6950072358900145,
        "top_5_accuracy": 0.8261577424023154
    },
    "convnextv2_large": {
        "top_1_accuracy": 0.7185238784370478,
        "top_5_accuracy": 0.8451519536903039
    },
    "average": {
        "top_1_accuracy": 0.6581300392805458,
        "top_5_accuracy": 0.8008579698160017
    }
}