{
    "vit_small_patch16_224": {
        "top_1_accuracy": 0.5833333333333334,
        "top_5_accuracy": 0.9166666666666666
    },
    "vit_small_patch32_224": {
        "top_1_accuracy": 0.3055555555555556,
        "top_5_accuracy": 0.6388888888888888
    },
    "vit_base_patch16_224": {
        "top_1_accuracy": 1.0,
        "top_5_accuracy": 1.0
    },
    "vit_base_patch32_224": {
        "top_1_accuracy": 0.5277777777777778,
        "top_5_accuracy": 0.6944444444444444
    },
    "vit_large_patch16_224": {
        "top_1_accuracy": 0.9444444444444444,
        "top_5_accuracy": 1.0
    },
    "vit_large_patch32_384": {
        "top_1_accuracy": 0.6666666666666666,
        "top_5_accuracy": 0.9722222222222222
    },
    "beit_base_patch16_224": {
        "top_1_accuracy": 0.9722222222222222,
        "top_5_accuracy": 1.0
    },
    "beit_large_patch16_224": {
        "top_1_accuracy": 1.0,
        "top_5_accuracy": 1.0
    },
    "beitv2_base_patch16_224": {
        "top_1_accuracy": 1.0,
        "top_5_accuracy": 1.0
    },
    "beitv2_large_patch16_224": {
        "top_1_accuracy": 1.0,
        "top_5_accuracy": 1.0
    },
    "beit3_base_patch16_224": {
        "top_1_accuracy": 1.0,
        "top_5_accuracy": 1.0
    },
    "beit3_large_patch16_224": {
        "top_1_accuracy": 1.0,
        "top_5_accuracy": 1.0
    },
    "deit_small_patch16_224": {
        "top_1_accuracy": 0.9722222222222222,
        "top_5_accuracy": 1.0
    },
    "deit_base_patch16_224": {
        "top_1_accuracy": 0.9722222222222222,
        "top_5_accuracy": 1.0
    },
    "deit3_small_patch16_224": {
        "top_1_accuracy": 0.8611111111111112,
        "top_5_accuracy": 1.0
    },
    "deit3_medium_patch16_224": {
        "top_1_accuracy": 1.0,
        "top_5_accuracy": 1.0
    },
    "deit3_base_patch16_224": {
        "top_1_accuracy": 1.0,
        "top_5_accuracy": 1.0
    },
    "deit3_large_patch16_224": {
        "top_1_accuracy": 1.0,
        "top_5_accuracy": 1.0
    },
    "average": {
        "top_1_accuracy": 0.8780864197530865,
        "top_5_accuracy": 0.95679012345679
    }
}