,top_1_accuracy,top_5_accuracy
ssl_resnet50,0.4356094910342329,0.642274950190183
convnext_small,0.5527984060858541,0.7161746060496287
convnext_base,0.593189639558051,0.7545734468393407
convnext_large,0.636660025357725,0.7898931353015758
convnext_xlarge,0.6502445209201232,0.7982249592465133
convnextv2_base,0.5741713457706937,0.7232385437420757
convnextv2_large,0.6151059590653867,0.766527802934251
average,0.5796827696845809,0.7415582063290813
