,top_1_accuracy,top_5_accuracy
ssl_resnet50,0.4947501810282404,0.6781317885590152
convnext_small,0.5988414192614048,0.7541636495293266
convnext_base,0.6777697320782042,0.8272990586531499
convnext_large,0.6915278783490224,0.8329109341057205
convnext_xlarge,0.7056480811006517,0.8470311368573498
convnextv2_base,0.6571325126719768,0.7916364952932657
convnextv2_large,0.6826574945691528,0.8198769007965243
average,0.644046757008379,0.7930071376849074
