,top_1_accuracy,top_5_accuracy
ssl_resnet50,0.45074248460702643,0.6504889532777979
convnext_small,0.5833031510322347,0.7799710249909453
convnext_base,0.6238681637088012,0.7940963419051068
convnext_large,0.624049257515393,0.8040565012676566
convnext_xlarge,0.6629844259326331,0.8219847881202463
convnextv2_base,0.63672582397682,0.7950018109380659
convnextv2_large,0.6680550525172039,0.8290474465773271
average,0.6071040513271588,0.7820924095824494
