{
    "resnet34": {
        "top_1_accuracy": 0.42844202898550726,
        "top_5_accuracy": 0.596195652173913
    },
    "resnet50": {
        "top_1_accuracy": 0.48387681159420287,
        "top_5_accuracy": 0.6652173913043479
    },
    "resnet101": {
        "top_1_accuracy": 0.5014492753623189,
        "top_5_accuracy": 0.6938405797101449
    },
    "inception_v3": {
        "top_1_accuracy": 0.4871376811594203,
        "top_5_accuracy": 0.6666666666666666
    },
    "inception_v4": {
        "top_1_accuracy": 0.557427536231884,
        "top_5_accuracy": 0.7253623188405797
    },
    "efficientnetv2_rw_s": {
        "top_1_accuracy": 0.4990942028985507,
        "top_5_accuracy": 0.6755434782608696
    },
    "efficientnetv2_rw_m": {
        "top_1_accuracy": 0.38913043478260867,
        "top_5_accuracy": 0.6784420289855072
    },
    "efficientnet_b2": {
        "top_1_accuracy": 0.4286231884057971,
        "top_5_accuracy": 0.6173913043478261
    },
    "efficientnet_b3": {
        "top_1_accuracy": 0.5134057971014493,
        "top_5_accuracy": 0.6990942028985507
    },
    "efficientnet_b4": {
        "top_1_accuracy": 0.5666666666666667,
        "top_5_accuracy": 0.7425724637681159
    },
    "average": {
        "top_1_accuracy": 0.4855253623188405,
        "top_5_accuracy": 0.6760326086956521
    }
}