,top_1_accuracy,top_5_accuracy
ssl_resnet50,0.5027173913043478,0.7085144927536232
convnext_small,0.5322463768115943,0.7556159420289855
convnext_base,0.6592391304347827,0.8307971014492753
convnext_large,0.4702898550724638,0.8195652173913044
convnext_xlarge,0.41630434782608694,0.8365942028985507
convnextv2_base,0.4990942028985507,0.8019927536231884
convnextv2_large,0.3661231884057971,0.7923913043478261
average,0.492287784679089,0.7922101449275363
