{
    "ssl_resnet50": {
        "top_1_accuracy": 0.4641304347826087,
        "top_5_accuracy": 0.6572463768115943
    },
    "convnext_small": {
        "top_1_accuracy": 0.5378623188405797,
        "top_5_accuracy": 0.6905797101449276
    },
    "convnext_base": {
        "top_1_accuracy": 0.5902173913043478,
        "top_5_accuracy": 0.736231884057971
    },
    "convnext_large": {
        "top_1_accuracy": 0.6239130434782608,
        "top_5_accuracy": 0.7719202898550724
    },
    "convnext_xlarge": {
        "top_1_accuracy": 0.6273550724637681,
        "top_5_accuracy": 0.7768115942028986
    },
    "convnextv2_base": {
        "top_1_accuracy": 0.5822463768115942,
        "top_5_accuracy": 0.7235507246376811
    },
    "convnextv2_large": {
        "top_1_accuracy": 0.6271739130434782,
        "top_5_accuracy": 0.7605072463768116
    },
    "average": {
        "top_1_accuracy": 0.5789855072463768,
        "top_5_accuracy": 0.7309782608695653
    }
}