,top_1_accuracy,top_5_accuracy
ssl_resnet50,0.4641304347826087,0.6572463768115943
convnext_small,0.5378623188405797,0.6905797101449276
convnext_base,0.5902173913043478,0.736231884057971
convnext_large,0.6239130434782608,0.7719202898550724
convnext_xlarge,0.6273550724637681,0.7768115942028986
convnextv2_base,0.5822463768115942,0.7235507246376811
convnextv2_large,0.6271739130434782,0.7605072463768116
average,0.5789855072463768,0.7309782608695653
