,top_1_accuracy,top_5_accuracy
ssl_resnet50,0.5679884120948759,0.7648017381857686
convnext_small,0.6567083107007061,0.8207495926127105
convnext_base,0.7048705413724425,0.866376969038566
convnext_large,0.7356509143581387,0.8774216911099041
convnext_xlarge,0.7559297483251856,0.8971573420242622
convnextv2_base,0.7099402498642042,0.8515299655984067
convnextv2_large,0.7202607278652906,0.8647474198804997
average,0.693049843511549,0.848969245492874
