,top_1_accuracy,top_5_accuracy
ssl_resnet50,0.4437601883716718,0.6500633943126245
convnext_small,0.5066111211737004,0.7270422024995472
convnext_base,0.5767071182756747,0.7757652599166818
convnext_large,0.5960876652780294,0.7980438326390147
convnext_xlarge,0.5930085129505525,0.8013041115739902
convnextv2_base,0.4781742437964137,0.728128962144539
convnextv2_large,0.5303387067560225,0.7438869769969209
average,0.5320982223717236,0.7463192485833311
