{
    "resnet34": {
        "top_1_accuracy": 0.24489795918367346,
        "top_5_accuracy": 0.5918367346938775
    },
    "resnet50": {
        "top_1_accuracy": 0.02040816326530612,
        "top_5_accuracy": 0.5102040816326531
    },
    "resnet101": {
        "top_1_accuracy": 0.0,
        "top_5_accuracy": 0.5510204081632653
    },
    "inception_v3": {
        "top_1_accuracy": 0.12244897959183673,
        "top_5_accuracy": 0.30612244897959184
    },
    "inception_v4": {
        "top_1_accuracy": 0.04081632653061224,
        "top_5_accuracy": 0.6122448979591837
    },
    "efficientnetv2_rw_s": {
        "top_1_accuracy": 0.10204081632653061,
        "top_5_accuracy": 0.7142857142857143
    },
    "efficientnetv2_rw_m": {
        "top_1_accuracy": 0.02040816326530612,
        "top_5_accuracy": 0.8979591836734694
    },
    "efficientnet_b2": {
        "top_1_accuracy": 0.0,
        "top_5_accuracy": 0.30612244897959184
    },
    "efficientnet_b3": {
        "top_1_accuracy": 0.08163265306122448,
        "top_5_accuracy": 0.5918367346938775
    },
    "efficientnet_b4": {
        "top_1_accuracy": 0.0,
        "top_5_accuracy": 0.673469387755102
    },
    "average": {
        "top_1_accuracy": 0.06326530612244897,
        "top_5_accuracy": 0.5755102040816327
    }
}