,top_1_accuracy,top_5_accuracy
ssl_resnet50,0.12244897959183673,0.7142857142857143
convnext_small,0.0,1.0
convnext_base,0.9183673469387755,1.0
convnext_large,0.5714285714285714,0.9387755102040817
convnext_xlarge,0.0,1.0
convnextv2_base,0.2857142857142857,0.9591836734693877
convnextv2_large,0.30612244897959184,1.0
average,0.31486880466472306,0.9446064139941692
