{
    "ssl_resnet50": {
        "top_1_accuracy": 0.12244897959183673,
        "top_5_accuracy": 0.7142857142857143
    },
    "convnext_small": {
        "top_1_accuracy": 0.0,
        "top_5_accuracy": 1.0
    },
    "convnext_base": {
        "top_1_accuracy": 0.9183673469387755,
        "top_5_accuracy": 1.0
    },
    "convnext_large": {
        "top_1_accuracy": 0.5714285714285714,
        "top_5_accuracy": 0.9387755102040817
    },
    "convnext_xlarge": {
        "top_1_accuracy": 0.0,
        "top_5_accuracy": 1.0
    },
    "convnextv2_base": {
        "top_1_accuracy": 0.2857142857142857,
        "top_5_accuracy": 0.9591836734693877
    },
    "convnextv2_large": {
        "top_1_accuracy": 0.30612244897959184,
        "top_5_accuracy": 1.0
    },
    "average": {
        "top_1_accuracy": 0.31486880466472306,
        "top_5_accuracy": 0.9446064139941692
    }
}