,top_1_accuracy,top_5_accuracy
ssl_resnet50,0.49710354815351193,0.7590514120202752
convnext_small,0.48008689355539463,0.8329109341057205
convnext_base,0.6488052136133237,0.8539102099927589
convnext_large,0.6804851556842868,0.8778059377262853
convnext_xlarge,0.6918899348298334,0.8819695872556119
convnextv2_base,0.6348660391020999,0.8546343229543809
convnextv2_large,0.7034757422157857,0.8837798696596669
average,0.6195303610220337,0.8491517533878141
