{
    "ssl_resnet50": {
        "top_1_accuracy": 0.49710354815351193,
        "top_5_accuracy": 0.7590514120202752
    },
    "convnext_small": {
        "top_1_accuracy": 0.48008689355539463,
        "top_5_accuracy": 0.8329109341057205
    },
    "convnext_base": {
        "top_1_accuracy": 0.6488052136133237,
        "top_5_accuracy": 0.8539102099927589
    },
    "convnext_large": {
        "top_1_accuracy": 0.6804851556842868,
        "top_5_accuracy": 0.8778059377262853
    },
    "convnext_xlarge": {
        "top_1_accuracy": 0.6918899348298334,
        "top_5_accuracy": 0.8819695872556119
    },
    "convnextv2_base": {
        "top_1_accuracy": 0.6348660391020999,
        "top_5_accuracy": 0.8546343229543809
    },
    "convnextv2_large": {
        "top_1_accuracy": 0.7034757422157857,
        "top_5_accuracy": 0.8837798696596669
    },
    "average": {
        "top_1_accuracy": 0.6195303610220337,
        "top_5_accuracy": 0.8491517533878141
    }
}