{
    "vit_small_patch16_224": {
        "top_1_accuracy": 0.3779869659666908,
        "top_5_accuracy": 0.692795076031861
    },
    "vit_small_patch32_224": {
        "top_1_accuracy": 0.3580738595220854,
        "top_5_accuracy": 0.5916002896451846
    },
    "vit_base_patch16_224": {
        "top_1_accuracy": 0.531679942070963,
        "top_5_accuracy": 0.8631426502534395
    },
    "vit_base_patch32_224": {
        "top_1_accuracy": 0.4107530774800869,
        "top_5_accuracy": 0.6567704561911658
    },
    "vit_large_patch16_224": {
        "top_1_accuracy": 0.5181028240405503,
        "top_5_accuracy": 0.7907313540912382
    },
    "vit_large_patch32_384": {
        "top_1_accuracy": 0.4721216509775525,
        "top_5_accuracy": 0.7074583635047067
    },
    "beit_base_patch16_224": {
        "top_1_accuracy": 0.5231716147719044,
        "top_5_accuracy": 0.806118754525706
    },
    "beit_large_patch16_224": {
        "top_1_accuracy": 0.6594858797972484,
        "top_5_accuracy": 0.8569876900796525
    },
    "beitv2_base_patch16_224": {
        "top_1_accuracy": 0.5490586531498913,
        "top_5_accuracy": 0.8385228095582911
    },
    "beitv2_large_patch16_224": {
        "top_1_accuracy": 0.6962346125995655,
        "top_5_accuracy": 0.8915640839971035
    },
    "beit3_base_patch16_224": {
        "top_1_accuracy": 0.56118754525706,
        "top_5_accuracy": 0.8635047067342505
    },
    "beit3_large_patch16_224": {
        "top_1_accuracy": 0.4375452570601014,
        "top_5_accuracy": 0.8928312816799421
    },
    "deit_small_patch16_224": {
        "top_1_accuracy": 0.4527516292541636,
        "top_5_accuracy": 0.7586893555394641
    },
    "deit_base_patch16_224": {
        "top_1_accuracy": 0.5195510499637943,
        "top_5_accuracy": 0.7778783490224475
    },
    "deit3_small_patch16_224": {
        "top_1_accuracy": 0.5595582910934106,
        "top_5_accuracy": 0.782041998551774
    },
    "deit3_medium_patch16_224": {
        "top_1_accuracy": 0.5505068790731354,
        "top_5_accuracy": 0.8215061549601738
    },
    "deit3_base_patch16_224": {
        "top_1_accuracy": 0.5633598841419262,
        "top_5_accuracy": 0.8311006517016655
    },
    "deit3_large_patch16_224": {
        "top_1_accuracy": 0.6250905141202028,
        "top_5_accuracy": 0.8392469225199131
    },
    "average": {
        "top_1_accuracy": 0.5203455627966851,
        "top_5_accuracy": 0.7923606082548876
    }
}