,top_1_accuracy,top_5_accuracy
ssl_resnet50,0.2783710407239819,0.6365610859728507
convnext_small,0.49538461538461537,0.7404524886877828
convnext_base,0.5107692307692308,0.7708597285067873
convnext_large,0.5849773755656109,0.8070588235294117
convnext_xlarge,0.6173755656108597,0.8184615384615385
convnextv2_base,0.6079638009049774,0.7961990950226244
convnextv2_large,0.6448868778280543,0.8108597285067873
average,0.5342469295410471,0.7686360698125404
