{
    "ssl_resnet50": {
        "top_1_accuracy": 0.2783710407239819,
        "top_5_accuracy": 0.6365610859728507
    },
    "convnext_small": {
        "top_1_accuracy": 0.49538461538461537,
        "top_5_accuracy": 0.7404524886877828
    },
    "convnext_base": {
        "top_1_accuracy": 0.5107692307692308,
        "top_5_accuracy": 0.7708597285067873
    },
    "convnext_large": {
        "top_1_accuracy": 0.5849773755656109,
        "top_5_accuracy": 0.8070588235294117
    },
    "convnext_xlarge": {
        "top_1_accuracy": 0.6173755656108597,
        "top_5_accuracy": 0.8184615384615385
    },
    "convnextv2_base": {
        "top_1_accuracy": 0.6079638009049774,
        "top_5_accuracy": 0.7961990950226244
    },
    "convnextv2_large": {
        "top_1_accuracy": 0.6448868778280543,
        "top_5_accuracy": 0.8108597285067873
    },
    "average": {
        "top_1_accuracy": 0.5342469295410471,
        "top_5_accuracy": 0.7686360698125404
    }
}