{
    "resnet34": {
        "top_1_accuracy": 0.5109661047670836,
        "top_5_accuracy": 0.696936740982418
    },
    "resnet50": {
        "top_1_accuracy": 0.5682436106579662,
        "top_5_accuracy": 0.7252129780677905
    },
    "resnet101": {
        "top_1_accuracy": 0.575131411999275,
        "top_5_accuracy": 0.736994743520029
    },
    "inception_v3": {
        "top_1_accuracy": 0.5481239804241436,
        "top_5_accuracy": 0.7380822911002356
    },
    "inception_v4": {
        "top_1_accuracy": 0.5901758201921334,
        "top_5_accuracy": 0.7688961392060902
    },
    "efficientnetv2_rw_s": {
        "top_1_accuracy": 0.5657059996374841,
        "top_5_accuracy": 0.719231466376654
    },
    "efficientnetv2_rw_m": {
        "top_1_accuracy": 0.6137393510966105,
        "top_5_accuracy": 0.7643646909552293
    },
    "efficientnet_b2": {
        "top_1_accuracy": 0.46075765814754394,
        "top_5_accuracy": 0.6556099329345659
    },
    "efficientnet_b3": {
        "top_1_accuracy": 0.5852818560812035,
        "top_5_accuracy": 0.7730650715968823
    },
    "efficientnet_b4": {
        "top_1_accuracy": 0.609389160775784,
        "top_5_accuracy": 0.7819467101685699
    },
    "average": {
        "top_1_accuracy": 0.5627514953779228,
        "top_5_accuracy": 0.7360340764908464
    }
}