,top_1_accuracy,top_5_accuracy
ssl_resnet50,0.5336233460213884,0.7487765089722676
convnext_small,0.6690230197571144,0.8297988036976618
convnext_base,0.6898676817110748,0.8442994381004169
convnext_large,0.720500271886895,0.8551749139024832
convnext_xlarge,0.716331339496103,0.843936922240348
convnextv2_base,0.6827986224397318,0.8305238354177995
convnextv2_large,0.7012869313032445,0.8417618270799347
average,0.6733473160879361,0.827753178487273
