,top_1_accuracy,top_5_accuracy
resnet34,0.6326530612244898,0.9795918367346939
resnet50,0.9387755102040817,1.0
resnet101,1.0,1.0
inception_v3,0.8367346938775511,1.0
inception_v4,0.7346938775510204,1.0
efficientnetv2_rw_s,0.9591836734693877,1.0
efficientnetv2_rw_m,1.0,1.0
efficientnet_b2,0.5714285714285714,0.9591836734693877
efficientnet_b3,0.9591836734693877,1.0
efficientnet_b4,0.8367346938775511,1.0
average,0.846938775510204,0.9938775510204081
