,top_1_accuracy,top_5_accuracy
ssl_resnet50,0.48904580843744344,0.6976281006699258
convnext_small,0.5391997103023719,0.7566539923954373
convnext_base,0.643490856418613,0.8107912366467499
convnext_large,0.6404128191200434,0.812963968857505
convnext_xlarge,0.6661234836139779,0.8225602027883396
convnextv2_base,0.5942422596414992,0.7887017925040739
convnextv2_large,0.6110809342748507,0.8060836501901141
average,0.5976565531155428,0.7850547062931638
