{
    "ssl_resnet50": {
        "top_1_accuracy": 0.48904580843744344,
        "top_5_accuracy": 0.6976281006699258
    },
    "convnext_small": {
        "top_1_accuracy": 0.5391997103023719,
        "top_5_accuracy": 0.7566539923954373
    },
    "convnext_base": {
        "top_1_accuracy": 0.643490856418613,
        "top_5_accuracy": 0.8107912366467499
    },
    "convnext_large": {
        "top_1_accuracy": 0.6404128191200434,
        "top_5_accuracy": 0.812963968857505
    },
    "convnext_xlarge": {
        "top_1_accuracy": 0.6661234836139779,
        "top_5_accuracy": 0.8225602027883396
    },
    "convnextv2_base": {
        "top_1_accuracy": 0.5942422596414992,
        "top_5_accuracy": 0.7887017925040739
    },
    "convnextv2_large": {
        "top_1_accuracy": 0.6110809342748507,
        "top_5_accuracy": 0.8060836501901141
    },
    "average": {
        "top_1_accuracy": 0.5976565531155428,
        "top_5_accuracy": 0.7850547062931638
    }
}