{
    "vit_small_patch16_224": {
        "top_1_accuracy": 0.37986601484700344,
        "top_5_accuracy": 0.5725149375339489
    },
    "vit_small_patch32_224": {
        "top_1_accuracy": 0.20532319391634982,
        "top_5_accuracy": 0.3842114792685135
    },
    "vit_base_patch16_224": {
        "top_1_accuracy": 0.5368459170740539,
        "top_5_accuracy": 0.7834510229947492
    },
    "vit_base_patch32_224": {
        "top_1_accuracy": 0.2884302009777295,
        "top_5_accuracy": 0.47492304906753574
    },
    "vit_large_patch16_224": {
        "top_1_accuracy": 0.4957450660872714,
        "top_5_accuracy": 0.694731124388919
    },
    "vit_large_patch32_384": {
        "top_1_accuracy": 0.3449212384573601,
        "top_5_accuracy": 0.5486148832156437
    },
    "beit_base_patch16_224": {
        "top_1_accuracy": 0.5205504254933913,
        "top_5_accuracy": 0.708310700706138
    },
    "beit_large_patch16_224": {
        "top_1_accuracy": 0.5641861307260547,
        "top_5_accuracy": 0.7675176534492124
    },
    "beitv2_base_patch16_224": {
        "top_1_accuracy": 0.6043816766250226,
        "top_5_accuracy": 0.77729494839761
    },
    "beitv2_large_patch16_224": {
        "top_1_accuracy": 0.5958718087995655,
        "top_5_accuracy": 0.8133260908926309
    },
    "beit3_base_patch16_224": {
        "top_1_accuracy": 0.5201883034582654,
        "top_5_accuracy": 0.7579214195183777
    },
    "beit3_large_patch16_224": {
        "top_1_accuracy": 0.5420966865833786,
        "top_5_accuracy": 0.8171283722614521
    },
    "deit_small_patch16_224": {
        "top_1_accuracy": 0.4392540286076408,
        "top_5_accuracy": 0.6414991852254209
    },
    "deit_base_patch16_224": {
        "top_1_accuracy": 0.49610718812239724,
        "top_5_accuracy": 0.6874886836864024
    },
    "deit3_small_patch16_224": {
        "top_1_accuracy": 0.5279739272134709,
        "top_5_accuracy": 0.6889371718269056
    },
    "deit3_medium_patch16_224": {
        "top_1_accuracy": 0.5355784899511136,
        "top_5_accuracy": 0.7300380228136882
    },
    "deit3_base_patch16_224": {
        "top_1_accuracy": 0.5678073510773131,
        "top_5_accuracy": 0.7530327720441788
    },
    "deit3_large_patch16_224": {
        "top_1_accuracy": 0.5721528154988231,
        "top_5_accuracy": 0.7673365924316494
    },
    "average": {
        "top_1_accuracy": 0.4854044701953447,
        "top_5_accuracy": 0.6871265616512765
    }
}