{
    "ssl_resnet50": {
        "top_1_accuracy": 0.5727223329107046,
        "top_5_accuracy": 0.7648976634667632
    },
    "convnext_small": {
        "top_1_accuracy": 0.6779568918674154,
        "top_5_accuracy": 0.8348125339612389
    },
    "convnext_base": {
        "top_1_accuracy": 0.7091106683571816,
        "top_5_accuracy": 0.8545553341785909
    },
    "convnext_large": {
        "top_1_accuracy": 0.723600796957073,
        "top_5_accuracy": 0.8608947654410433
    },
    "convnext_xlarge": {
        "top_1_accuracy": 0.7444303568194168,
        "top_5_accuracy": 0.8811809454808911
    },
    "convnextv2_base": {
        "top_1_accuracy": 0.7150878464046369,
        "top_5_accuracy": 0.857996739721065
    },
    "convnextv2_large": {
        "top_1_accuracy": 0.7062126426372034,
        "top_5_accuracy": 0.8482159029161384
    },
    "average": {
        "top_1_accuracy": 0.6927316479933759,
        "top_5_accuracy": 0.8432219835951044
    }
}