,top_1_accuracy,top_5_accuracy
ssl_resnet50,0.5727223329107046,0.7648976634667632
convnext_small,0.6779568918674154,0.8348125339612389
convnext_base,0.7091106683571816,0.8545553341785909
convnext_large,0.723600796957073,0.8608947654410433
convnext_xlarge,0.7444303568194168,0.8811809454808911
convnextv2_base,0.7150878464046369,0.857996739721065
convnextv2_large,0.7062126426372034,0.8482159029161384
average,0.6927316479933759,0.8432219835951044
