{
    "vit_small_patch16_224": {
        "top_1_accuracy": 0.525991668176055,
        "top_5_accuracy": 0.7067560224596994
    },
    "vit_small_patch32_224": {
        "top_1_accuracy": 0.35863068284731026,
        "top_5_accuracy": 0.5424741894584314
    },
    "vit_base_patch16_224": {
        "top_1_accuracy": 0.6386524180402101,
        "top_5_accuracy": 0.8290164825212823
    },
    "vit_base_patch32_224": {
        "top_1_accuracy": 0.468936786813983,
        "top_5_accuracy": 0.655859445752581
    },
    "vit_large_patch16_224": {
        "top_1_accuracy": 0.636660025357725,
        "top_5_accuracy": 0.7920666545915594
    },
    "vit_large_patch32_384": {
        "top_1_accuracy": 0.49900380365875746,
        "top_5_accuracy": 0.6823039304473827
    },
    "beit_base_patch16_224": {
        "top_1_accuracy": 0.651331280565115,
        "top_5_accuracy": 0.8157942401738816
    },
    "beit_large_patch16_224": {
        "top_1_accuracy": 0.7002354645897483,
        "top_5_accuracy": 0.8407897120086941
    },
    "beitv2_base_patch16_224": {
        "top_1_accuracy": 0.6915413874298134,
        "top_5_accuracy": 0.8460423836261547
    },
    "beitv2_large_patch16_224": {
        "top_1_accuracy": 0.7351928998369861,
        "top_5_accuracy": 0.8712189820684658
    },
    "beit3_base_patch16_224": {
        "top_1_accuracy": 0.656402825575077,
        "top_5_accuracy": 0.8194167723238543
    },
    "beit3_large_patch16_224": {
        "top_1_accuracy": 0.6779568918674154,
        "top_5_accuracy": 0.855460967216084
    },
    "deit_small_patch16_224": {
        "top_1_accuracy": 0.5488136207208839,
        "top_5_accuracy": 0.7255931896395581
    },
    "deit_base_patch16_224": {
        "top_1_accuracy": 0.5631226227132766,
        "top_5_accuracy": 0.7234196703495743
    },
    "deit3_small_patch16_224": {
        "top_1_accuracy": 0.6397391776852019,
        "top_5_accuracy": 0.7873573627965949
    },
    "deit3_medium_patch16_224": {
        "top_1_accuracy": 0.6591197246875566,
        "top_5_accuracy": 0.8071001630139467
    },
    "deit3_base_patch16_224": {
        "top_1_accuracy": 0.6717985872124616,
        "top_5_accuracy": 0.8166998732113747
    },
    "deit3_large_patch16_224": {
        "top_1_accuracy": 0.6766890056149248,
        "top_5_accuracy": 0.8275674696612932
    },
    "average": {
        "top_1_accuracy": 0.6111010485218056,
        "top_5_accuracy": 0.7747187506289118
    }
}