,top_1_accuracy,top_5_accuracy
resnet34,0.19444444444444445,0.9722222222222222
resnet50,0.4444444444444444,1.0
resnet101,0.3888888888888889,1.0
inception_v3,1.0,1.0
inception_v4,0.7777777777777778,1.0
efficientnetv2_rw_s,0.7777777777777778,1.0
efficientnetv2_rw_m,0.4166666666666667,1.0
efficientnet_b2,0.4444444444444444,1.0
efficientnet_b3,0.8611111111111112,0.9722222222222222
efficientnet_b4,0.9722222222222222,1.0
average,0.6277777777777778,0.9944444444444445
