{
    "resnet34": {
        "top_1_accuracy": 0.19444444444444445,
        "top_5_accuracy": 0.9722222222222222
    },
    "resnet50": {
        "top_1_accuracy": 0.4444444444444444,
        "top_5_accuracy": 1.0
    },
    "resnet101": {
        "top_1_accuracy": 0.3888888888888889,
        "top_5_accuracy": 1.0
    },
    "inception_v3": {
        "top_1_accuracy": 1.0,
        "top_5_accuracy": 1.0
    },
    "inception_v4": {
        "top_1_accuracy": 0.7777777777777778,
        "top_5_accuracy": 1.0
    },
    "efficientnetv2_rw_s": {
        "top_1_accuracy": 0.7777777777777778,
        "top_5_accuracy": 1.0
    },
    "efficientnetv2_rw_m": {
        "top_1_accuracy": 0.4166666666666667,
        "top_5_accuracy": 1.0
    },
    "efficientnet_b2": {
        "top_1_accuracy": 0.4444444444444444,
        "top_5_accuracy": 1.0
    },
    "efficientnet_b3": {
        "top_1_accuracy": 0.8611111111111112,
        "top_5_accuracy": 0.9722222222222222
    },
    "efficientnet_b4": {
        "top_1_accuracy": 0.9722222222222222,
        "top_5_accuracy": 1.0
    },
    "average": {
        "top_1_accuracy": 0.6277777777777778,
        "top_5_accuracy": 0.9944444444444445
    }
}