,top_1_accuracy,top_5_accuracy
ssl_resnet50,0.9166666666666666,1.0
convnext_small,0.5,1.0
convnext_base,0.3888888888888889,1.0
convnext_large,0.16666666666666666,1.0
convnext_xlarge,0.6388888888888888,1.0
convnextv2_base,0.6666666666666666,1.0
convnextv2_large,1.0,1.0
average,0.6111111111111109,1.0
