{
    "vit_small_patch16_224": {
        "top_1_accuracy": 0.4722222222222222,
        "top_5_accuracy": 1.0
    },
    "vit_small_patch32_224": {
        "top_1_accuracy": 0.9722222222222222,
        "top_5_accuracy": 1.0
    },
    "vit_base_patch16_224": {
        "top_1_accuracy": 0.5833333333333334,
        "top_5_accuracy": 1.0
    },
    "vit_base_patch32_224": {
        "top_1_accuracy": 0.4166666666666667,
        "top_5_accuracy": 1.0
    },
    "vit_large_patch16_224": {
        "top_1_accuracy": 1.0,
        "top_5_accuracy": 1.0
    },
    "vit_large_patch32_384": {
        "top_1_accuracy": 0.9166666666666666,
        "top_5_accuracy": 1.0
    },
    "beit_base_patch16_224": {
        "top_1_accuracy": 0.7222222222222222,
        "top_5_accuracy": 1.0
    },
    "beit_large_patch16_224": {
        "top_1_accuracy": 0.7222222222222222,
        "top_5_accuracy": 1.0
    },
    "beitv2_base_patch16_224": {
        "top_1_accuracy": 0.6666666666666666,
        "top_5_accuracy": 1.0
    },
    "beitv2_large_patch16_224": {
        "top_1_accuracy": 0.3333333333333333,
        "top_5_accuracy": 1.0
    },
    "beit3_base_patch16_224": {
        "top_1_accuracy": 0.9444444444444444,
        "top_5_accuracy": 1.0
    },
    "beit3_large_patch16_224": {
        "top_1_accuracy": 0.5833333333333334,
        "top_5_accuracy": 1.0
    },
    "deit_small_patch16_224": {
        "top_1_accuracy": 0.2777777777777778,
        "top_5_accuracy": 1.0
    },
    "deit_base_patch16_224": {
        "top_1_accuracy": 0.5833333333333334,
        "top_5_accuracy": 1.0
    },
    "deit3_small_patch16_224": {
        "top_1_accuracy": 0.6388888888888888,
        "top_5_accuracy": 1.0
    },
    "deit3_medium_patch16_224": {
        "top_1_accuracy": 0.7222222222222222,
        "top_5_accuracy": 0.9722222222222222
    },
    "deit3_base_patch16_224": {
        "top_1_accuracy": 0.3333333333333333,
        "top_5_accuracy": 1.0
    },
    "deit3_large_patch16_224": {
        "top_1_accuracy": 0.9722222222222222,
        "top_5_accuracy": 1.0
    },
    "average": {
        "top_1_accuracy": 0.6589506172839505,
        "top_5_accuracy": 0.9984567901234568
    }
}