,top_1_accuracy,top_5_accuracy
resnet34,0.9166666666666666,1.0
resnet50,0.8333333333333334,1.0
resnet101,0.9444444444444444,1.0
inception_v3,0.75,1.0
inception_v4,0.8333333333333334,1.0
efficientnetv2_rw_s,1.0,1.0
efficientnetv2_rw_m,1.0,1.0
efficientnet_b2,1.0,1.0
efficientnet_b3,1.0,1.0
efficientnet_b4,1.0,1.0
average,0.9277777777777778,1.0
