{
    "resnet34": {
        "top_1_accuracy": 0.5565217391304348,
        "top_5_accuracy": 0.7373188405797102
    },
    "resnet50": {
        "top_1_accuracy": 0.6159420289855072,
        "top_5_accuracy": 0.7762681159420289
    },
    "resnet101": {
        "top_1_accuracy": 0.6126811594202899,
        "top_5_accuracy": 0.7889492753623188
    },
    "inception_v3": {
        "top_1_accuracy": 0.5592391304347826,
        "top_5_accuracy": 0.7434782608695653
    },
    "inception_v4": {
        "top_1_accuracy": 0.6086956521739131,
        "top_5_accuracy": 0.7807971014492754
    },
    "efficientnetv2_rw_s": {
        "top_1_accuracy": 0.6184782608695653,
        "top_5_accuracy": 0.7963768115942029
    },
    "efficientnetv2_rw_m": {
        "top_1_accuracy": 0.6760869565217391,
        "top_5_accuracy": 0.8416666666666667
    },
    "efficientnet_b2": {
        "top_1_accuracy": 0.5284420289855073,
        "top_5_accuracy": 0.7259057971014493
    },
    "efficientnet_b3": {
        "top_1_accuracy": 0.6175724637681159,
        "top_5_accuracy": 0.7969202898550725
    },
    "efficientnet_b4": {
        "top_1_accuracy": 0.633695652173913,
        "top_5_accuracy": 0.8007246376811594
    },
    "average": {
        "top_1_accuracy": 0.6027355072463768,
        "top_5_accuracy": 0.7788405797101449
    }
}