,top_1_accuracy,top_5_accuracy
ssl_resnet50,0.597463768115942,0.8001811594202899
convnext_small,0.6858695652173913,0.8518115942028985
convnext_base,0.7137681159420289,0.8715579710144927
convnext_large,0.7318840579710145,0.8753623188405797
convnext_xlarge,0.7447463768115942,0.8818840579710145
convnextv2_base,0.7141304347826087,0.8614130434782609
convnextv2_large,0.7306159420289855,0.8751811594202898
average,0.702639751552795,0.8596273291925466
