{
    "ssl_resnet50": {
        "top_1_accuracy": 0.597463768115942,
        "top_5_accuracy": 0.8001811594202899
    },
    "convnext_small": {
        "top_1_accuracy": 0.6858695652173913,
        "top_5_accuracy": 0.8518115942028985
    },
    "convnext_base": {
        "top_1_accuracy": 0.7137681159420289,
        "top_5_accuracy": 0.8715579710144927
    },
    "convnext_large": {
        "top_1_accuracy": 0.7318840579710145,
        "top_5_accuracy": 0.8753623188405797
    },
    "convnext_xlarge": {
        "top_1_accuracy": 0.7447463768115942,
        "top_5_accuracy": 0.8818840579710145
    },
    "convnextv2_base": {
        "top_1_accuracy": 0.7141304347826087,
        "top_5_accuracy": 0.8614130434782609
    },
    "convnextv2_large": {
        "top_1_accuracy": 0.7306159420289855,
        "top_5_accuracy": 0.8751811594202898
    },
    "average": {
        "top_1_accuracy": 0.702639751552795,
        "top_5_accuracy": 0.8596273291925466
    }
}