{
    "resnet34": {
        "top_1_accuracy": 0.5293691080493111,
        "top_5_accuracy": 0.6937998549673676
    },
    "resnet50": {
        "top_1_accuracy": 0.5775924583031182,
        "top_5_accuracy": 0.7376722262509064
    },
    "resnet101": {
        "top_1_accuracy": 0.612037708484409,
        "top_5_accuracy": 0.7681290790427846
    },
    "inception_v3": {
        "top_1_accuracy": 0.5061638868745467,
        "top_5_accuracy": 0.7055837563451777
    },
    "inception_v4": {
        "top_1_accuracy": 0.5866569978245105,
        "top_5_accuracy": 0.7509064539521393
    },
    "efficientnetv2_rw_s": {
        "top_1_accuracy": 0.5707034082668601,
        "top_5_accuracy": 0.7663161711385061
    },
    "efficientnetv2_rw_m": {
        "top_1_accuracy": 0.6633430021754895,
        "top_5_accuracy": 0.8167150108774475
    },
    "efficientnet_b2": {
        "top_1_accuracy": 0.5021754894851341,
        "top_5_accuracy": 0.6937998549673676
    },
    "efficientnet_b3": {
        "top_1_accuracy": 0.6029731689630167,
        "top_5_accuracy": 0.7880710659898477
    },
    "efficientnet_b4": {
        "top_1_accuracy": 0.6076867295141407,
        "top_5_accuracy": 0.7855329949238579
    },
    "average": {
        "top_1_accuracy": 0.5758701957940536,
        "top_5_accuracy": 0.7506526468455402
    }
}