{
    "ssl_resnet50": {
        "top_1_accuracy": 0.5489485134155185,
        "top_5_accuracy": 0.7596084118926758
    },
    "convnext_small": {
        "top_1_accuracy": 0.6874546773023931,
        "top_5_accuracy": 0.8446337926033357
    },
    "convnext_base": {
        "top_1_accuracy": 0.7057650471356055,
        "top_5_accuracy": 0.8575054387237129
    },
    "convnext_large": {
        "top_1_accuracy": 0.721718636693256,
        "top_5_accuracy": 0.8716461203770849
    },
    "convnext_xlarge": {
        "top_1_accuracy": 0.7454677302393038,
        "top_5_accuracy": 0.889050036258158
    },
    "convnextv2_base": {
        "top_1_accuracy": 0.7104786076867295,
        "top_5_accuracy": 0.8569615663524293
    },
    "convnextv2_large": {
        "top_1_accuracy": 0.7365844815083393,
        "top_5_accuracy": 0.8685641769398115
    },
    "average": {
        "top_1_accuracy": 0.6937739562830209,
        "top_5_accuracy": 0.8497099347353154
    }
}