,top_1_accuracy,top_5_accuracy
ssl_resnet50,0.5489485134155185,0.7596084118926758
convnext_small,0.6874546773023931,0.8446337926033357
convnext_base,0.7057650471356055,0.8575054387237129
convnext_large,0.721718636693256,0.8716461203770849
convnext_xlarge,0.7454677302393038,0.889050036258158
convnextv2_base,0.7104786076867295,0.8569615663524293
convnextv2_large,0.7365844815083393,0.8685641769398115
average,0.6937739562830209,0.8497099347353154
