{
    "resnet34": {
        "top_1_accuracy": 0.09716599190283401,
        "top_5_accuracy": 0.24696356275303644
    },
    "resnet50": {
        "top_1_accuracy": 0.11336032388663968,
        "top_5_accuracy": 0.29554655870445345
    },
    "resnet101": {
        "top_1_accuracy": 0.13360323886639677,
        "top_5_accuracy": 0.3562753036437247
    },
    "inception_v3": {
        "top_1_accuracy": 0.0931174089068826,
        "top_5_accuracy": 0.23076923076923078
    },
    "inception_v4": {
        "top_1_accuracy": 0.08097165991902834,
        "top_5_accuracy": 0.2550607287449393
    },
    "efficientnetv2_rw_s": {
        "top_1_accuracy": 0.12550607287449392,
        "top_5_accuracy": 0.3117408906882591
    },
    "efficientnetv2_rw_m": {
        "top_1_accuracy": 0.12550607287449392,
        "top_5_accuracy": 0.3319838056680162
    },
    "efficientnet_b2": {
        "top_1_accuracy": 0.10526315789473684,
        "top_5_accuracy": 0.291497975708502
    },
    "efficientnet_b3": {
        "top_1_accuracy": 0.11740890688259109,
        "top_5_accuracy": 0.27125506072874495
    },
    "efficientnet_b4": {
        "top_1_accuracy": 0.11336032388663968,
        "top_5_accuracy": 0.3117408906882591
    },
    "average": {
        "top_1_accuracy": 0.1105263157894737,
        "top_5_accuracy": 0.29028340080971654
    }
}