,top_1_accuracy,top_5_accuracy
ssl_resnet50,0.5613335749229933,0.7617321978619315
convnext_small,0.6675122304765356,0.8264178293169052
convnext_base,0.7070121398804131,0.8617503170864287
convnext_large,0.7338285921362566,0.8786011958688168
convnext_xlarge,0.7488675484689256,0.8824062330132271
convnextv2_base,0.6800144953795978,0.8347526725856134
convnextv2_large,0.6995832578365646,0.8414567856495742
average,0.6854502627287553,0.8410167473403566
