{
    "vit_small_patch16_224": {
        "top_1_accuracy": 0.4694691067222323,
        "top_5_accuracy": 0.6628012321072658
    },
    "vit_small_patch32_224": {
        "top_1_accuracy": 0.3279579633991665,
        "top_5_accuracy": 0.5185722051096213
    },
    "vit_base_patch16_224": {
        "top_1_accuracy": 0.6542851965935857,
        "top_5_accuracy": 0.809929335024461
    },
    "vit_base_patch32_224": {
        "top_1_accuracy": 0.4125747418010509,
        "top_5_accuracy": 0.6031889835115057
    },
    "vit_large_patch16_224": {
        "top_1_accuracy": 0.6013770610617866,
        "top_5_accuracy": 0.750135894183729
    },
    "vit_large_patch32_384": {
        "top_1_accuracy": 0.4526182279398442,
        "top_5_accuracy": 0.6309113969922088
    },
    "beit_base_patch16_224": {
        "top_1_accuracy": 0.5673129190070665,
        "top_5_accuracy": 0.7492299329588694
    },
    "beit_large_patch16_224": {
        "top_1_accuracy": 0.6383402790360573,
        "top_5_accuracy": 0.7899981880775503
    },
    "beitv2_base_patch16_224": {
        "top_1_accuracy": 0.6544663888385577,
        "top_5_accuracy": 0.820438485232832
    },
    "beitv2_large_patch16_224": {
        "top_1_accuracy": 0.707374524370357,
        "top_5_accuracy": 0.8481608987135351
    },
    "beit3_base_patch16_224": {
        "top_1_accuracy": 0.5970284471824606,
        "top_5_accuracy": 0.7789454611342634
    },
    "beit3_large_patch16_224": {
        "top_1_accuracy": 0.623844899438304,
        "top_5_accuracy": 0.846167784018844
    },
    "deit_small_patch16_224": {
        "top_1_accuracy": 0.5096937851059975,
        "top_5_accuracy": 0.7037506794709186
    },
    "deit_base_patch16_224": {
        "top_1_accuracy": 0.562058343902881,
        "top_5_accuracy": 0.7320166696865374
    },
    "deit3_small_patch16_224": {
        "top_1_accuracy": 0.5838014132995107,
        "top_5_accuracy": 0.7550280847979707
    },
    "deit3_medium_patch16_224": {
        "top_1_accuracy": 0.6211270157637253,
        "top_5_accuracy": 0.795071570936764
    },
    "deit3_base_patch16_224": {
        "top_1_accuracy": 0.6416017394455518,
        "top_5_accuracy": 0.8003261460409494
    },
    "deit3_large_patch16_224": {
        "top_1_accuracy": 0.6571842725131365,
        "top_5_accuracy": 0.799238992571118
    },
    "average": {
        "top_1_accuracy": 0.5712286847456263,
        "top_5_accuracy": 0.7441062189204969
    }
}