,top_1_accuracy,top_5_accuracy
ssl_resnet50,0.5466232120224516,0.7383668296215825
convnext_small,0.6648560564910375,0.8319753757016114
convnext_base,0.694731124388919,0.855151185949665
convnext_large,0.7119319210573963,0.8594966503711751
convnext_xlarge,0.7345645482527612,0.8799565453557849
convnextv2_base,0.6874886836864024,0.8453738910012675
convnextv2_large,0.7131993481803368,0.857686040195546
average,0.6790564134399008,0.8382866454566618
