,top_1_accuracy,top_5_accuracy
ssl_resnet50,0.5489238560318321,0.7449810092240912
convnext_small,0.6527400976668475,0.8227527581841201
convnext_base,0.6977753662506783,0.8491589799240369
convnext_large,0.7142340387050099,0.8697775366250678
convnext_xlarge,0.7326822210164586,0.8768312533912099
convnextv2_base,0.6813166937963465,0.8361367335865437
convnextv2_large,0.7136914451076144,0.8592873937420872
average,0.6773376740821125,0.8369893806681654
