,top_1_accuracy,top_5_accuracy
resnet34,0.8367346938775511,1.0
resnet50,0.9183673469387755,1.0
resnet101,0.8775510204081632,1.0
inception_v3,0.7755102040816326,1.0
inception_v4,1.0,1.0
efficientnetv2_rw_s,1.0,1.0
efficientnetv2_rw_m,1.0,1.0
efficientnet_b2,0.8979591836734694,1.0
efficientnet_b3,0.9795918367346939,1.0
efficientnet_b4,0.9795918367346939,1.0
average,0.9265306122448977,1.0
