{
    "ssl_resnet50": {
        "top_1_accuracy": 0.5318840579710145,
        "top_5_accuracy": 0.7280797101449276
    },
    "convnext_small": {
        "top_1_accuracy": 0.48586956521739133,
        "top_5_accuracy": 0.7940217391304348
    },
    "convnext_base": {
        "top_1_accuracy": 0.5858695652173913,
        "top_5_accuracy": 0.8326086956521739
    },
    "convnext_large": {
        "top_1_accuracy": 0.5521739130434783,
        "top_5_accuracy": 0.8465579710144927
    },
    "convnext_xlarge": {
        "top_1_accuracy": 0.5606884057971014,
        "top_5_accuracy": 0.8597826086956522
    },
    "convnextv2_base": {
        "top_1_accuracy": 0.5956521739130435,
        "top_5_accuracy": 0.8460144927536232
    },
    "convnextv2_large": {
        "top_1_accuracy": 0.6326086956521739,
        "top_5_accuracy": 0.8563405797101449
    },
    "average": {
        "top_1_accuracy": 0.5635351966873706,
        "top_5_accuracy": 0.8233436853002071
    }
}