,top_1_accuracy,top_5_accuracy
ssl_resnet50,0.5318840579710145,0.7280797101449276
convnext_small,0.48586956521739133,0.7940217391304348
convnext_base,0.5858695652173913,0.8326086956521739
convnext_large,0.5521739130434783,0.8465579710144927
convnext_xlarge,0.5606884057971014,0.8597826086956522
convnextv2_base,0.5956521739130435,0.8460144927536232
convnextv2_large,0.6326086956521739,0.8563405797101449
average,0.5635351966873706,0.8233436853002071
