,top_1_accuracy,top_5_accuracy
ssl_resnet50,0.5848885667693423,0.7856495741982243
convnext_small,0.6963217974270701,0.8601195868816814
convnext_base,0.7325602464214531,0.8891103460771879
convnext_large,0.7427070121398804,0.8949084979162892
convnext_xlarge,0.7662620039862293,0.908135531799239
convnextv2_base,0.705019025185722,0.8680920456604457
convnextv2_large,0.7325602464214531,0.8849429244428338
average,0.7086169854787359,0.8701369295679859
