,top_1_accuracy,top_5_accuracy
ssl_resnet50,0.6130025353132923,0.8160086925027165
convnext_small,0.7102499094530967,0.8658094893154654
convnext_base,0.743208982252807,0.8924302788844621
convnext_large,0.7596885186526621,0.8976819992756248
convnext_xlarge,0.77145961608113,0.9036580948931546
convnextv2_base,0.731437884824339,0.8790293371966679
convnextv2_large,0.7466497645780514,0.893516841724013
average,0.7250996015936255,0.8783049619703006
