,top_1_accuracy,top_5_accuracy
ssl_resnet50,0.5758783049619703,0.7749003984063745
convnext_small,0.6972111553784861,0.8571169865990583
convnext_base,0.7167692864904021,0.8699746468670772
convnext_large,0.7517203911626222,0.8924302788844621
convnext_xlarge,0.7642158638174574,0.8978630930822166
convnextv2_base,0.7316189786309308,0.8748641796450561
convnextv2_large,0.7424846070264397,0.8748641796450561
average,0.7114140839240441,0.8631448233041857
