,top_1_accuracy,top_5_accuracy
ssl_resnet50,0.5843449900344265,0.7936220329769886
convnext_small,0.6716796521108896,0.8363834027903606
convnext_base,0.726399710092408,0.8793259648487045
convnext_large,0.7506794709186447,0.8853053089327777
convnext_xlarge,0.7622757745968473,0.9012502264903062
convnextv2_base,0.7162529443739808,0.865555354230839
convnextv2_large,0.7318354774415655,0.8849429244428338
average,0.7062097170812518,0.8637693163875443
