{
    "resnet34": {
        "top_1_accuracy": 0.22448979591836735,
        "top_5_accuracy": 0.2653061224489796
    },
    "resnet50": {
        "top_1_accuracy": 0.20408163265306123,
        "top_5_accuracy": 0.4489795918367347
    },
    "resnet101": {
        "top_1_accuracy": 0.46938775510204084,
        "top_5_accuracy": 0.5102040816326531
    },
    "inception_v3": {
        "top_1_accuracy": 0.4897959183673469,
        "top_5_accuracy": 0.5102040816326531
    },
    "inception_v4": {
        "top_1_accuracy": 0.40816326530612246,
        "top_5_accuracy": 0.4897959183673469
    },
    "efficientnetv2_rw_s": {
        "top_1_accuracy": 0.3469387755102041,
        "top_5_accuracy": 0.42857142857142855
    },
    "efficientnetv2_rw_m": {
        "top_1_accuracy": 0.4897959183673469,
        "top_5_accuracy": 0.5510204081632653
    },
    "efficientnet_b2": {
        "top_1_accuracy": 0.30612244897959184,
        "top_5_accuracy": 0.3877551020408163
    },
    "efficientnet_b3": {
        "top_1_accuracy": 0.5102040816326531,
        "top_5_accuracy": 0.5102040816326531
    },
    "efficientnet_b4": {
        "top_1_accuracy": 0.5102040816326531,
        "top_5_accuracy": 0.5510204081632653
    },
    "average": {
        "top_1_accuracy": 0.39591836734693875,
        "top_5_accuracy": 0.46530612244897956
    }
}