,top_1_accuracy,top_5_accuracy
ssl_resnet50,0.4489795918367347,0.5510204081632653
convnext_small,0.5510204081632653,0.5918367346938775
convnext_base,0.5714285714285714,0.5714285714285714
convnext_large,0.5918367346938775,0.6122448979591837
convnext_xlarge,0.5918367346938775,0.6122448979591837
convnextv2_base,0.673469387755102,0.6938775510204082
convnextv2_large,0.673469387755102,0.673469387755102
average,0.5860058309037901,0.6151603498542274
