{
    "ssl_resnet50": {
        "top_1_accuracy": 0.4489795918367347,
        "top_5_accuracy": 0.5510204081632653
    },
    "convnext_small": {
        "top_1_accuracy": 0.5510204081632653,
        "top_5_accuracy": 0.5918367346938775
    },
    "convnext_base": {
        "top_1_accuracy": 0.5714285714285714,
        "top_5_accuracy": 0.5714285714285714
    },
    "convnext_large": {
        "top_1_accuracy": 0.5918367346938775,
        "top_5_accuracy": 0.6122448979591837
    },
    "convnext_xlarge": {
        "top_1_accuracy": 0.5918367346938775,
        "top_5_accuracy": 0.6122448979591837
    },
    "convnextv2_base": {
        "top_1_accuracy": 0.673469387755102,
        "top_5_accuracy": 0.6938775510204082
    },
    "convnextv2_large": {
        "top_1_accuracy": 0.673469387755102,
        "top_5_accuracy": 0.673469387755102
    },
    "average": {
        "top_1_accuracy": 0.5860058309037901,
        "top_5_accuracy": 0.6151603498542274
    }
}