{
    "resnet34": {
        "top_1_accuracy": 0.5383779869659667,
        "top_5_accuracy": 0.7098117306299783
    },
    "resnet50": {
        "top_1_accuracy": 0.5961259956553222,
        "top_5_accuracy": 0.7606806661839247
    },
    "resnet101": {
        "top_1_accuracy": 0.6113323678493845,
        "top_5_accuracy": 0.7621288921071687
    },
    "inception_v3": {
        "top_1_accuracy": 0.5917813178855902,
        "top_5_accuracy": 0.774800868935554
    },
    "inception_v4": {
        "top_1_accuracy": 0.6097031136857349,
        "top_5_accuracy": 0.7722664735698769
    },
    "efficientnetv2_rw_s": {
        "top_1_accuracy": 0.5800144822592325,
        "top_5_accuracy": 0.751086169442433
    },
    "efficientnetv2_rw_m": {
        "top_1_accuracy": 0.6473569876900797,
        "top_5_accuracy": 0.8044895003620565
    },
    "efficientnet_b2": {
        "top_1_accuracy": 0.5854453294713975,
        "top_5_accuracy": 0.7804127443881246
    },
    "efficientnet_b3": {
        "top_1_accuracy": 0.6415640839971035,
        "top_5_accuracy": 0.8099203475742216
    },
    "efficientnet_b4": {
        "top_1_accuracy": 0.6569514844315714,
        "top_5_accuracy": 0.8186097031136857
    },
    "average": {
        "top_1_accuracy": 0.6058653149891382,
        "top_5_accuracy": 0.7744207096307024
    }
}