{
    "ssl_resnet50": {
        "top_1_accuracy": 0.5745836350470673,
        "top_5_accuracy": 0.7740767559739319
    },
    "convnext_small": {
        "top_1_accuracy": 0.6593048515568428,
        "top_5_accuracy": 0.8251267197682839
    },
    "convnext_base": {
        "top_1_accuracy": 0.694967414916727,
        "top_5_accuracy": 0.8468501086169442
    },
    "convnext_large": {
        "top_1_accuracy": 0.7311730629978277,
        "top_5_accuracy": 0.8756335988414192
    },
    "convnext_xlarge": {
        "top_1_accuracy": 0.7288196958725561,
        "top_5_accuracy": 0.8790731354091238
    },
    "convnextv2_base": {
        "top_1_accuracy": 0.7040188269370021,
        "top_5_accuracy": 0.8477552498189718
    },
    "convnextv2_large": {
        "top_1_accuracy": 0.71940622737147,
        "top_5_accuracy": 0.8741853729181752
    },
    "average": {
        "top_1_accuracy": 0.6874676735284991,
        "top_5_accuracy": 0.8461001344781215
    }
}