,top_1_accuracy,top_5_accuracy
ssl_resnet50,0.5745836350470673,0.7740767559739319
convnext_small,0.6593048515568428,0.8251267197682839
convnext_base,0.694967414916727,0.8468501086169442
convnext_large,0.7311730629978277,0.8756335988414192
convnext_xlarge,0.7288196958725561,0.8790731354091238
convnextv2_base,0.7040188269370021,0.8477552498189718
convnextv2_large,0.71940622737147,0.8741853729181752
average,0.6874676735284991,0.8461001344781215
