{
    "resnet34": {
        "top_1_accuracy": 0.4871469949312093,
        "top_5_accuracy": 0.6792179580014482
    },
    "resnet50": {
        "top_1_accuracy": 0.5338522809558292,
        "top_5_accuracy": 0.6998551774076756
    },
    "resnet101": {
        "top_1_accuracy": 0.5769370021723389,
        "top_5_accuracy": 0.7411296162201303
    },
    "inception_v3": {
        "top_1_accuracy": 0.524800868935554,
        "top_5_accuracy": 0.7069152787834903
    },
    "inception_v4": {
        "top_1_accuracy": 0.5758508327299059,
        "top_5_accuracy": 0.7501810282404056
    },
    "efficientnetv2_rw_s": {
        "top_1_accuracy": 0.5718682114409848,
        "top_5_accuracy": 0.7358797972483707
    },
    "efficientnetv2_rw_m": {
        "top_1_accuracy": 0.6279869659666908,
        "top_5_accuracy": 0.7912744388124547
    },
    "efficientnet_b2": {
        "top_1_accuracy": 0.5410934105720493,
        "top_5_accuracy": 0.7420347574221579
    },
    "efficientnet_b3": {
        "top_1_accuracy": 0.5796524257784215,
        "top_5_accuracy": 0.7572411296162201
    },
    "efficientnet_b4": {
        "top_1_accuracy": 0.6288921071687184,
        "top_5_accuracy": 0.7891020999275887
    },
    "average": {
        "top_1_accuracy": 0.5648081100651702,
        "top_5_accuracy": 0.7392831281679941
    }
}