,top_1_accuracy,top_5_accuracy
ssl_resnet50,0.5296886314265026,0.7165097755249819
convnext_small,0.6741491672700941,0.837074583635047
convnext_base,0.693519188993483,0.8406951484431572
convnext_large,0.7250181028240406,0.8718320057929037
convnext_xlarge,0.746017378711079,0.8832367849384504
convnextv2_base,0.6962346125995655,0.8350832729905865
convnextv2_large,0.7375090514120203,0.8702027516292542
average,0.6860194476052551,0.8363763318506258
