,top_1_accuracy,top_5_accuracy
ssl_resnet50,0.3178687930409569,0.5471185212033346
convnext_small,0.4200797390358826,0.6734324030445814
convnext_base,0.35121420804639364,0.7122145704965567
convnext_large,0.37948532076839436,0.7210945994925698
convnext_xlarge,0.4688292859731787,0.7656759695541863
convnextv2_base,0.43385284523378037,0.7473722363175064
convnextv2_large,0.3693367162015223,0.756614715476622
average,0.39152384404287266,0.7033604307979082
