{
    "ssl_resnet50": {
        "top_1_accuracy": 0.3178687930409569,
        "top_5_accuracy": 0.5471185212033346
    },
    "convnext_small": {
        "top_1_accuracy": 0.4200797390358826,
        "top_5_accuracy": 0.6734324030445814
    },
    "convnext_base": {
        "top_1_accuracy": 0.35121420804639364,
        "top_5_accuracy": 0.7122145704965567
    },
    "convnext_large": {
        "top_1_accuracy": 0.37948532076839436,
        "top_5_accuracy": 0.7210945994925698
    },
    "convnext_xlarge": {
        "top_1_accuracy": 0.4688292859731787,
        "top_5_accuracy": 0.7656759695541863
    },
    "convnextv2_base": {
        "top_1_accuracy": 0.43385284523378037,
        "top_5_accuracy": 0.7473722363175064
    },
    "convnextv2_large": {
        "top_1_accuracy": 0.3693367162015223,
        "top_5_accuracy": 0.756614715476622
    },
    "average": {
        "top_1_accuracy": 0.39152384404287266,
        "top_5_accuracy": 0.7033604307979082
    }
}